industry,standard_id,standard_label,standards_body,library_ref,mechanisms_referenced,pqc_readiness,use_case_ids,main_source,source_url,trusted_source_id,local_file,peer_reviewed,vetting_body,confidence_score,last_verified,status,deprecated_at,deprecated_reason
Cross-Industry,RFC-8446,TLS 1.3,IETF,RFC 8446,ECDH;X25519;RSA;ECDSA,in-progress,cross-web-tls,The Transport Layer Security (TLS) Protocol Version 1.3,https://www.rfc-editor.org/rfc/rfc8446.html,ietf,,yes,IETF,0.9,2026-07-29,active,,
Cross-Industry,RFC-5280,X.509 PKI certificate & CRL profile,IETF,RFC 5280,RSA,in-progress,cross-pki,Internet X.509 Public Key Infrastructure Certificate and CRL Profile,https://www.rfc-editor.org/rfc/rfc5280.html,ietf,,yes,IETF,0.9,2026-07-29,active,,
Cross-Industry,RFC-8551,S/MIME 4.0 message specification,IETF,RFC 8551,RSA;ECDSA;ECDH,in-progress,cross-email,Secure/Multipurpose Internet Mail Extensions (S/MIME) Version 4.0 Message Specification,https://www.rfc-editor.org/rfc/rfc8551.html,ietf,,yes,IETF,0.9,2026-07-29,active,,
Cross-Industry,FIPS-203,ML-KEM (FIPS 203),NIST,FIPS 203,ML-KEM,published,cross-web-tls;cross-vpn,Module-Lattice-Based Key-Encapsulation Mechanism Standard (ML-KEM),https://nvlpubs.nist.gov/nistpubs/FIPS/NIST.FIPS.203.pdf,nist-csrc,,yes,NIST,0.9,2026-07-29,active,,
Cross-Industry,FIPS-204,ML-DSA (FIPS 204),NIST,FIPS 204,ML-DSA,published,cross-pki;cross-code-signing,Module-Lattice-Based Digital Signature Standard (ML-DSA),https://nvlpubs.nist.gov/nistpubs/FIPS/NIST.FIPS.204.pdf,nist-csrc,,yes,NIST,0.9,2026-07-29,active,,
Cross-Industry,FIPS-205,SLH-DSA (FIPS 205),NIST,FIPS 205,SLH-DSA,published,cross-code-signing,Stateless Hash-Based Digital Signature Standard (SLH-DSA),https://nvlpubs.nist.gov/nistpubs/FIPS/NIST.FIPS.205.pdf,nist-csrc,,yes,NIST,0.9,2026-07-29,active,,
Cross-Industry,FIPS-206,"FN-DSA (FIPS 206, draft)",NIST,FIPS 206,FN-DSA,in-progress,,FFT over NTRU-Lattice-Based Digital Signature Algorithm (FN-DSA),https://csrc.nist.gov/projects/post-quantum-cryptography,nist-csrc,,yes,NIST,0.9,2026-07-29,active,,
Cross-Industry,NIST-SP-800-227,Recommendations for KEMs,NIST,NIST SP 800-227,ML-KEM,published,cross-vpn,Recommendations for Key-Encapsulation Mechanisms,https://nvlpubs.nist.gov/nistpubs/SpecialPublications/NIST.SP.800-227.pdf,nist-csrc,,yes,NIST,0.9,2026-07-29,active,,
Cross-Industry,NIST-IR-8547,Transition to PQC standards (IPD),NIST,NIST IR 8547,RSA;ECDSA;ECDH;ML-KEM;ML-DSA;SLH-DSA,in-progress,cross-web-tls;cross-pki,Transition to Post-Quantum Cryptography Standards,https://csrc.nist.gov/pubs/ir/8547/ipd,nist-csrc,,yes,NIST,0.9,2026-07-29,active,,
Cross-Industry,RFC-9364,DNSSEC (BCP 237),IETF,RFC 9364,RSA;ECDSA,in-progress,,DNS Security Extensions (DNSSEC) — BCP 237,https://datatracker.ietf.org/doc/html/rfc9364,ietf,,yes,IETF,0.9,2026-07-29,active,,
Cross-Industry,BSI-TR-02102-3,BSI TR-02102-3 IPsec crypto recommendations,BSI,BSI TR-02102-3,ECDH;RSA,in-progress,cross-vpn,Cryptographic Mechanisms: Recommendations for IPsec,https://www.bsi.bund.de/SharedDocs/Downloads/EN/BSI/Publications/TechGuidelines/TG02102/BSI-TR-02102-3.pdf,bsi,,yes,BSI,0.9,2026-07-29,active,,
Government / Defense,CNSA-2.0,NSA CNSA 2.0 algorithm suite,NSA,NSA CNSA 2.0,ML-KEM;ML-DSA;LMS;XMSS,published,gov-nss;gov-classified,Commercial National Security Algorithm Suite 2.0,https://media.defense.gov/2025/May/30/2003728741/-1/-1/0/CSA_CNSA_2.0_ALGORITHMS.PDF,nsa-media,,yes,NSA,0.9,2026-07-29,active,,
Government / Defense,RFC-8603,CNSA suite TLS profile,IETF,RFC 8603,RSA;ECDSA;ECDH,in-progress,gov-nss,Commercial National Security Algorithm (CNSA) Suite Profile for TLS 1.2 and 1.3,https://www.rfc-editor.org/rfc/rfc8603.html,ietf,,yes,IETF,0.9,2026-07-29,active,,
Telecommunications,GSMA-PQ.03,GSMA PQ.03 PQC guidelines for telecom,GSMA,GSMA PQ.03 PQC Guidelines,ML-KEM;ML-DSA,published,telco-transport;telco-subscriber,Post-Quantum Cryptography Guidelines for Telecom Use Cases,https://www.gsma.com/newsroom/wp-content/uploads/PQ.03-Post-Quantum-Cryptography-Guidelines-for-Telecom-Use-Cases-v2.0-2.pdf,gsma,,yes,GSMA,0.9,2026-07-29,active,,
Telecommunications,NIST-CSWP-36A,Protecting subscriber identifiers (SUCI),NIST,NIST-CSWP-36A,ECDH,none,telco-suci,Protecting Subscriber Identifiers with Subscription Concealed Identifier (SUCI): Applying 5G Cybersecurity and Privacy Capabilities,https://nvlpubs.nist.gov/nistpubs/CSWP/NIST.CSWP.36A.pdf,nist-csrc,,yes,NIST,0.9,2026-07-29,active,,
Telecommunications,RFC-9370,Multiple key exchanges in IKEv2,IETF,RFC 9370,ECDH;X25519,published,telco-transport,Multiple Key Exchanges in IKEv2,https://www.rfc-editor.org/rfc/rfc9370.html,ietf,,yes,IETF,0.9,2026-07-29,active,,
Legal / Notary / eSignature,ETSI-TS-119-312,Cryptographic suites for e-signatures,ETSI,ETSI-TS-119-312-V2-1-1-Electronic-Signatures-and-Trust-Infra,RSA;ECDSA;ML-DSA;SLH-DSA;XMSS;LMS,published,leg-qes;leg-timestamp,ETSI TS 119 312 V2.1.1 - Electronic Signatures and Trust Infrastructures (ESI); Cryptographic Suites,https://www.etsi.org/deliver/etsi_ts/119300_119399/119312/02.01.01_60/ts_119312v020101p.pdf,etsi,,yes,ETSI,0.9,2026-07-30,active,,
IT Industry / Software,RFC-4253,SSH transport layer protocol,IETF,RFC 4253,RSA,published,it-ssh,The Secure Shell (SSH) Transport Layer Protocol,https://www.rfc-editor.org/rfc/rfc4253.html,ietf,,yes,IETF,0.9,2026-07-29,active,,
IT Industry / Software,RFC-9941,Hybrid ML-KEM key exchange in SSH,IETF,RFC 9941,ML-KEM;ECDH;X25519,published,it-ssh,Streamlined NTRU Prime sntrup761 Key Exchange for SSH,https://datatracker.ietf.org/doc/html/rfc9941,ietf,,yes,IETF,0.9,2026-07-29,active,,
IT Industry / Software,W3C-WebAuthn,Web Authentication (WebAuthn),W3C,W3C WebAuthn,ECDSA;RSA,in-progress,it-identity,Web Authentication: An API for accessing Public Key Credentials - Level 3,https://www.w3.org/TR/webauthn-3/,w3c,,yes,W3C,0.9,2026-07-29,active,,
Hardware Security Modules,PKCS11-3.2,PKCS #11 v3.2 (OASIS Standard),OASIS,PKCS11-V32-OS-OASIS,RSA;ECDSA;ECDH;ML-KEM;ML-DSA;SLH-DSA;LMS;XMSS,published,hsm-api,PKCS #11 Specification Version 3.2 (OASIS Standard),https://docs.oasis-open.org/pkcs11/pkcs11-spec/v3.2/os/pkcs11-spec-v3.2-os.html,oasis,,yes,OASIS,0.9,2026-07-29,active,,
Hardware Security Modules,KMIP-2.1,KMIP 2.1 (OASIS Standard),OASIS,KMIP-V2-1-OASIS,RSA;ECDSA;ECDH,in-progress,hsm-api,Key Management Interoperability Protocol (KMIP) Version 2.1,https://docs.oasis-open.org/kmip/kmip-spec/v2.1/os/kmip-spec-v2.1-os.html,oasis,,yes,OASIS,0.9,2026-07-29,active,,
Cloud Computing / Data Centers,KMIP-2.1-cloud,KMIP 2.1 (OASIS Standard),OASIS,KMIP-V2-1-OASIS,RSA;ECDSA;ECDH,in-progress,cloud-kms,Key Management Interoperability Protocol (KMIP) Version 2.1,https://docs.oasis-open.org/kmip/kmip-spec/v2.1/os/kmip-spec-v2.1-os.html,oasis,,yes,OASIS,0.9,2026-07-29,active,,
Education / Research,OpenID4VCI,OpenID for Verifiable Credential Issuance,OIDF,OpenID4VCI-Spec,ECDSA;RSA,in-progress,edu-credentials,OpenID for Verifiable Credential Issuance (OpenID4VCI),https://openid.net/specs/openid-4-verifiable-credential-issuance-1_0.html,openid-foundation,,yes,OIDF,0.9,2026-07-29,active,,
Rail / Transit,SUBSET-137,UNISIG SUBSET-137 on-line key management (ETCS),UNISIG/ERA,UNISIG-SUBSET-137-ERTMS-ETCS-On-line-Key-Management-FFFIS,RSA;ECDH,none,rail-etcs,UNISIG SUBSET-137 — ERTMS/ETCS On-line Key Management FFFIS,https://www.era.europa.eu/system/files/2023-01/sos3_index083_-_subset-137_v100.pdf,era-rail,,yes,UNISIG/ERA,0.9,2026-07-29,active,,
Media / Entertainment / DRM,AACS-Common-Crypto,AACS common cryptographic elements,AACS LA,AACS-Introduction-and-Common-Cryptographic-Elements-Book-Rev,RSA;ECDSA,none,media-drm,AACS Introduction and Common Cryptographic Elements Book (Rev 0.953),https://aacsla.com/wp-content/uploads/2019/02/AACS_Spec_Common_Final_0953.pdf,aacs,,yes,AACS LA,0.9,2026-07-29,active,,
Education / Research,W3C-VC-DM-2.0,W3C Verifiable Credentials Data Model 2.0,W3C,W3C-Verifiable-Credentials-Data-Model-v2-0,ECDSA,in-progress,edu-credentials,W3C Verifiable Credentials Data Model v2.0,https://www.w3.org/TR/vc-data-model-2.0/,w3c,,yes,W3C,0.9,2026-07-29,active,,
Telecommunications,GSMA-PQ.01,GSMA PQ.01 Post-Quantum Telco Network Impact Assessment,GSMA,GSMA-PQ01,RSA;ECDH;ECDSA;ML-KEM;ML-DSA,published,telco-transport;telco-certs,GSMA PQ.01 — Post Quantum Telco Network Impact Assessment Whitepaper v1.0 (2023-02-17),https://www.gsma.com/newsroom/wp-content/uploads/PQ.1-Post-Quantum-Telco-Network-Impact-Assessment-Whitepaper-Version1.0.pdf,gsma,,no,GSMA,0.85,2026-07-29,active,,
Cross-Industry,ENISA-Hybrid-PQC,ENISA hybridization of traditional crypto with PQC — standardisation status,ENISA,ENISA-Hybridization-Standardisation-Status,RSA;ECDH;ECDSA;ML-KEM;ML-DSA;FrodoKEM,published,cross-pki;cross-vpn,ENISA — Hybridization of Traditional Cryptographic Mechanisms with PQC: Standardisation Status (2026-04-30),https://certification.enisa.europa.eu/document/download/02f54596-6a99-4c9e-88c4-8c711ebff9c1_en?filename=ENISA%20report%20-%20Hybridization%20of%20traditional%20cryptographic%20mechanisms%20with%20PQC%20-%20Standardisation%20Status%20-%2030%20April%202026%20.pdf,enisa,,no,ENISA,0.85,2026-07-29,active,,
Healthcare / Pharmaceutical,ONC-170.315-d7,ONC Health IT Certification § 170.315(d)(7) End-User Device Encryption,ONC,ONC-Health-IT-Certification-Criterion-170-315-d-7-End-User-D,AES,none,hlth-devices,ONC Health IT Certification Companion Guide — § 170.315(d)(7) End-User Device Encryption,https://www.healthit.gov/test-method/end-user-device-encryption,hhs,,yes,ONC,0.9,2026-07-29,active,,
Healthcare / Pharmaceutical,ONC-170.315-d8,ONC Health IT Certification § 170.315(d)(8) Integrity,ONC,ONC-Health-IT-Certification-Criterion-170-315-d-8-Integrity,SHA,published,hlth-ehr,ONC Health IT Certification — § 170.315(d)(8) Integrity (45 CFR 170.210(c)(2)),https://www.healthit.gov/test-method/integrity,hhs,,yes,ONC,0.9,2026-07-29,active,,
Healthcare / Pharmaceutical,ONC-170.315-d9,ONC Health IT Certification § 170.315(d)(9) Trusted Connection,ONC,ONC-Health-IT-Certification-Criterion-170-315-d-9-Trusted-Co,SHA,published,hlth-ehr,ONC Health IT Certification — § 170.315(d)(9) Trusted Connection (45 CFR 170.210(c)(2)),https://www.healthit.gov/test-method/trusted-connection,hhs,,yes,ONC,0.9,2026-07-29,active,,
Internet of Things (IoT),Matter-1.6,Matter 1.6 Core Specification,Connectivity Standards Alliance,Matter-1-6-Core-Specification,ECDSA;AES;SHA,none,,"Matter 1.6 Core Specification (Connectivity Standards Alliance, 2026-06)",https://csa-iot.org/wp-content/uploads/2026/06/23-27349-011_Matter-1.6-Core-Specification.pdf,csa-iot,,yes,Connectivity Standards Alliance,0.9,2026-07-29,active,,
Telecommunications,ATIS-5G-Quantum,ATIS — Preparing 5G for the Quantum Era,ATIS,ATIS-Preparing-5G-for-the-Quantum-Era-An-Analysis-of-3GPP-Ar,RSA;ECDSA;ECDH;ML-KEM;ML-DSA,in-progress,telco-suci;telco-transport,ATIS — Preparing 5G for the Quantum Era: An Analysis of 3GPP Architecture (2025-02),https://cdn.atis.org/atis.org/2025/02/25152429/Preparing-5G-for-the-Quantum-Era-WP-V9.pdf,,,no,ATIS,0.85,2026-07-29,active,,
