industry,use_case_id,use_case_label,use_case_icon,protocols,classical_mechanisms,pqc_mechanisms,migration_status,summary,related_standards,main_source,source_url,trusted_source_id,local_file,peer_reviewed,vetting_body,confidence_score,last_verified,status,deprecated_at,deprecated_reason,learn_module_id,playground_tools,mechanism_refs
Aerospace / Aviation,aero-avionics-pki,Avionics & flight-system authentication,Cpu,x509,RSA;ECDSA,ML-DSA,none,"Aircraft avionics rely on RSA/ECDSA PKI (ARINC 664 networks, flight management systems) with 30–40-year service lives and no practical mid-life crypto retrofit path (RTCA DO-326A/DO-356A airworthiness security processes).",,ICAO Assembly Resolution A41-19,https://www.icao.int/sites/default/files/sp-files/aviationcybersecurity/Documents/A41-19.pdf,icao,threats/AERO-003.pdf,no,ICAO,0.85,2026-07-29,active,,,aerospace-pqc,pki-workshop;hybrid-certs;cert-capacity,RFC 5280;RFC 9881
Aerospace / Aviation,aero-satcom,Satellite communications & ground links,Satellite,ike-ipsec;tls-1-3,RSA;ECDSA;ECDH,ML-KEM;ML-DSA,pilot,Military and commercial satellite uplinks/downlinks use RSA/ECDSA with 15–25-year operational lifespans; NSA CNSA 2.0 mandates quantum-resistant algorithms for national-security space systems by 2033.,CNSA-2.0,NSA CNSA 2.0 Cybersecurity Advisory,https://media.defense.gov/2025/May/30/2003728741/-1/-1/0/CSA_CNSA_2.0_ALGORITHMS.PDF,nsa-media,threats/AERO-002.pdf,yes,ISO,0.85,2026-07-29,active,,,aerospace-pqc,vpn-sim;tls-simulator;openssl-studio,IETF RFC 7296;draft-ietf-ipsecme-ikev2-pqc-auth-08;RFC 8784;draft-ietf-tls-ecdhe-mlkem-05
Aerospace / Aviation,aero-atc-datalink,Air-traffic control data links (ADS-B/ACARS),Radio,,ECDSA;ECDH,ML-KEM,none,ADS-B broadcasts are unauthenticated and ACARS messaging uses legacy RSA-based protection; ICAO Assembly Resolution A41-19 frames the aviation cybersecurity obligations these links fall under.,,ICAO Assembly Resolution A41-19,https://www.icao.int/sites/default/files/sp-files/aviationcybersecurity/Documents/A41-19.pdf,icao,threats/AERO-003.pdf,no,ICAO,0.85,2026-08-13,active,,,aerospace-pqc,cert-capacity,IACR-2024-046-Aviation-Quantum-Secure
Automotive / Connected Vehicles,auto-v2x,V2X message signing (IEEE 1609.2),Antenna,x509,ECDSA,ML-DSA,draft,Vehicle-to-everything messages are signed with ECDSA P-256 under IEEE 1609.2 certificate hierarchies; a PQC amendment for V2X is in progress while ISO/SAE 21434 governs the vehicle cybersecurity lifecycle.,,ISO/SAE 21434 Road Vehicle Cybersecurity,https://www.iso.org/standard/70918.html,iso-iec-sc27,threats/AUTO-001.html,yes,ISO,0.85,2026-07-29,active,,,automotive-pqc,pki-workshop;cert-capacity;hybrid-certs,RFC 9881
Automotive / Connected Vehicles,auto-secure-boot,ECU secure boot & OTA update signing,ShieldCheck,uefi,RSA;ECDSA,ML-DSA;LMS,draft,ECU firmware verification and over-the-air update signing chains use RSA/ECDSA today; hash-based (LMS) and ML-DSA signing are the candidate replacements for long-lived vehicle platforms whose cybersecurity lifecycle ISO/SAE 21434 governs.,,ISO/SAE 21434 Road Vehicle Cybersecurity,https://www.iso.org/standard/70918.html,iso-iec-sc27,threats/AUTO-001.html,yes,ISO,0.85,2026-08-13,active,,,automotive-pqc,firmware-signing;lms-hss;sbx-firmware-hss,UEFI-SPEC-2.10-SecureBoot;NIST SP 800-208;FIPS 204
Automotive / Connected Vehicles,auto-telematics,Telematics & connected-car cloud APIs,Smartphone,tls-1-3;tls-1-2,RSA;ECDSA;ECDH;X25519,ML-KEM,production,Connected-car telematics and OTA delivery ride on TLS where hybrid ML-KEM key establishment is already deployable; UNECE R155/R156 make cybersecurity and software-update management type-approval requirements.,,UNECE WP.29 Regulations R155/R156,https://eur-lex.europa.eu/legal-content/EN/TXT/?uri=CELEX%3A42021X0387,unece,threats/AUTO-003.html,no,,0.85,2026-07-29,active,,,automotive-pqc,tls-simulator;openssl-studio;sbx-tls,RFC-9846-The-Transport-Layer-Security-TLS-Protocol-Version-1;draft-ietf-tls-ecdhe-mlkem-05
Automotive / Connected Vehicles,auto-invehicle,In-vehicle networks & HSM key storage,Cpu,macsec,ECDH;ECDSA,,none,"In-vehicle Ethernet security, CAN authentication, and automotive HSM key storage rely on classical ECC with no deployed PQC path yet.",,ISO/SAE 21434 Road Vehicle Cybersecurity,https://www.iso.org/standard/70918.html,iso-iec-sc27,threats/AUTO-004.html,yes,ISO,0.85,2026-08-13,active,,,automotive-pqc,kdf-derivation;hsm-capacity,AUTOSAR-CP-SWS-CryptoDriver-R23-11
Cloud Computing / Data Centers,cloud-kms,Cloud KMS / BYOK key wrapping,KeyRound,kmip;pkcs11,RSA;ECDH,ML-KEM,draft,"Cloud key-management services, BYOK/HYOK import, and secrets management wrap keys under RSA/ECDH; KEM-based wrapping is arriving through PKCS#11 v3.2 and KMIP profile work.",KMIP-2.1,Cloud Security Alliance — A Practitioner's Guide to Post-Quantum Cryptography,https://cloudsecurityalliance.org/artifacts/a-practitioners-guide-to-post-quantum-cryptography,csa-cloud,threats/CLOUD-002.html,no,Cloud Security Alliance,0.85,2026-08-13,active,,,kms-pqc,envelope-encrypt;cacp-kmip;sbx-cloud-kms,KMIP-V2-1-OASIS;FIPS 203
Cloud Computing / Data Centers,cloud-tenant-tls,Tenant-facing TLS & API endpoints,Globe,tls-1-3,RSA;ECDSA;ECDH;X25519,ML-KEM,production,"Hyperscaler front doors terminate TLS for tenant workloads; hybrid X25519+ML-KEM key establishment is in production across major clouds, and NIST IR 8547 frames the federal transition expectations.",NIST-IR-8547,NIST IR 8547 / NIST SP 800-210,https://nvlpubs.nist.gov/nistpubs/ir/2024/NIST.IR.8547.ipd.pdf,nist-csrc,threats/CLOUD-003.pdf,yes,NIST,0.85,2026-07-29,active,,,kms-pqc,tls-simulator;sbx-tls;sbx-browser-tls,RFC-9846-The-Transport-Layer-Security-TLS-Protocol-Version-1;draft-ietf-tls-ecdhe-mlkem-05
Cloud Computing / Data Centers,cloud-hsm-roots,Cloud HSM root keys & FIPS modules,Server,pkcs11,RSA;ECDSA,ML-KEM;ML-DSA,pilot,"Cloud HSM root keys, tenant isolation keys, and FIPS 140-3 module boundaries anchor on RSA/ECDSA; PQC key types are entering validated modules (NIST SP 800-210 covers cloud access-control expectations).",,NIST SP 800-210 Cloud Access Control,https://nvlpubs.nist.gov/nistpubs/SpecialPublications/NIST.SP.800-210.pdf,nist-csrc,threats/CLOUD-004.pdf,yes,NIST,0.85,2026-07-29,active,,,kms-pqc,hsm-capacity;token-migration;sbx-hsm-perf-bench,PKCS11-V32-OS-OASIS
Cloud Computing / Data Centers,cloud-backup,Backup & disaster-recovery encryption,Database,tls-1-2,RSA;ECDH,ML-KEM,none,"Backup key wrapping, archival storage TLS, and cross-region replication carry harvest-now-decrypt-later exposure because archived ciphertext outlives the classical keys protecting it.",,Cloud Security Alliance — A Practitioner's Guide to Post-Quantum Cryptography,https://cloudsecurityalliance.org/artifacts/a-practitioners-guide-to-post-quantum-cryptography,csa-cloud,threats/CLOUD-001.html,no,Cloud Security Alliance,0.85,2026-08-13,active,,,kms-pqc,envelope-encrypt;sbx-sops,RFC 9151;FIPS 203
Critical Infrastructure / Energy,energy-scada,SCADA & substation automation (IEC 61850/62351),Factory,tls-1-2,RSA;ECDSA;ECDH,,none,"Power-system communications secured per IEC 62351 (RSA-based SCADA authentication, ECDSA in IEC 61850 GOOSE/MMS, DNP3 Secure Authentication) have no standardized PQC profile yet.",,IEC 62351-3/-5/-9 (Power Systems Security),https://webstore.iec.ch/publication/6912,iec,threats/ENERGY-001.html,no,,0.85,2026-08-13,active,,,energy-utilities-pqc,tls-simulator;openssl-studio,RFC 9151
Critical Infrastructure / Energy,energy-nuclear,Nuclear I&C and safeguards data,ShieldAlert,,RSA;ECDSA,,none,Nuclear safety-system digital I&C and safeguards data encryption fall under NRC 10 CFR 73.54 cybersecurity requirements; the cryptography is classical and long-lived.,,NRC Cybersecurity Requirements (10 CFR 73.54),https://www.ecfr.gov/current/title-10/chapter-I/part-73/section-73.54,nrc,threats/ENERGY-002.html,no,,0.85,2026-08-13,active,,,energy-utilities-pqc,,arXiv-2602-21524-Quantum-Attacks-Nuclear
Critical Infrastructure / Energy,energy-ami,Smart metering / AMI PKI,Gauge,x509,RSA;ECDSA;ECDH,,none,"Advanced metering infrastructure meshes, smart-meter PKI, and PMU authentication use device certificates that must survive multi-decade field deployments.",,University of Toronto Smart Grid Security Research,https://www.utoronto.ca/news/u-t-researcher-leads-effort-protect-power-utilities-quantum-attacks,gri,threats/ENERGY-003.html,no,,0.85,2026-07-29,active,,,energy-utilities-pqc,pki-workshop;pki-enrollment;cert-capacity,RFC 5280;RFC 9881;draft-ietf-lamps-pq-composite-kem-16
Critical Infrastructure / Energy,energy-pipeline,Pipeline & OT remote-access VPNs,Cable,ike-ipsec,RSA;ECDH,ML-KEM,pilot,Pipeline monitoring and OT remote access ride IPsec/IKEv2 VPNs where post-quantum key mixing (RFC 8784) and multiple key exchanges (RFC 9370) are already standardized.,,IEC 62443 Industrial Automation Security,https://www.isa.org/standards-and-publications/isa-standards/isa-iec-62443-series-of-standards,iec,threats/ENERGY-004.html,no,,0.85,2026-07-29,active,,,energy-utilities-pqc,vpn-sim;sbx-vpn,IETF RFC 7296;RFC 8784;draft-wang-ipsecme-kem-auth-ikev2-03
Cross-Industry,cross-web-tls,Web & API TLS everywhere,Globe,tls-1-3;tls-1-2,RSA;ECDSA;ECDH;X25519,ML-KEM,production,"TLS is the universal transport protection for web and API traffic in every sector; hybrid X25519+ML-KEM key establishment is deployed at internet scale, and NIST IR 8547 sets the classical deprecation trajectory.",RFC-8446;FIPS-203;NIST-IR-8547,"NIST IR 8547 (IPD, Nov 2024)",https://nvlpubs.nist.gov/nistpubs/ir/2024/NIST.IR.8547.ipd.pdf,nist-csrc,threats/CROSS-002.pdf,yes,NIST,0.85,2026-07-29,active,,,,tls-simulator;sbx-tls;sbx-browser-tls;sbx-ab-handshake-bench,RFC-9846-The-Transport-Layer-Security-TLS-Protocol-Version-1;draft-ietf-tls-ecdhe-mlkem-05
Cross-Industry,cross-pki,Enterprise PKI & X.509 certificates,KeyRound,x509;est-cmp,RSA;ECDSA,ML-DSA;SLH-DSA,draft,"X.509 certificate hierarchies (roots, intermediates, issuance protocols) run on RSA/ECDSA; ML-DSA and SLH-DSA certificate profiles are advancing through IETF LAMPS.",RFC-5280;FIPS-204;FIPS-205,"NIST IR 8547 (IPD, Nov 2024)",https://nvlpubs.nist.gov/nistpubs/ir/2024/NIST.IR.8547.ipd.pdf,nist-csrc,threats/CROSS-002.pdf,yes,NIST,0.85,2026-07-29,active,,,,pki-workshop;pki-enrollment;hybrid-certs;sbx-pki,RFC 5280;RFC 9881;RFC-9909
Cross-Industry,cross-email,Email security (S/MIME),Mail,smime,RSA;ECDSA;ECDH,ML-KEM;ML-DSA,draft,S/MIME signing and encryption use RSA/ECC via CMS; KEM-based CMS (RFC 9629) and composite ML-KEM/ML-DSA drafts define the migration path.,RFC-8551,"NIST IR 8547 (IPD, Nov 2024)",https://nvlpubs.nist.gov/nistpubs/ir/2024/NIST.IR.8547.ipd.pdf,nist-csrc,threats/CROSS-002.pdf,yes,NIST,0.85,2026-07-29,active,,,,email-signing;sbx-smime,RFC 8551;RFC-9936;RFC 9882
Cross-Industry,cross-code-signing,Software & code signing,FileSignature,sigstore,RSA;ECDSA,ML-DSA;SLH-DSA;LMS,pilot,"Code-signing roots, transparency logs, and firmware signing use RSA/ECDSA; hash-based signatures (LMS/SLH-DSA) and ML-DSA are the standardized replacements, with supply-chain frameworks (SLSA) raising the integrity bar.",FIPS-204;FIPS-205,SLSA Supply Chain Security Framework (OpenSSF),https://slsa.dev/spec/v1.0/levels,openssf,threats/IT-004.html,no,,0.85,2026-07-29,active,,,,firmware-signing;slh-dsa;lms-hss;sbx-osslsigncode,RFC 9882;NIST SP 800-208
Cross-Industry,cross-vpn,Remote-access & site-to-site VPN,Shield,ike-ipsec;wireguard,RSA;ECDH;X25519,ML-KEM,pilot,"Enterprise VPNs (IPsec/IKEv2, WireGuard) depend on classical key exchange; NIST SP 800-227 sets KEM usage recommendations and IKEv2 already has standardized post-quantum extensions.",NIST-SP-800-227;RFC-9370,NIST SP 800-227 Recommendations for KEMs,https://csrc.nist.gov/pubs/sp/800/227/final,nist-csrc,threats/CROSS-008.html,yes,NIST,0.85,2026-07-29,active,,,,vpn-sim;sbx-vpn,IETF RFC 7296;RFC 8784;RFC 9370;Rosenpass-Protocol
Cryptocurrency / Blockchain,crypto-tx-signing,Transaction signing (secp256k1),Bitcoin,,ECDSA,,none,Bitcoin and most chains sign transactions with secp256k1 ECDSA; P2PK outputs and any address whose public key is revealed on first spend are directly quantum-exposed.,,Federal Reserve HNDL Paper,https://www.federalreserve.gov/econres/feds/harvest-now-decrypt-later-examining-post-quantum-cryptography-and-the-data-privacy-risks-for-distributed-ledger-networks.htm,federal-reserve,threats/CRYPTO-001.html,no,,0.85,2026-07-29,active,,,digital-assets,bitcoin-flow;hybrid-sigs,SEC2-v2
Cryptocurrency / Blockchain,crypto-custody,Exchange & custody key management,Wallet,pkcs11;kmip,ECDSA;RSA;ECDH,ML-KEM,none,Institutional custody stacks keep secp256k1 keys in HSMs with RSA/ECDH key wrapping; the Federal Reserve's HNDL analysis covers the RSA/ECDSA/ECDH exposure across blockchain infrastructure.,,Federal Reserve Board FEDS Paper September 2025,https://www.federalreserve.gov/econres/feds/harvest-now-decrypt-later-examining-post-quantum-cryptography-and-the-data-privacy-risks-for-distributed-ledger-networks.htm,federal-reserve,threats/CRYPTO-003.html,no,,0.85,2026-07-29,active,,,digital-assets,hd-wallet;hsm-capacity;cacp-kmip,PKCS11-V32-OS-OASIS
Cryptocurrency / Blockchain,crypto-consensus,Validator & consensus signatures,Network,,ECDSA,ML-DSA,none,"Proof-of-stake consensus and account abstraction roadmaps (Ethereum) contemplate post-quantum signature migration, but BLS/ECDSA remain in production today.",,Ethereum Foundation roadmap (account abstraction track),https://ethereum.org/roadmap/account-abstraction/,eth-foundation,threats/CRYPTO-002.html,no,,0.85,2026-08-13,active,,,digital-assets,solana-flow;hybrid-sigs,BIP-340;FIPS 204
Education / Research,edu-sis,Student information systems & LMS,BookOpen,tls-1-3,RSA;ECDSA;ECDH,ML-KEM,production,Student records protected under FERPA ride TLS between SIS/LMS platforms and browsers; hybrid key establishment is available wherever the platform's TLS stack is current.,,FERPA / US Department of Education,https://studentprivacy.ed.gov/ferpa,us-doe-ed,threats/EDU-001.html,no,,0.85,2026-07-29,active,,,research-quantum-impact,tls-simulator;sbx-tls,RFC-9846-The-Transport-Layer-Security-TLS-Protocol-Version-1;draft-ietf-tls-ecdhe-mlkem-05
Education / Research,edu-federation,Identity federation (SAML/eduroam),Fingerprint,eap-radius;x509,RSA;ECDSA,,none,Research-and-education federations sign SAML metadata with RSA-4096 and authenticate eduroam via certificate-based EAP; no PQC profile is deployed in the federation trust fabric yet.,,Internet2 InCommon Federation / Jisc Trust and Identity,https://incommon.org/about,internet2,threats/EDU-002.html,no,,0.85,2026-07-29,active,,,research-quantum-impact,cert-capacity;pki-workshop,RFC 5280;RFC 9881
Education / Research,edu-credentials,Digital diplomas & verifiable credentials,Award,jose;cose,ECDSA;RSA,ML-DSA,draft,W3C Verifiable Credentials envelope academic credentials in JOSE/COSE signatures (ECDSA/EdDSA/RSA-PSS); PQ/T composite signature drafts for JOSE/COSE define the upgrade path.,OpenID4VCI,W3C Verifiable Credentials Data Model 2.0,https://www.w3.org/TR/vc-data-model-2.0/,w3c,threats/EDU-003.html,no,,0.85,2026-07-29,active,,,research-quantum-impact,api-security-jwt;digital-id,RFC 7515;draft-ietf-jose-pqc-kem
Education / Research,edu-research-data,Research data protection (CUI),FlaskConical,tls-1-3;ssh,RSA;ECDSA;ECDH,ML-KEM,pilot,"Controlled unclassified research data falls under NIST SP 800-171 Rev. 3; repositories and HPC access paths (TLS, SSH) already have hybrid PQC options.",,NIST SP 800-171 Rev. 3 — Protecting Controlled Unclassified Information,https://csrc.nist.gov/pubs/sp/800/171/r3/final,nist-csrc,threats/EDU-004.pdf,yes,NIST,0.85,2026-07-29,active,,,research-quantum-impact,pqc-ssh-sim;sbx-ssh;tls-simulator,RFC-9846-The-Transport-Layer-Security-TLS-Protocol-Version-1;draft-ietf-tls-ecdhe-mlkem-05
Financial Services / Banking,fin-interbank,Interbank payments & settlement (SWIFT/RTGS),Banknote,x509;tls-1-2,RSA;ECDSA,ML-DSA,pilot,"SWIFTNet PKI, Fedwire, and Eurosystem T2 settlement authenticate with RSA certificates; BIS Project Leap has demonstrated quantum-safe interbank messaging end to end.",,Bank for International Settlements Project Leap Phase 2,https://www.bis.org/publ/othp107.htm,bis,threats/FIN-001.html,no,,0.85,2026-07-29,active,,,emv-payment-pqc,pki-workshop;tls-simulator;hybrid-certs,RFC 5280;RFC 9881
Financial Services / Banking,fin-customer,Digital banking channels,Smartphone,tls-1-3,RSA;ECDSA;ECDH;X25519,ML-KEM,production,Customer-facing banking apps and portals ride TLS where hybrid ML-KEM is production-ready; FS-ISAC urges coordinated migration timelines across the sector.,,FS-ISAC — The Timeline for Post Quantum Cryptographic Migration,https://www.fsisac.com/newsroom/fs-isac-urges-global-coordination-for-migration-to-post-quantum-cryptography-in-financial-services,fs-isac,threats/FIN-005.html,no,,0.85,2026-07-29,active,,,emv-payment-pqc,tls-simulator;sbx-tls;sbx-browser-tls,RFC-9846-The-Transport-Layer-Security-TLS-Protocol-Version-1;draft-ietf-tls-ecdhe-mlkem-05
Financial Services / Banking,fin-hsm,HSM key management & wrapping,KeyRound,pkcs11;kmip,RSA;ECDH,ML-KEM,draft,Payment and banking HSAM estates wrap working keys under RSA/ECDH; PCI DSS v4 key-management requirements meet PQC through PKCS#11 v3.2 mechanism support.,,PCI DSS v4.0.1,https://www.middlebury.edu/sites/default/files/2025-01/PCI-DSS-v4_0_1.pdf,pci-ssc,threats/FIN-004.pdf,yes,PCI Security Standards Council,0.85,2026-08-13,active,,,emv-payment-pqc,envelope-encrypt;hsm-capacity;cacp-kmip;sbx-hsm-perf-bench,PKCS11-V32-OS-OASIS;KMIP-V2-1-OASIS
Financial Services / Banking,fin-archives,Long-term records & HNDL exposure,Archive,tls-1-2,RSA;ECDH,ML-KEM,none,Archived financial records and recorded transport sessions are harvest-now-decrypt-later targets; the Federal Reserve's HNDL analysis quantifies the exposure window for the sector.,NIST-IR-8547,Federal Reserve Board FEDS Paper September 2025,https://www.federalreserve.gov/econres/feds/harvest-now-decrypt-later-examining-post-quantum-cryptography-and-the-data-privacy-risks-for-distributed-ledger-networks.htm,federal-reserve,threats/FIN-002.html,no,,0.85,2026-08-13,active,,,emv-payment-pqc,envelope-encrypt;sbx-migration-impact,RFC 9151;FIPS 203
Government / Defense,gov-nss,National security systems (CNSA 2.0),Shield,tls-1-3;ike-ipsec;ssh,RSA;ECDSA;ECDH,ML-KEM;ML-DSA;LMS;XMSS,pilot,"NSA CNSA 2.0 mandates ML-KEM-1024, ML-DSA-87, and hash-based firmware signing across national security systems, with non-compliant equipment phased out by the early 2030s.",CNSA-2.0;RFC-8603,NSA CNSA 2.0 Cybersecurity Advisory,https://media.defense.gov/2025/May/30/2003728741/-1/-1/0/CSA_CNSA_2.0_ALGORITHMS.PDF,nsa-media,threats/GOV-001.pdf,yes,ISO,0.85,2026-07-29,active,,,government-defense-pqc,tls-simulator;vpn-sim;pqc-ssh-sim;lms-hss,RFC-9846-The-Transport-Layer-Security-TLS-Protocol-Version-1;draft-ietf-tls-ecdhe-mlkem-05;draft-ietf-tls-mldsa-04;draft-ietf-ipsecme-ikev2-pqc-auth-08;draft-ietf-tls-hybrid-design-16
Government / Defense,gov-fpki,Federal PKI & document signing,Landmark,x509;est-cmp,RSA;ECDSA,ML-DSA,draft,The US Federal PKI issues RSA-2048/4096 and ECDSA P-256/P-384 certificates government-wide; ML-DSA certificate profiles from IETF LAMPS are the designated successors.,RFC-5280;FIPS-204,Federal PKI Policy Authority,https://www.idmanagement.gov/fpki/,fpki,threats/GOV-004.html,no,,0.85,2026-07-29,active,,,government-defense-pqc,pki-workshop;pki-enrollment;sbx-pki,RFC 5280;RFC 9881
Government / Defense,gov-classified,Classified communications & NC3,Lock,ike-ipsec,ECDH;RSA,ML-KEM,pilot,Strategic and classified communication systems depend on public-key key establishment whose compromise horizon is measured in decades — the driving case for CNSA 2.0's timeline.,CNSA-2.0,NSA CNSA 2.0 Cybersecurity Advisory,https://media.defense.gov/2025/May/30/2003728741/-1/-1/0/CSA_CNSA_2.0_ALGORITHMS.PDF,nsa-media,threats/GOV-005.pdf,yes,ISO,0.85,2026-08-13,active,,,government-defense-pqc,vpn-sim;sbx-vpn,RFC 8784;IETF RFC 7296;FIPS 203
Government / Defense,gov-procurement,COTS procurement & supply chain,Package,,,,draft,"CISA's product-category guidance tells agencies which COTS categories must land PQC support first, making procurement the enforcement point for federal migration.",,CISA Product Categories for PQC Technologies,https://www.cisa.gov/resources-tools/resources/product-categories-technologies-use-post-quantum-cryptography-standards,cisa,threats/GOV-003.html,no,CISA,0.85,2026-07-29,active,,,government-defense-pqc,sbx-cbom-compliance;sbx-supply-chain-signing;sbx-migration-impact,
Healthcare / Pharmaceutical,hlth-ehr,EHR & health-information exchange,Stethoscope,tls-1-3;tls-1-2,RSA;ECDSA;ECDH,ML-KEM,pilot,Electronic health records and HIE transport are protected under the HIPAA Security Rule's encryption specifications; patient data's decades-long sensitivity makes HNDL a first-order risk.,,HHS HIPAA Security Rule,https://www.ecfr.gov/current/title-45/subtitle-A/subchapter-C/part-164/subpart-C,hhs,threats/HLTH-001.html,no,,0.85,2026-07-29,active,,,healthcare-pqc,tls-simulator;sbx-tls;sbx-database-postgres,RFC-9846-The-Transport-Layer-Security-TLS-Protocol-Version-1;draft-ietf-tls-ecdhe-mlkem-05
Healthcare / Pharmaceutical,hlth-devices,Medical-device firmware & authentication,Activity,x509;cose,RSA;ECDSA,ML-DSA;LMS,draft,FDA premarket cybersecurity guidance requires secure update mechanisms for devices whose field lives exceed classical-crypto safety margins; hash-based and ML-DSA signing are the migration path.,,FDA Premarket Cybersecurity Guidance 2023,https://www.fda.gov/regulatory-information/search-fda-guidance-documents/cybersecurity-medical-devices-quality-system-considerations-and-content-premarket-submissions,fda,threats/HLTH-003.html,no,,0.85,2026-07-29,active,,,healthcare-pqc,firmware-signing;lms-hss;cert-capacity,RFC 5280;RFC 9881;RFC 9053
Healthcare / Pharmaceutical,hlth-implants,Implantable & wearable devices (BLE),Bluetooth,,ECDH,,none,Implantables and wearables use embedded ECC over Bluetooth LE with severe compute and battery constraints — among the hardest PQC retrofit cases in any sector.,,"FDA — DSCSA Standards for the Interoperable Exchange of Information for Tracing (Guidance for Industry, Sept 2023)",https://www.fda.gov/media/171796/download,fda,threats/HLTH-004.pdf,no,FDA,0.85,2026-07-29,active,,,healthcare-pqc,cert-capacity,BLE-Key-Negotiation-Downgrade-2020;BLE-Low-Entropy-Key-Negotiation-2019
Healthcare / Pharmaceutical,hlth-supply,Pharma supply chain (DSCSA/EPCIS),Pill,x509,RSA;ECDSA,,none,US DSCSA interoperability rests on EPCIS event signatures and manufacturer PKI for product verification; signatures anchoring provenance must remain verifiable for years.,,FDA Drug Supply Chain Security Act (DSCSA),https://www.fda.gov/drugs/drug-supply-chain-integrity/drug-supply-chain-security-act-dscsa,csa-cloud,threats/HLTH-005.html,no,,0.85,2026-07-29,active,,,healthcare-pqc,pki-workshop;sbx-supply-chain-signing,RFC 5280;RFC 9881
Hardware Security Modules,hsm-keygen,PQC key generation & side-channel hardening,Cpu,pkcs11,RSA;ECDSA;ECDH,ML-KEM;ML-DSA;FN-DSA,pilot,HSMs generating ML-KEM/FN-DSA keys need fault and side-channel countermeasures that FIPS 140-3 physical-security requirements were not originally written for.,FIPS-206,NIST FIPS 140-3 Physical Security Requirements / IACR PQC fault attack research,https://csrc.nist.gov/csrc/media/Projects/cryptographic-module-validation-program/documents/fips%20140-3/FIPS%20140-3%20IG.pdf,nist-csrc,threats/HSM-001.pdf,yes,NIST,0.85,2026-08-13,active,,,hsm-pqc,hsm-capacity;entropy-test;sbx-hsm-perf-bench,FIPS 206;PKCS11-V32-OS-OASIS
Hardware Security Modules,hsm-api,PKCS#11 / KMIP interface migration,Plug,pkcs11;kmip,RSA;ECDSA;ECDH,ML-KEM;ML-DSA;SLH-DSA;LMS;XMSS,production,"PKCS#11 v3.2 (OASIS Standard) defines mechanisms for ML-KEM, ML-DSA, SLH-DSA, and stateful hash-based signatures — the API layer of the HSM migration is standardized.",PKCS11-3.2;KMIP-2.1,PKCS#11 v3.2 Specification / NIST SP 800-227,https://docs.oasis-open.org/pkcs11/pkcs11-spec/v3.2/cs01/pkcs11-spec-v3.2-cs01.html,oasis,threats/HSM-002.html,yes,OASIS PKCS#11 Technical Committee,0.85,2026-08-13,active,,,hsm-pqc,cacp-kmip;token-migration;sbx-pqctoday-kmip,PKCS11-V32-OS-OASIS;KMIP-V2-1-OASIS
Hardware Security Modules,hsm-roots,Root-of-trust & firmware signing,ShieldCheck,tpm;uefi,RSA;ECDSA,ML-DSA;LMS,draft,"Device roots of trust (TPM, UEFI Secure Boot) verify firmware with RSA/ECDSA; hash-based signatures are the recommended first PQC step for firmware because of their conservative security case.",,NIST FIPS 140-3 Physical Security Requirements / IACR PQC fault attack research,https://csrc.nist.gov/csrc/media/Projects/cryptographic-module-validation-program/documents/fips%20140-3/FIPS%20140-3%20IG.pdf,nist-csrc,threats/HSM-001.pdf,yes,NIST,0.85,2026-08-13,active,,,hsm-pqc,tpm-playground;firmware-signing;lms-hss;sbx-tpm-pqc-migration,TCG-TPM-V185-Part1;UEFI-SPEC-2.10-SecureBoot;NIST SP 800-208
Internet of Things (IoT),iot-provisioning,Device identity & provisioning,QrCode,x509;tls-1-2,ECDSA;RSA,ML-DSA,none,IoT device identity rests on factory-provisioned ECDSA/RSA certificates in devices that often cannot be re-keyed after deployment; NIST SP 800-213 and NISTIR 8259A define the device cybersecurity capability baseline this migration runs through.,,NIST SP 800-213 + NISTIR 8259A,https://nvlpubs.nist.gov/nistpubs/SpecialPublications/NIST.SP.800-232.pdf,nist-csrc,threats/IOT-005.pdf,yes,NIST,0.85,2026-07-29,active,,,iot-ot-pqc,pki-enrollment;cert-capacity;sbx-stepca,RFC 9881;RFC 5280
Internet of Things (IoT),iot-industrial,Industrial IoT (OPC UA / IEC 62443),Factory,tls-1-2,RSA;ECDSA,,none,OPC UA security policies and IEC 62443 conformance anchor industrial device authentication on RSA/ECDSA with multi-decade plant lifecycles.,,IEC 62443 Industrial Automation Security,https://www.isa.org/standards-and-publications/isa-standards/isa-iec-62443-series-of-standards,iec,threats/IOT-002.html,no,,0.85,2026-08-13,active,,,iot-ot-pqc,tls-simulator;sbx-iot-mqtt,RFC 9151
Internet of Things (IoT),iot-firmware,Firmware update signing (SUIT/COSE),Download,cose,ECDSA,ML-DSA;LMS,draft,IETF SUIT (RFC 9019/9124) defines the firmware-update architecture whose COSE signatures must move from ECDSA/EdDSA to PQC for constrained devices.,,IETF SUIT RFC 9019 + RFC 9124,https://www.rfc-editor.org/rfc/rfc9019.txt,ietf,threats/IOT-003.html,no,,0.85,2026-07-29,active,,,iot-ot-pqc,firmware-signing;lms-hss;sbx-firmware-hss,RFC 9052;draft-ietf-cose-falcon-04;RFC 9053
IT Industry / Software,it-libraries,Crypto libraries & TLS stacks,Code,tls-1-3;ssh,RSA;ECDSA;ECDH;X25519,ML-KEM;ML-DSA;SLH-DSA,production,"OpenSSL 3.5 shipped ML-KEM, ML-DSA, and SLH-DSA natively, putting PQC into the default dependency graph of most software; legacy pre-3.5 estates are the migration tail.",,OpenSSL PQC Integration,https://openssl-library.org/post/2025-04-08-openssl-35-final-release/,openssl-project,threats/IT-001.html,no,,0.85,2026-08-13,active,,,crypto-dev-apis,openssl-studio;tls-simulator;pqc-ssh-sim;slh-dsa,RFC-9846-The-Transport-Layer-Security-TLS-Protocol-Version-1;draft-ietf-tls-ecdhe-mlkem-05;draft-ietf-tls-mldsa-04;FIPS 205
IT Industry / Software,it-webpki,Web PKI & certificate authorities,Globe,x509;tls-1-3,RSA;ECDSA,ML-DSA,draft,CA root and intermediate keys (RSA-4096/ECDSA) anchor the web PKI under CA/Browser Forum baseline requirements; ML-DSA certificate profiles are advancing through IETF LAMPS.,RFC-5280,CA/Browser Forum PKI Standards,https://cabforum.org/working-groups/server/baseline-requirements/documents/,cabf,threats/IT-002.html,no,,0.85,2026-07-29,active,,,crypto-dev-apis,pki-workshop;cert-capacity;merkle-proof;sbx-cert-validation,RFC 5280;RFC 9881
IT Industry / Software,it-supplychain,Software supply chain (Sigstore/SLSA),GitBranch,sigstore,ECDSA,ML-DSA,pilot,Sigstore's Fulcio CA and Rekor transparency log sign with ECDSA; SLSA provenance levels make those signatures the trust anchor for software supply chains.,,SLSA Supply Chain Security Framework (OpenSSF),https://slsa.dev/spec/v1.0/levels,openssf,threats/IT-004.html,no,,0.85,2026-08-13,active,,,crypto-dev-apis,sbx-supply-chain-signing;sbx-osslsigncode;merkle-proof,Sigstore-Algorithm-Registry
IT Industry / Software,it-identity,"SSO, OAuth/OIDC & passkeys",Fingerprint,jose;fido-2,RSA;ECDSA,ML-DSA,draft,"SAML assertions, OAuth/OIDC tokens (JOSE), and FIDO2/WebAuthn attestation all sign with RSA/ECDSA; the FIDO Alliance has a PQC roadmap and JOSE/COSE composite drafts exist.",W3C-WebAuthn,Web Authentication: An API for accessing Public Key Credentials - Level 3,https://www.w3.org/TR/webauthn-3/,w3c,library/W3C_WebAuthn.html,yes,W3C,0.85,2026-07-29,active,,,crypto-dev-apis,api-security-jwt;token-migration;sbx-api-security-jwt,RFC 7515;draft-ietf-jose-pqc-kem;draft-vitap-ml-dsa-webauthn
IT Industry / Software,it-ssh,Administrative access (SSH),Terminal,ssh,RSA;ECDSA;ECDH;X25519,ML-KEM,production,SSH hybrid ML-KEM key exchange is standardized (RFC 9941) and deployed by default in current OpenSSH — administrative access is among the most PQC-ready surfaces in IT.,RFC-4253;RFC-9941,NIST FIPS 203/204/205 Post-Quantum Cryptography Standards,https://csrc.nist.gov/projects/post-quantum-cryptography,nist-csrc,threats/IT-003.html,yes,NIST,0.85,2026-08-13,active,,,crypto-dev-apis,pqc-ssh-sim;sbx-ssh,RFC 4253;RFC 9941;draft-ietf-sshm-mlkem-hybrid-kex-10;IETF RFC 5656
Legal / Notary / eSignature,leg-qes,Qualified e-signatures (AdES),PenTool,x509,RSA;ECDSA,ML-DSA,draft,Qualified signatures under eIDAS use RSA/ECDSA in XAdES/PAdES/CAdES formats with algorithm suites from ETSI TS 119 312; PQC suites are in ETSI's standardization pipeline.,ETSI-TS-119-312,eIDAS Regulation EU 910/2014 + ETSI TS 119 312,https://www.etsi.org/deliver/etsi_ts/119300_119399/119312/01.04.03_60/ts_119312v010403p.pdf,ec,threats/LEG-001.pdf,no,,0.85,2026-07-29,active,,,trust-services-pqc,pki-workshop;email-signing;hybrid-certs,RFC 5280;RFC 9881
Legal / Notary / eSignature,leg-wallet,EU digital identity wallets (eIDAS 2.0),Wallet,jose;cose;x509,ECDSA;RSA;ECDH,ML-DSA,draft,EUDI wallets under Regulation 2024/1183 authenticate holders and verifiers with ECDSA/RSA credentials; wallet attestation formats are where PQC composite signatures will land.,,EU Regulation 2024/1183 (eIDAS 2.0),https://eur-lex.europa.eu/legal-content/EN/TXT/?uri=CELEX:32024R1183,ec,threats/LEG-002.html,no,,0.85,2026-07-29,active,,,trust-services-pqc,digital-id;api-security-jwt,RFC 7515;RFC 7519;draft-ietf-jose-pqc-kem
Legal / Notary / eSignature,leg-timestamp,Qualified timestamping (RFC 3161),Timer,x509,RSA;ECDSA,ML-DSA;LMS,none,"Qualified timestamp tokens (ETSI EN 319 422, RFC 3161) sign evidence of existence whose verifiability must outlast the signing algorithm — a canonical long-validity PQC case.",ETSI-TS-119-312,ETSI EN 319 422 Qualified Timestamp Policy,https://www.etsi.org/deliver/etsi_en/319400_319499/319422/01.01.01_60/en_319422v010101p.pdf,etsi-cyber,threats/LEG-003.pdf,no,,0.85,2026-08-13,active,,,trust-services-pqc,lms-hss;merkle-proof;pki-workshop,RFC 5280;RFC 9881;NIST SP 800-208
Media / Entertainment / DRM,media-drm,Content DRM key hierarchies,MonitorPlay,,ECDSA,,none,"AACS, PlayReady, and FairPlay rest on RSA key hierarchies burned into devices and discs; content licensing windows outlive the classical hardness assumptions beneath them.",,AACS Specifications — Introduction and Common Cryptographic Elements (v0.91),https://aacsla.com/wp-content/uploads/2019/02/AACS_Spec_Common_0.91.pdf,aacs,threats/MEDIA-001.html,yes,AACS Licensing Administrator,0.85,2026-08-13,active,,,,envelope-encrypt;kdf-derivation,AACS-Introduction-and-Common-Cryptographic-Elements-Book-Rev
Media / Entertainment / DRM,media-broadcast,Broadcast conditional access (DVB),Tv,,RSA,,none,DVB conditional-access entitlement management (ECM/EMM) and broadcast device certificates use RSA/ECDSA with fielded receiver populations that are effectively un-upgradable.,,DVB Project — Conditional Access System Standards,https://dvb.org/solutions/security/,dvb-project,threats/MEDIA-003.html,no,,0.85,2026-08-13,active,,,,kdf-derivation,CI-Plus-Spec-v1.3.2
Media / Entertainment / DRM,media-streaming,Streaming delivery & license TLS,Play,tls-1-3,RSA;ECDSA;ECDH;X25519,ML-KEM,production,"Streaming platforms deliver content keys and licenses over TLS, where hybrid PQC key establishment is already available at CDN scale.",,"""A First Look at Digital Rights Management Systems for Secure Mobile Content Delivery"" (academic survey)",https://arxiv.org/abs/2308.00437,arxiv-crypto,threats/MEDIA-002.html,partial,,0.85,2026-07-29,active,,,,tls-simulator;sbx-tls;sbx-browser-tls,RFC-9846-The-Transport-Layer-Security-TLS-Protocol-Version-1;draft-ietf-tls-ecdhe-mlkem-05
Payment Card Industry,pci-emv,Card authentication (EMV offline auth),CreditCard,,RSA,,none,"EMV offline card authentication (SDA/DDA/CDA per EMVCo Book 2) uses RSA, with ECDSA arriving in newer contactless kernels; card and terminal fleets turn over on decade timescales.",,The Impact of Quantum Computing on the Payment Card Industry,https://www.fsisac.com/hubfs/Knowledge/PQC/TheImpactOfQuantumComputingOnThePaymentCardIndustry.pdf,fs-isac,threats/PAYM-001.pdf,no,,0.85,2026-08-13,active,,,emv-payment-pqc,cert-capacity,RU-Nijmegen-EMV-Course-Notes;EMVCo-Quantum-Position-Statement
Payment Card Industry,pci-terminals,Terminal PIN security & key injection,ShieldCheck,tls-1-2,RSA;ECDH,,none,PIN encryption uses TDES DUKPT with RSA-based remote key injection under PCI PIN Security Requirements; asymmetric key transport is the quantum-exposed link.,,PCI PIN Security Requirements v2,https://www.pcisecuritystandards.org/documents/PCI_PIN_Security_Requirements_v2.pdf,pci-ssc,threats/PCI-003.html,no,PCI Security Standards Council,0.85,2026-08-13,active,,,emv-payment-pqc,kdf-derivation;hsm-capacity,RFC 9151
Payment Card Industry,pci-ecommerce,E-commerce payment data (PCI DSS),ShoppingCart,tls-1-3;tls-1-2,RSA;ECDSA;ECDH,ML-KEM,pilot,Cardholder-data environments protect transport with TLS under PCI DSS v4 requirements; hybrid key establishment is deployable now on the acquiring side.,,PCI Security Standards Council DSS 4.0.1,https://www.middlebury.edu/sites/default/files/2025-01/PCI-DSS-v4_0_1.pdf,pci-ssc,threats/PCI-002.html,no,PCI Security Standards Council,0.85,2026-07-29,active,,,emv-payment-pqc,tls-simulator;sbx-tls,RFC-9846-The-Transport-Layer-Security-TLS-Protocol-Version-1;draft-ietf-tls-ecdhe-mlkem-05
Rail / Transit,rail-etcs,Train control key management (ETCS),TrainFront,tls-1-2;x509;est-cmp,RSA;ECDSA,,none,ETCS online key management (UNISIG SUBSET-137) distributes KMAC keys via RSA/ECDSA-authenticated channels; signalling assets have 30+-year lifecycles.,,UNISIG SUBSET-137 — On-line Key Management FFFIS (KMC-ETCS),https://www.era.europa.eu/system/files/2023-09/index083_-_SUBSET-137_v400.pdf,era-rail,threats/RAIL-001.pdf,no,UNISIG; European Union Agency for Railways,0.85,2026-07-29,active,,,iot-ot-pqc,pki-enrollment;pki-workshop,RFC 5280;RFC 9881
Rail / Transit,rail-frmcs,Railway mobile communications (GSM-R → FRMCS),Antenna,tls-1-3;ike-ipsec,RSA;ECDSA,ML-KEM,draft,"FRMCS, the 5G successor to GSM-R, authenticates with ECDSA/RSA under ETSI TS 103 719 and 3GPP profiles; migrating rail radio is a multi-decade infrastructure program.",,ETSI TS 103 764 (FRMCS System Architecture) + ETSI TS 103 765-1/-2 (Transport/Service Stratum) / 3GPP TS 22.289 / TS 23.289,https://www.etsi.org/deliver/etsi_ts/103700_103799/103764/01.01.00_30/ts_103764v010100va.pdf,etsi-cyber,threats/RAIL-003.html,no,,0.85,2026-07-30,active,,,iot-ot-pqc,suci-flow;vpn-sim;tls-simulator,RFC-9846-The-Transport-Layer-Security-TLS-Protocol-Version-1;draft-ietf-tls-ecdhe-mlkem-05
Rail / Transit,rail-ptc,Positive Train Control PKI,TrainFront,x509,RSA;ECDSA,,none,"US Positive Train Control mandated by 49 CFR 236 Subpart I relies on PKI-authenticated wireless messaging between locomotives, wayside units, and back offices.",,49 CFR Part 236 Subpart I — Positive Train Control Systems (eCFR),https://www.ecfr.gov/current/title-49/subtitle-B/chapter-II/part-236/subpart-I,fra-us,threats/RAIL-004.html,yes,FRA,0.85,2026-07-29,active,,,iot-ot-pqc,pki-workshop;cert-capacity,RFC 5280;RFC 9881
Retail / E-Commerce,retail-checkout,Online checkout & POS,ShoppingCart,tls-1-3;tls-1-2,RSA;ECDSA;ECDH;X25519,ML-KEM,production,Checkout and point-of-sale traffic is TLS under PCI DSS; hybrid ML-KEM is production-ready in modern commerce stacks.,,PCI DSS v4.0.1,https://www.middlebury.edu/sites/default/files/2025-01/PCI-DSS-v4_0_1.pdf,pci-ssc,threats/RETAIL-001.html,no,PCI Security Standards Council,0.85,2026-07-29,active,,,emv-payment-pqc,tls-simulator;sbx-tls;sbx-browser-tls,RFC-9846-The-Transport-Layer-Security-TLS-Protocol-Version-1;draft-ietf-tls-ecdhe-mlkem-05
Supply Chain / Logistics,supply-maritime,Port & vessel identity systems,Ship,x509;tls-1-2,RSA;ECDSA,,none,"Port management PKI, vessel identity certificates, and maritime VPNs fall under IMO cyber-risk management guidance; fleet IT refresh cycles are long.",,IMO Maritime Cyber Risk Management Guidelines,https://www.imo.org/en/OurWork/Security/Pages/Cyber-security.aspx,imo,threats/SUPPLY-001.html,no,,0.85,2026-07-29,active,,,vendor-risk,pki-workshop;tls-simulator,RFC 5280;RFC 9881
Supply Chain / Logistics,supply-ebl,Electronic bills of lading & trade docs,FileText,jose;x509,RSA;ECDSA,,none,DCSA electronic bill-of-lading standards sign trade documents with RSA/ECDSA; negotiable instruments demand signature validity across multi-year disputes.,,DCSA Electronic Bill of Lading Standards,https://dcsa.org/standards/bill-of-lading,csa-cloud,threats/SUPPLY-002.html,no,,0.85,2026-07-29,active,,,vendor-risk,api-security-jwt;pki-workshop,RFC 7515
Supply Chain / Logistics,supply-customs,Customs declarations & single windows,Stamp,x509,RSA;ECDSA,,none,Customs single-window platforms and AEO certificates under the WCO SAFE framework authenticate declarations with classical digital signatures.,,WCO SAFE Framework of Standards,https://www.wcoomd.org/en/topics/facilitation/instrument-and-tools/frameworks-of-standards/safe_package.aspx,wco,threats/SUPPLY-003.html,no,,0.85,2026-07-29,active,,,vendor-risk,pki-workshop;cert-capacity,RFC 5280;RFC 9881
Telecommunications,telco-suci,Subscriber identity concealment (5G SUCI),Smartphone,5g-suci,ECDH;X25519,ML-KEM,draft,5G SUCI conceals subscriber identifiers with ECIES (Curve25519/P-256); 3GPP study items and NIST CSWP 36A chart the ML-KEM-based replacement.,NIST-CSWP-36A;ATIS-5G-Quantum,3GPP TS 33.501 5G Security Architecture,https://www.etsi.org/deliver/etsi_ts/133500_133599/133501/18.09.00_60/ts_133501v180900p.pdf,etsi,threats/TELCO-003.html,partial,3GPP; ETSI,0.85,2026-07-29,active,,,5g-security,suci-flow,3GPP TS 33.501 Rel-19;PQ-SUCI-MLKEM-Profile-C-2025
Telecommunications,telco-transport,Backhaul & core transport (IPsec/TLS),Antenna,ike-ipsec;tls-1-3,RSA;ECDSA;ECDH,ML-KEM,pilot,Inter-site N2/N3 IPsec and SBA TLS carry the mobile core; GSMA's PQ.03 guidelines sequence the telco network migration and IKEv2 PQ extensions are standardized.,GSMA-PQ.03;RFC-9370;ATIS-5G-Quantum,GSMA Post-Quantum Telco Network Taskforce,https://www.gsma.com/newsroom/wp-content/uploads/PQ.03-Post-Quantum-Cryptography-Guidelines-for-Telecom-Use-v1.0.pdf,gsma,threats/TELCO-002.pdf,no,GSMA,0.85,2026-07-29,active,,,5g-security,vpn-sim;tls-simulator;sbx-vpn,IETF RFC 7296;draft-ietf-ipsecme-ikev2-pqc-auth-08;RFC 8784;draft-ietf-tls-ecdhe-mlkem-05
Telecommunications,telco-certs,Network function & gNB certificates,KeyRound,x509;est-cmp,RSA;ECDSA,ML-DSA,draft,3GPP TS 33.310 certificate profiles for network functions and base stations use RSA/ECDSA today; ML-DSA profiles track the LAMPS certificate work.,,3GPP TS 33.501 5G Security Architecture,https://www.etsi.org/deliver/etsi_ts/133500_133599/133501/18.09.00_60/ts_133501v180900p.pdf,etsi,threats/TELCO-003.html,partial,3GPP; ETSI,0.85,2026-07-29,active,,,5g-security,pki-enrollment;pki-workshop;sbx-stepca,RFC 5280;RFC 9881
Telecommunications,telco-subscriber,Legacy subscriber authentication,Signal,ike-ipsec,RSA;ECDSA;ECDH,ML-KEM;ML-DSA,none,Legacy generations and roaming interconnects still depend on classical asymmetric authentication and key exchange flagged in GSMA security guidance.,GSMA-PQ.03,GSMA Security Guidelines,https://www.gsma.com/newsroom/wp-content/uploads/PQ.03-Post-Quantum-Cryptography-Guidelines-for-Telecom-Use-v1.0.pdf,gsma,threats/TELCO-001.html,no,GSMA,0.85,2026-07-29,active,,,5g-security,vpn-sim;suci-flow,IETF RFC 7296;draft-ietf-ipsecme-ikev2-pqc-auth-08;RFC 8784;draft-wang-ipsecme-kem-auth-ikev2-03
Water / Wastewater,water-scada,Treatment plant SCADA & remote ops,Droplets,ike-ipsec;tls-1-2,RSA;ECDSA;ECDH,,none,Water utility SCADA authentication and remote-monitoring VPNs fall under America's Water Infrastructure Act assessments; OT asset lifecycles stretch decades.,,EPA America's Water Infrastructure Act (AWIA) 2018 / CISA,https://www.epa.gov/waterresilience/awia-section-2013,cisa,threats/WATER-001.html,no,CISA,0.85,2026-07-29,active,,,energy-utilities-pqc,vpn-sim;tls-simulator,IETF RFC 7296;draft-ietf-ipsecme-ikev2-pqc-auth-08;RFC 8784
Water / Wastewater,water-ami,Water metering & sensor networks,Gauge,x509;dtls-1-2,RSA;ECDSA;ECDH,,none,Smart water meters and sensor-to-gateway bootstrap use RSA/ECC provisioning per EPA water-sector cybersecurity guidance.,,EPA Cybersecurity for Water Sector (August 2024),https://www.epa.gov/cyberwater/epa-cybersecurity-water-sector,epa-us,threats/WATER-003.html,no,EPA,0.85,2026-07-29,active,,,energy-utilities-pqc,pki-workshop;cert-capacity;sbx-iot-mqtt,RFC 5280;RFC 9881;draft-ietf-lamps-pq-composite-kem-16
Water / Wastewater,water-dams,Dam & hydropower remote access,Waves,ike-ipsec,RSA;ECDH,,none,FERC's hydropower security program covers certificate-based remote access to dam control systems — classical VPN cryptography guarding kinetic infrastructure.,,FERC Security Program for Hydropower Projects,https://www.ferc.gov/dam-safety-and-inspections/security-program-hydropower-projects,ferc,threats/WATER-005.html,no,FERC,0.85,2026-07-29,active,,,energy-utilities-pqc,vpn-sim;sbx-vpn,IETF RFC 7296;RFC 8784
Insurance,ins-policyholder-data,Policyholder data & HNDL exposure,Database,tls-1-3;tls-1-2,RSA;ECDSA;ECDH,ML-KEM,none,"Insurers hold decades-sensitive policyholder and claims data behind TLS and classically-encrypted stores; Munich Re's 2025 cyber-trends report flags harvest-now-decrypt-later theft and the NIST PQC transition (RSA vulnerable to quantum decryption, protection horizon ~2030) as a sector concern.",,Munich Re — Cyber Insurance: Risks and Trends 2025 (quantum computing security section),https://www.munichre.com/en/insights/cyber/cyber-insurance-risks-and-trends-2025.html,munich-re,industry-landscape/ins-munichre-cyber-trends-2025.html,no,,0.8,2026-07-29,active,,,pqc-risk-management,tls-simulator;envelope-encrypt,RFC-9846-The-Transport-Layer-Security-TLS-Protocol-Version-1;draft-ietf-tls-ecdhe-mlkem-05
Insurance,ins-cyber-underwriting,Cyber underwriting & quantum accumulation risk,ClipboardCheck,,,,none,Cyber insurers carry accumulation exposure if a cryptographically relevant quantum computer breaks the RSA/ECDSA protecting their insureds en masse; Munich Re's 2025 cyber-trends report treats the PQC transition as an underwriting-relevant risk trend.,,Munich Re — Cyber Insurance: Risks and Trends 2025 (quantum computing security section),https://www.munichre.com/en/insights/cyber/cyber-insurance-risks-and-trends-2025.html,munich-re,industry-landscape/ins-munichre-cyber-trends-2025.html,no,,0.8,2026-07-29,active,,,pqc-risk-management,sbx-cbom-compliance;sbx-migration-impact,
Payment Card Industry,Mastercard-PQC-industry-awareness-payment-ecosystem-quantum,Mastercard PQC industry awareness (payment ecosystem quantum-migration whitepaper),Lock,tls-1-3,RSA;ECDSA,ML-KEM;ML-DSA;SLH-DSA,none,"Mastercard's 2025 R&D white paper (verified 2026-07-31 from the downloaded PDF). Frames HNDL as the central driver and compares PQC against Quantum Key Distribution (QKD) as the two quantum-safe technology categories, favoring PQC for deployability. Cites industry-wide TLS 1.3 PQC adoption data from Cloudflare (nearly 2% of connections by March 2024, reaching double digits by end of 2024) as evidence of momentum -- this is an internet-wide statistic the paper quotes, not a claim about Mastercard's own network. States no QKD trial or pilot of its own. Its concrete recommendation to financial institutions is to invest in cryptographic inventory tooling now, 'regardless of the timeline for PQC migration that it deems to be ideal' -- the paper does not commit to a specific readiness timeline (no 3- or 5-year figure appears in the text).",,Mastercard — Migration to Post-Quantum Cryptography (WhitePaper 2025),https://www.mastercard.com/content/dam/mccom/shared/news-and-trends/stories/2025/quantum-explainer-and-white-paper/Migration-to-post-quantum-cryptography-WhitePaper_2025.pdf,mastercard-incorporated,industry-landscape/Mastercard-PQC-industry-awareness-payment-ecosystem-quantum.pdf,no,,0.85,2026-08-13,active,,,emv-payment-pqc,tls-simulator;sbx-migration-impact;sbx-cbom-compliance,RFC-9846-The-Transport-Layer-Security-TLS-Protocol-Version-1;draft-ietf-tls-ecdhe-mlkem-05;draft-ietf-tls-mldsa-04;FIPS 205
