code,name,flag_code,region,compliance_bloc,show_in_picker,eu_member,authority,hybrid,end_state,sim_archetype,note,status,deprecated_at,deprecated_reason
US,United States,us,americas,North America,yes,no,NSA/CNSA 2.0,interim,pure,US,Hybrid is an accepted interim step; the end state is pure PQC.,active,,
CA,Canada,ca,americas,North America,yes,no,CCCS,interim,pure,CA,"CCCS roadmap ITSM.40.001 allows hybrid as a transitional stage; high-priority systems by 2031, full migration to pure PQC by 2035.",active,,
MX,Mexico,mx,americas,Latin America,no,no,,,,US,,active,,
BR,Brazil,br,americas,Latin America,no,no,,,,US,,active,,
AR,Argentina,ar,americas,Latin America,no,no,,,,US,,active,,
CL,Chile,cl,americas,Latin America,no,no,,,,US,,active,,
CO,Colombia,co,americas,Latin America,no,no,,,,US,,active,,
PE,Peru,pe,americas,Latin America,no,no,,,,US,,active,,
UY,Uruguay,uy,americas,Latin America,no,no,,,,US,,active,,
EU,European Union,eu,eu,European Union,yes,yes,ENISA / EU Commission,required,pure,EU,ENISA recommends PQ/T hybrid schemes through the transition; NIS Cooperation Group roadmap targets high-risk systems by 2030 and full PQC by 2035.,active,,
UK,United Kingdom,gb,eu,United Kingdom,yes,no,NCSC,interim,pure,UK,Hybrid is acceptable as an interim; NCSC prefers a pure-PQC end state.,active,,
FR,France,fr,eu,European Union,yes,yes,ANSSI,required,hybrid,FR,"Hybrid is required through the transition; ANSSI accepts hybrid as a long-term posture, not only an interim step.",active,,
DE,Germany,de,eu,European Union,yes,yes,BSI,required,hybrid,DE,"Hybrid (classical + PQC) is required through the transition; BSI accepts hybrid as a long-term posture, not only an interim step.",active,,
CZ,Czech Republic,cz,eu,European Union,no,yes,NUKIB,,,DE,,active,,
IT,Italy,it,eu,European Union,no,yes,ACN,,,DE,,active,,
ES,Spain,es,eu,European Union,no,yes,CCN,,,DE,,active,,
NL,Netherlands,nl,eu,European Union,no,yes,,,,DE,,active,,
BE,Belgium,be,eu,European Union,no,yes,,,,DE,,active,,
PL,Poland,pl,eu,European Union,no,yes,,,,DE,,active,,
SE,Sweden,se,eu,European Union,no,yes,,,,DE,,active,,
AT,Austria,at,eu,European Union,no,yes,,,,DE,,active,,
DK,Denmark,dk,eu,European Union,no,yes,,,,DE,,active,,
FI,Finland,fi,eu,European Union,no,yes,,,,DE,,active,,
IE,Ireland,ie,eu,European Union,no,yes,,,,DE,,active,,
EE,Estonia,ee,eu,European Union,no,yes,,,,DE,,active,,
CH,Switzerland,ch,europe-noneu,Europe (non-EU),no,no,,,,DE,,active,,
NO,Norway,no,europe-noneu,Europe (non-EU),no,no,,,,DE,,active,,
TR,Turkey,tr,europe-noneu,Europe (non-EU),no,no,,,,US,,active,,
RU,Russia,ru,europe-noneu,Europe (non-EU),no,no,,,,US,,active,,
JP,Japan,jp,apac,Asia-Pacific,yes,no,CRYPTREC,discouraged,pure,JP,"CRYPTREC adding ML-KEM/ML-DSA to Ciphers List; national roadmap expected ~2027, full transition ~2035.",active,,
KR,South Korea,kr,apac,Asia-Pacific,yes,no,KISA / NIS,interim,pure,KR,National PQC master plan targets full transition by 2035; hybrid is an interim step.,active,,
AU,Australia,au,apac,Asia-Pacific,yes,no,ASD,discouraged,pure,AU,ASD does not mandate hybrid and permits adopting final PQC standards directly; recommends a pure end state.,active,,
SG,Singapore,sg,apac,Asia-Pacific,yes,no,CSA,interim,pure,SG,CSA Quantum-Safe Handbook treats hybrid as an optional transitional choice toward a pure end state.,active,,
NZ,New Zealand,nz,apac,Asia-Pacific,no,no,GCSB / NCSC-NZ,,,AU,,active,,
CN,China,cn,apac,Asia-Pacific,no,no,OSCCA / TC260,,,US,,active,,
IN,India,in,apac,Asia-Pacific,no,no,DST/NQM + CERT-In,,,IN,DST/NQM National Quantum Mission roadmap (2023) and CERT-In guidelines mandate PQC adoption for Critical Information Infrastructure by 2027 and full nationwide adoption by 2033. Published guidance aligns with NIST standards toward pure PQC; no explicit hybrid requirement published.,active,,
TW,Taiwan,tw,apac,Asia-Pacific,no,no,NICS / FSC,,,US,,active,,
HK,Hong Kong,hk,apac,Asia-Pacific,no,no,HKMA / HKCERT,,,US,,active,,
MY,Malaysia,my,apac,Asia-Pacific,no,no,CyberSecurity Malaysia,,,US,,active,,
ID,Indonesia,id,apac,Asia-Pacific,no,no,,,,US,,active,,
PH,Philippines,ph,apac,Asia-Pacific,no,no,,,,US,,active,,
TH,Thailand,th,apac,Asia-Pacific,no,no,,,,US,,active,,
VN,Vietnam,vn,apac,Asia-Pacific,no,no,,,,US,,active,,
IL,Israel,il,mena,Middle East,no,no,INCD,,,US,,active,,
AE,United Arab Emirates,ae,mena,Middle East,no,no,UAE CTRA,,,US,,active,,
SA,Saudi Arabia,sa,mena,Middle East,no,no,NCA,,,US,,active,,
BH,Bahrain,bh,mena,Middle East,no,no,NCSC-BH,,,US,,active,,
JO,Jordan,jo,mena,Middle East,no,no,NITC,,,US,,active,,
EG,Egypt,eg,mena,Africa,no,no,,,,US,,active,,
ZA,South Africa,za,africa,Africa,no,no,,,,US,,active,,
NG,Nigeria,ng,africa,Africa,no,no,,,,US,,active,,
KE,Kenya,ke,africa,Africa,no,no,,,,US,,active,,
BG,Bulgaria,bg,eu,European Union,no,yes,"CERT Bulgaria (Ministry of e-Government, Cybersecurity Directorate)",,,DE,"Added 2026-07-31 (WP-5 batch B2, remediation plan) -- closes one of the 13 EU member states missing a jurisdictions row, against the EU coordinated PQC roadmap obligation that all member states begin national transition by end of 2026. Authority is the national NIS2 competent/cybersecurity authority, verified live; no country-specific PQC deadline/mandate found beyond the EU-wide roadmap, so hybrid/end_state are left blank rather than invented.",active,,
CY,Cyprus,cy,eu,European Union,no,yes,Digital Security Authority (DSA),,,DE,"Added 2026-07-31 (WP-5 batch B2, remediation plan) -- closes one of the 13 EU member states missing a jurisdictions row, against the EU coordinated PQC roadmap obligation that all member states begin national transition by end of 2026. Authority is the national NIS2 competent/cybersecurity authority, verified live; no country-specific PQC deadline/mandate found beyond the EU-wide roadmap, so hybrid/end_state are left blank rather than invented.",active,,
GR,Greece,gr,eu,European Union,no,yes,National Cybersecurity Authority (NCSA),,,DE,"Added 2026-07-31 (WP-5 batch B2, remediation plan) -- closes one of the 13 EU member states missing a jurisdictions row, against the EU coordinated PQC roadmap obligation that all member states begin national transition by end of 2026. Authority is the national NIS2 competent/cybersecurity authority, verified live; no country-specific PQC deadline/mandate found beyond the EU-wide roadmap, so hybrid/end_state are left blank rather than invented.",active,,
HR,Croatia,hr,eu,European Union,no,yes,ZSIS (Information Systems Security Bureau),,,DE,"Added 2026-07-31 (WP-5 batch B2, remediation plan) -- closes one of the 13 EU member states missing a jurisdictions row, against the EU coordinated PQC roadmap obligation that all member states begin national transition by end of 2026. Authority is the national NIS2 competent/cybersecurity authority, verified live; no country-specific PQC deadline/mandate found beyond the EU-wide roadmap, so hybrid/end_state are left blank rather than invented.",active,,
HU,Hungary,hu,eu,European Union,no,yes,NKI (National Cyber Security Center),,,DE,"Added 2026-07-31 (WP-5 batch B2, remediation plan) -- closes one of the 13 EU member states missing a jurisdictions row, against the EU coordinated PQC roadmap obligation that all member states begin national transition by end of 2026. Authority is the national NIS2 competent/cybersecurity authority, verified live; no country-specific PQC deadline/mandate found beyond the EU-wide roadmap, so hybrid/end_state are left blank rather than invented.",active,,
LT,Lithuania,lt,eu,European Union,no,yes,NKSC (National Cyber Security Centre),,,DE,"Added 2026-07-31 (WP-5 batch B2, remediation plan) -- closes one of the 13 EU member states missing a jurisdictions row, against the EU coordinated PQC roadmap obligation that all member states begin national transition by end of 2026. Authority is the national NIS2 competent/cybersecurity authority, verified live; no country-specific PQC deadline/mandate found beyond the EU-wide roadmap, so hybrid/end_state are left blank rather than invented.",active,,
LU,Luxembourg,lu,eu,European Union,no,yes,ANSSI Luxembourg (HCPN),,,DE,"Added 2026-07-31 (WP-5 batch B2, remediation plan) -- closes one of the 13 EU member states missing a jurisdictions row, against the EU coordinated PQC roadmap obligation that all member states begin national transition by end of 2026. Authority is the national NIS2 competent/cybersecurity authority, verified live; no country-specific PQC deadline/mandate found beyond the EU-wide roadmap, so hybrid/end_state are left blank rather than invented.",active,,
LV,Latvia,lv,eu,European Union,no,yes,CERT.LV,,,DE,"Added 2026-07-31 (WP-5 batch B2, remediation plan) -- closes one of the 13 EU member states missing a jurisdictions row, against the EU coordinated PQC roadmap obligation that all member states begin national transition by end of 2026. Authority is the national NIS2 competent/cybersecurity authority, verified live; no country-specific PQC deadline/mandate found beyond the EU-wide roadmap, so hybrid/end_state are left blank rather than invented.",active,,
MT,Malta,mt,eu,European Union,no,yes,MDIA (Malta Digital Innovation Authority),,,DE,"Added 2026-07-31 (WP-5 batch B2, remediation plan) -- closes one of the 13 EU member states missing a jurisdictions row, against the EU coordinated PQC roadmap obligation that all member states begin national transition by end of 2026. Authority is the national NIS2 competent/cybersecurity authority, verified live; no country-specific PQC deadline/mandate found beyond the EU-wide roadmap, so hybrid/end_state are left blank rather than invented.",active,,
PT,Portugal,pt,eu,European Union,no,yes,CNCS (Centro Nacional de Cibersegurança),,,DE,"Added 2026-07-31 (WP-5 batch B2, remediation plan) -- closes one of the 13 EU member states missing a jurisdictions row, against the EU coordinated PQC roadmap obligation that all member states begin national transition by end of 2026. Authority is the national NIS2 competent/cybersecurity authority, verified live; no country-specific PQC deadline/mandate found beyond the EU-wide roadmap, so hybrid/end_state are left blank rather than invented.",active,,
RO,Romania,ro,eu,European Union,no,yes,DNSC (Directoratul National de Securitate Cibernetica),,,DE,"Added 2026-07-31 (WP-5 batch B2, remediation plan) -- closes one of the 13 EU member states missing a jurisdictions row, against the EU coordinated PQC roadmap obligation that all member states begin national transition by end of 2026. Authority is the national NIS2 competent/cybersecurity authority, verified live; no country-specific PQC deadline/mandate found beyond the EU-wide roadmap, so hybrid/end_state are left blank rather than invented.",active,,
SI,Slovenia,si,eu,European Union,no,yes,URSIV (Government Office for Information Security),,,DE,"Added 2026-07-31 (WP-5 batch B2, remediation plan) -- closes one of the 13 EU member states missing a jurisdictions row, against the EU coordinated PQC roadmap obligation that all member states begin national transition by end of 2026. Authority is the national NIS2 competent/cybersecurity authority, verified live; no country-specific PQC deadline/mandate found beyond the EU-wide roadmap, so hybrid/end_state are left blank rather than invented.",active,,
SK,Slovakia,sk,eu,European Union,no,yes,NBU (Narodny bezpecnostny urad),,,DE,"Added 2026-07-31 (WP-5 batch B2, remediation plan) -- closes one of the 13 EU member states missing a jurisdictions row, against the EU coordinated PQC roadmap obligation that all member states begin national transition by end of 2026. Authority is the national NIS2 competent/cybersecurity authority, verified live; no country-specific PQC deadline/mandate found beyond the EU-wide roadmap, so hybrid/end_state are left blank rather than invented.",active,,
