software_name,purl,purl_type,purl_namespace,purl_name,match_confidence,status,registry_url,last_verified_date,deprecated_at,deprecated_reason,product_id,purl_coverage_flag,data_quality_notes
.NET 10 PQC,,,,,,not_found,,2026-05-10,,,net-10-pqc,,
.NET System.Security.Cryptography,pkg:github/dotnet/runtime,github,dotnet,runtime,exact,matched,https://github.com/dotnet/runtime,2026-05-10,,,net-system-security-cryptography,,
01 Quantum IronCAP,,,,,,not_found,,2026-05-10,,,01-quantum-ironcap,,
1Password,,,,,,not_found,,2026-05-10,,,1password,,
@noble/curves,pkg:github/paulmillr/noble-curves,github,paulmillr,noble-curves,exact,matched,https://github.com/paulmillr/noble-curves,2026-05-10,,,noble-curves,,
@noble/hashes,pkg:github/paulmillr/noble-hashes,github,paulmillr,noble-hashes,exact,matched,https://github.com/paulmillr/noble-hashes,2026-05-10,,,noble-hashes,,
A10 Networks Thunder ADC,,,,,,not_found,,2026-05-10,,,a10-networks-thunder-adc,,
AdGuard DNS,,,,,,not_found,,2026-05-10,,,adguard-dns,,
Adobe Acrobat Sign,,,,,,not_found,,2026-05-10,,,adobe-acrobat-sign,,
Adva FSP 3000 S-Flex,,,,,,not_found,,2026-05-10,,,adva-fsp-3000-s-flex,,
Adva Network Security FSP 3000 S-Flex,,,,,,not_found,,2026-05-10,,,adva-network-security-fsp-3000-s-flex,,
Africa Quantum Consortium PQC,,,,,,not_found,,2026-05-10,,,africa-quantum-consortium-pqc,,
Aigis Reference Implementation,pkg:github/zhenfeizhang/Aigis,github,zhenfeizhang,Aigis,exact,matched,https://github.com/zhenfeizhang/Aigis,2026-05-10,,,aigis-reference-implementation,,
AIMer Reference Implementation,pkg:github/kpqc-cryptocon/AIMer,github,kpqc-cryptocon,AIMer,exact,matched,https://github.com/kpqc-cryptocon/AIMer,2026-05-10,,,aimer-reference-implementation,,
Airbus (Quantum Program),,,,,,not_found,,2026-05-10,,,,,
Akamai Connected Cloud,,,,,,not_found,,2026-05-10,,,akamai-connected-cloud,,
Akamai Edge,,,,,,not_found,,2026-05-10,,,akamai-edge,,
Akamai PQC Edge,,,,,,not_found,,2026-05-10,,,akamai-pqc-edge,,
Algorand,pkg:github/algorand/go-algorand,github,algorand,go-algorand,exact,matched,https://github.com/algorand/go-algorand,2026-05-10,,,algorand,,
Algorand FALCON Mainnet,,,,,,not_found,,2026-05-10,,,algorand-falcon-mainnet,,
Alibaba Cloud GVSM,,,,,,not_found,,2026-05-10,,,alibaba-cloud-gvsm,,
Alpine Linux,,,,,,not_found,,2026-05-10,,,alpine-linux,,
Amazon CloudFront,,,,,,not_found,,2026-05-10,,,amazon-cloudfront,,
Amazon Cognito,,,,,,not_found,,2026-05-10,,,amazon-cognito,,
Amazon EKS,,,,,,not_found,,2026-05-10,,,amazon-eks,,
Amazon Web Services (AWS),,,,,,not_found,,2026-05-10,,,amazon-web-services-aws,,
AMD SEV-SNP (Secure Encrypted Virtualization),pkg:github/AMDESE/AMDSEV,github,AMDESE,AMDSEV,exact,matched,https://github.com/AMDESE/AMDSEV,2026-05-10,,,amd-sev-snp-secure-encrypted-virtualization,,
AMD Versal Adaptive SoC,,,,,,not_found,,2026-05-10,,,amd-versal-adaptive-soc,,
American Binary Ambit Client,,,,,,not_found,,2026-05-10,,,american-binary-ambit-client,,
Anchorage Digital,,,,,,not_found,,2026-05-10,,,anchorage-digital,,
Android 16,,,,,,not_found,,2026-05-10,,,android-16,,
Android 17 PQC,,,,,,not_found,,2026-05-10,,,android-17-pqc,,
ANKATech ANKASecure,,,,,,not_found,,2026-05-10,,,ankatech-ankasecure,,
Ansible / PQC App Recs,,,,,,not_found,,2026-05-10,,,,,
ANSSI PQC Migration Guidance,,,,,,not_found,,2026-05-10,,,anssi-pqc-migration-guidance,,
AnyDesk,,,,,,not_found,,2026-05-10,,,,,
AnyDesk Remote Desktop,,,,,,not_found,,2026-05-10,,,anydesk-remote-desktop,,
Apache Guacamole,pkg:github/apache/guacamole-server,github,apache,guacamole-server,exact,matched,https://github.com/apache/guacamole-server,2026-05-10,,,apache-guacamole,,
Apache HTTP Server,pkg:github/apache/httpd,github,apache,httpd,exact,matched,https://github.com/apache/httpd,2026-05-10,,,apache-http-server,,
Apache Tomcat,pkg:github/apache/tomcat,github,apache,tomcat,exact,matched,https://github.com/apache/tomcat,2026-05-10,,,apache-tomcat,,
Apache Traffic Server,pkg:github/apache/trafficserver,github,apache,trafficserver,exact,matched,https://github.com/apache/trafficserver,2026-05-10,,,apache-traffic-server,,
Apple codesign,,,,,,not_found,,2026-05-10,,,apple-codesign,,
Apple PQ3 / CoreCrypto,,,,,,not_found,,2026-05-10,,,apple-pq3-corecrypto,,
Apple Safari,,,,,,not_found,,2026-05-10,,,apple-safari,,
Applivery UEM PQC,,,,,,not_found,,2026-05-10,,,applivery-uem-pqc,,
AppViewX CERT+,,,,,,not_found,,2026-05-10,,,appviewx-cert,,
AppViewX Spring 2026,,,,,,not_found,,2026-05-10,,,appviewx-spring-2026,,
Aptos,pkg:github/aptos-labs/aptos-core,github,aptos-labs,aptos-core,exact,matched,https://github.com/aptos-labs/aptos-core,2026-05-10,,,aptos,,
Arch Linux,,,,,,not_found,,2026-05-10,,,arch-linux,,
ArgoCD / FluxCD 2026,,,,,,not_found,,2026-05-10,,,,,
Arista EOS (Extensible Operating System),,,,,,not_found,,2026-05-10,,,arista-eos-extensible-operating-system,,
ARM Confidential Compute Architecture (CCA),pkg:github/ARM-software/cca-rmm-acs,github,ARM-software,cca-rmm-acs,exact,matched,https://github.com/ARM-software/cca-rmm-acs,2026-05-10,,,arm-confidential-compute-architecture-cca,,
ARM Trusted Firmware (TF-A),pkg:github/ARM-software/arm-trusted-firmware,github,ARM-software,arm-trusted-firmware,exact,matched,https://github.com/ARM-software/arm-trusted-firmware,2026-05-10,,,arm-trusted-firmware-tf-a,,
ARM TrustZone,,,,,,not_found,,2026-05-10,,,arm-trustzone,,
Arqit 6WIND Telco PQC,,,,,,not_found,,2026-05-10,,,arqit-6wind-telco-pqc,,
Arqit Encryption Intelligence,,,,,,not_found,,2026-05-10,,,arqit-encryption-intelligence,,
Arqit QuantumCloud,,,,,,not_found,,2026-05-10,,,arqit-quantumcloud,,
Ascertia ADSS PKI Server,,,,,,not_found,,2026-05-10,,,ascertia-adss-pki-server,,
Ascertia ADSS Server/SAM,,,,,,not_found,,2026-05-10,,,ascertia-adss-server-sam,,
Ascertia ADSS Signing Server,,,,,,not_found,,2026-05-10,,,ascertia-adss-signing-server,,
ASD Australia PQC Transition,,,,,,not_found,,2026-05-10,,,asd-australia-pqc-transition,,
ASUSTOR ADM 5.1 PQC,,,,,,not_found,,2026-05-10,,,asustor-adm-5-1-pqc,,
AsyncSSH,pkg:github/ronf/asyncssh,github,ronf,asyncssh,exact,matched,https://github.com/ronf/asyncssh,2026-05-10,,,asyncssh,,
Atalla AT1000e,,,,,,not_found,,2026-05-10,,,,,
Auth0 (Okta Customer Identity),,,,,,not_found,,2026-05-10,,,auth0-okta-customer-identity,,
AUTOCRYPT PKI-Vehicles,,,,,,not_found,,2026-05-10,,,autocrypt-pki-vehicles,,
Avalanche,pkg:github/ava-labs/avalanchego,github,ava-labs,avalanchego,exact,matched,https://github.com/ava-labs/avalanchego,2026-05-10,,,avalanche,,
AWS API Gateway PQC,,,,,,not_found,,2026-05-10,,,aws-api-gateway-pqc,,
AWS Application Load Balancer (ALB),,,,,,not_found,,2026-05-10,,,aws-application-load-balancer-alb,,
AWS Certificate Manager,,,,,,not_found,,2026-05-10,,,aws-certificate-manager,,
AWS CloudHSM,,,,,,not_found,,2026-05-10,,,aws-cloudhsm,,
AWS Identity and Access Management (IAM),,,,,,not_found,,2026-05-10,,,aws-identity-and-access-management-iam,,
AWS KMS,,,,,,not_found,,2026-05-10,,,aws-kms,,
AWS KMS (Cloud Gateway),,,,,,not_found,,2026-05-10,,,aws-kms-cloud-gateway,,
AWS Payments Cryptography PQC,,,,,,not_found,,2026-05-10,,,aws-payments-cryptography-pqc,,
AWS Private CA PQC,,,,,,not_found,,2026-05-10,,,aws-private-ca-pqc,,
AWS s2n-tls,pkg:github/aws/s2n-tls,github,aws,s2n-tls,exact,matched,https://github.com/aws/s2n-tls,2026-05-10,,,aws-s2n-tls,,
AWS Transfer Family,,,,,,not_found,,2026-05-10,,,aws-transfer-family,,
AWS-LC,pkg:github/aws/aws-lc,github,aws,aws-lc,manual,matched,https://github.com/aws/aws-lc,2026-05-10,,,aws-lc,,
Azure AKS,,,,,,not_found,,2026-05-10,,,azure-aks,,
Azure Dedicated HSM,,,,,,not_found,,2026-05-10,,,,,
Azure Dedicated HSM (Marvell LiquidSecurity),,,,,,not_found,,2026-05-10,,,azure-dedicated-hsm-marvell-liquidsecurity,,
Azure DevOps,,,,,,not_found,,2026-05-10,,,azure-devops,,
Azure Key Vault,,,,,,not_found,,2026-05-10,,,azure-key-vault,,
Bamboo CI (Roadmap),,,,,,not_found,,2026-05-10,,,,,
Barclays (PQC Research),,,,,,not_found,,2026-05-10,,,,,
Barracuda Email Protection,,,,,,not_found,,2026-05-10,,,barracuda-email-protection,,
BERTEN MLDS-B235,,,,,,not_found,,2026-05-10,,,berten-mlds-b235,,
BERTEN MLKE-B135,,,,,,not_found,,2026-05-10,,,berten-mlke-b135,,
BeyondTrust Pathfinder Platform,,,,,,not_found,,2026-05-10,,,beyondtrust-pathfinder-platform,,
BeyondTrust Privilege Management,,,,,,not_found,,2026-05-10,,,,,
BIS Project Leap PQC,,,,,,not_found,,2026-05-10,,,bis-project-leap-pqc,,
Bitcoin Core,pkg:github/bitcoin/bitcoin,github,bitcoin,bitcoin,exact,matched,https://github.com/bitcoin/bitcoin,2026-05-10,,,bitcoin-core,,
BitGo,,,,,,not_found,,2026-05-10,,,bitgo,,
BitLocker (Windows),,,,,,not_found,,2026-05-10,,,bitlocker-windows,,
Bitvise SSH Server,,,,,,not_found,,2026-05-10,,,bitvise-ssh-server,,
Bitwarden,,,,,,not_found,,2026-05-10,,,bitwarden,,
BlackBerry QNX Hypervisor 8.0 for Safety,,,,,,not_found,,2026-05-10,,,blackberry-qnx-hypervisor-8,,
BlackBerry QNX Neutrino RTOS,,,,,,not_found,,2026-05-10,,,,,
Boeing (Quantum-Safe Sky),,,,,,not_found,,2026-05-10,,,,,
BoringSSL,pkg:github/google/boringssl,github,google,boringssl,manual,matched,https://github.com/google/boringssl,2026-05-10,,,boringssl,,
Botan,pkg:github/randombit/botan,github,randombit,botan,exact,matched,https://github.com/randombit/botan,2026-05-10,,,botan,,
Bouncy Castle,pkg:github/bcgit/bc-java,github,bcgit,bc-java,exact,matched,https://github.com/bcgit/bc-java,2026-05-10,,,bouncy-castle,,
Bouncy Castle C# .NET,pkg:nuget/BouncyCastle.Cryptography,nuget,,BouncyCastle.Cryptography,manual,matched,https://www.nuget.org/packages/BouncyCastle.Cryptography,2026-05-10,,,bouncy-castle-c-net,,
Bouncy Castle C\# / Java,,,,,,not_found,,2026-05-10,,,bouncy-castle-c-java,,
Bouncy Castle Java,pkg:maven/org.bouncycastle/bcprov-jdk18on,maven,org.bouncycastle,bcprov-jdk18on,manual,matched,https://mvnrepository.com/artifact/org.bouncycastle/bcprov-jdk18on,2026-05-10,,,bouncy-castle-java,,
Bouncy Castle Java LTS,pkg:maven/org.bouncycastle/bcprov-lts8on,maven,org.bouncycastle,bcprov-lts8on,manual,matched,https://mvnrepository.com/artifact/org.bouncycastle/bcprov-lts8on,2026-05-10,,,bouncy-castle-java-lts,,
Box Shield,,,,,,not_found,,2026-05-10,,,,,
Bradesco IBM Quantum Safe,,,,,,not_found,,2026-05-10,,,bradesco-ibm-quantum-safe,,
Brave Browser,,,,,,not_found,,2026-05-10,,,brave-browser,,
Broadcom Avi (NSX ALB),,,,,,not_found,,2026-05-10,,,broadcom-avi-nsx-alb,,
Broadcom Emulex SecureHBA,,,,,,not_found,,2026-05-10,,,broadcom-emulex-securehba,,
Broadcom Symantec DLP,,,,,,not_found,,2026-05-10,,,broadcom-symantec-dlp,,
Broadcom Symantec SES,,,,,,not_found,,2026-05-10,,,broadcom-symantec-ses,,
BSI PQC Recommendations,,,,,,not_found,,2026-05-10,,,bsi-pqc-recommendations,,
BTQ Bitcoin Quantum,,,,,,not_found,,2026-05-10,,,btq-bitcoin-quantum,,
BTQ Bitcoin Quantum Testnet,,,,,,not_found,,2026-05-10,,,btq-bitcoin-quantum-testnet,,
C-DOT Quantum CEM Encryptor,,,,,,not_found,,2026-05-10,,,c-dot-quantum-cem-encryptor,,
Caddy Server,,,,,,not_found,,2026-05-10,,,caddy-server,,
Cardano,pkg:github/IntersectMBO/cardano-node,github,IntersectMBO,cardano-node,exact,matched,https://github.com/IntersectMBO/cardano-node,2026-05-10,,,cardano,,
CAST KiviPQC-KEM,,,,,,not_found,,2026-05-10,,,cast-kivipqc-kem,,
CATO Networks SASE,,,,,,not_found,,2026-05-10,,,cato-networks-sase,,
Cellcrypt PQC Communications,,,,,,not_found,,2026-05-10,,,cellcrypt-pqc-communications,,
CentOS Stream,,,,,,not_found,,2026-05-10,,,centos-stream,,
Certicom Code Signing and Key Management Server,,,,,,not_found,,2026-05-10,,,certicom-pqc-code-signing,,
Check Point Quantum,,,,,,not_found,,2026-05-10,,,check-point-quantum,,
Checkmarx One,,,,,,not_found,,2026-05-10,,,checkmarx-one,,
Chelpis Quantum PQC (Taiwan),,,,,,not_found,,2026-05-10,,,chelpis-quantum-pqc-taiwan,,
Chile National Quantum Strategy,,,,,,not_found,,2026-05-10,,,chile-national-quantum-strategy,,
China PQC National Standards (ICCS),,,,,,not_found,,2026-05-10,,,china-pqc-national-standards-iccs,,
China Telecom Quantum Group,,,,,,not_found,,2026-05-10,,,china-telecom-quantum-group,,
ChromeOS,,,,,,not_found,,2026-05-10,,,chromeos,,
Ciena WaveLogic 6 Extreme,,,,,,not_found,,2026-05-10,,,ciena-wavelogic-6-extreme,,
Cilium Service Mesh PQC,,,,,,not_found,,2026-05-10,,,cilium-service-mesh-pqc,,
CIQ Rocky Linux CAVP PQC,,,,,,not_found,,2026-05-10,,,ciq-rocky-linux-cavp-pqc,,
CIRCL,pkg:github/cloudflare/circl,github,cloudflare,circl,exact,matched,https://github.com/cloudflare/circl,2026-05-10,,,circl,,
CircleCI,,,,,,not_found,,2026-05-10,,,circleci,,
CISA PQC Migration Framework,,,,,,not_found,,2026-05-10,,,cisa-pqc-migration-framework,,
Cisco AI Defense (formerly Robust Intelligence Platform),,,,,,not_found,,2026-05-10,,,robust-intelligence-cisco-ai-defense,,
Cisco ASA (Adaptive Security Appliance),,,,,,not_found,,2026-05-10,,,cisco-asa-adaptive-security-appliance,,
Cisco Catalyst 9500 PQC,,,,,,not_found,,2026-05-10,,,cisco-catalyst-9500-pqc,,
Cisco Catalyst Center,,,,,,not_found,,2026-05-10,,,cisco-catalyst-center,,
Cisco Identity Services Engine (ISE),,,,,,not_found,,2026-05-10,,,cisco-identity-services-engine-ise,,
Cisco IOS XE PQC,,,,,,not_found,,2026-05-10,,,cisco-ios-xe-pqc,,
Cisco IOS XR,,,,,,not_found,,2026-05-10,,,cisco-ios-xr,,
Cisco Meraki MX (Cloud-Managed Firewall),,,,,,not_found,,2026-05-10,,,cisco-meraki-mx-cloud-managed-firewall,,
Cisco Secure Client (AnyConnect),,,,,,not_found,,2026-05-10,,,cisco-secure-client-anyconnect,,
Cisco Webex,,,,,,not_found,,2026-05-10,,,cisco-webex,,
citadel_pqcrypto,pkg:github/citadel-protocol/citadel_pqcrypto,github,citadel-protocol,citadel_pqcrypto,exact,matched,https://github.com/citadel-protocol/citadel_pqcrypto,2026-05-10,,,citadel-pqcrypto,,
Citrix ADC (NetScaler),,,,,,not_found,,2026-05-10,,,citrix-adc-netscaler,,
Citrix CVAD,,,,,,not_found,,2026-05-10,,,citrix-cvad,,
Citrix Virtual Apps and Desktops,,,,,,not_found,,2026-05-10,,,citrix-virtual-apps-and-desktops,,
Claroty Platform,,,,,,not_found,,2026-05-10,,,claroty-platform,,
Cloudflare CIRCL,,,,,,not_found,,2026-05-10,,,cloudflare-circl,,
Cloudflare Edge Network,,,,,,not_found,,2026-05-10,,,cloudflare-edge-network,,
Cloudflare Zero Trust,,,,,,not_found,,2026-05-10,,,cloudflare-zero-trust,,
Cloudian HyperStore 8.0,,,,,,not_found,,2026-05-10,,,,,
CockroachDB Encryption,pkg:github/cockroachdb/cockroach,github,cockroachdb,cockroach,exact,matched,https://github.com/cockroachdb/cockroach,2026-05-10,,,cockroachdb-encryption,,
Codegic Khatim PKI Server,,,,,,not_found,,2026-05-10,,,codegic-khatim-pki-server,,
Codegic Khatim Sign Server,,,,,,not_found,,2026-05-10,,,codegic-khatim-sign-server,,
Cohesity DataCloud,,,,,,not_found,,2026-05-10,,,cohesity-datacloud,,
Coinbase Custody,,,,,,not_found,,2026-05-10,,,coinbase-custody,,
Commvault Cloud,,,,,,not_found,,2026-05-10,,,commvault-cloud,,
Confluent Cloud Kafka PQC,,,,,,not_found,,2026-05-10,,,confluent-cloud-kafka-pqc,,
Copper.co,,,,,,not_found,,2026-05-10,,,copper-co,,
coreboot,pkg:github/coreboot/coreboot,github,coreboot,coreboot,exact,matched,https://github.com/coreboot/coreboot,2026-05-10,,,coreboot,,
CoreDNS PQC DNSSEC,,,,,,not_found,,2026-05-10,,,coredns-pqc-dnssec,,
Cosmian covercrypt,pkg:github/Cosmian/cover_crypt,github,Cosmian,cover_crypt,exact,matched,https://github.com/Cosmian/cover_crypt,2026-05-10,,,cosmian-covercrypt,,
Cosmian KMS,pkg:github/Cosmian/kms,github,Cosmian,kms,exact,matched,https://github.com/Cosmian/kms,2026-05-10,,,cosmian-kms,,
Cosmos/Tendermint,pkg:github/cosmos/cosmos-sdk,github,cosmos,cosmos-sdk,exact,matched,https://github.com/cosmos/cosmos-sdk,2026-05-10,,,cosmos-tendermint,,
Cranium AI Security Platform,,,,,,not_found,,2026-05-10,,,cranium-ai-security-platform,,
CREDEBL,,,,,,not_found,,2026-05-10,,,credebl,,
CrowdStrike Falcon,,,,,,not_found,,2026-05-10,,,crowdstrike-falcon,,
Crucible,pkg:github/symbolicsoft/crucible,github,symbolicsoft,crucible,exact,matched,https://github.com/symbolicsoft/crucible,2026-05-10,,,crucible,,
Crypto Quantique QDID Platform,,,,,,not_found,,2026-05-10,,,crypto-quantique-qdid-platform,,
Crypto++ (cryptopp),pkg:github/weidai11/cryptopp,github,weidai11,cryptopp,exact,matched,https://github.com/weidai11/cryptopp,2026-05-10,,,crypto-cryptopp,,
Crypto4A QxEDGE,,,,,,not_found,,2026-05-10,,,crypto4a-qxedge,,
Crypto4A QxHSM,,,,,,not_found,,2026-05-10,,,crypto4a-qxhsm,,
Crypto4A QxVault,,,,,,not_found,,2026-05-10,,,crypto4a-qxvault,,
Cryptomathic CKMS,,,,,,not_found,,2026-05-10,,,cryptomathic-ckms,,
Cryptomathic CrystalKey 360,,,,,,not_found,,2026-05-10,,,cryptomathic-crystalkey-360,,
CryptoNext COMPASS Network Probe,,,,,,not_found,,2026-05-10,,,cryptonext-compass-network-probe,,
CryptoNext COMPASS Probe,,,,,,not_found,,2026-05-10,,,cryptonext-compass-probe,,
CryptoNext Quantum-Safe Library,,,,,,not_found,,2026-05-10,,,cryptonext-quantum-safe-library,,
Cryptosense Analyzer,,,,,,not_found,,2026-05-10,,,cryptosense-analyzer,,
CryptPad PQC Collaboration,,,,,,not_found,,2026-05-10,,,cryptpad-pqc-collaboration,,
CRYSTALS Reference Implementations,,,,,,not_found,,2026-05-10,,,crystals-reference-implementations,,
curl PQC,,,,,,not_found,,2026-05-10,,,curl-pqc,,
CyberArk Conjur,,,,,,not_found,,2026-05-10,,,cyberark-conjur,,
Cyberint (Check Point),,,,,,not_found,,2026-05-10,,,cyberint-check-point,,
Cybernetica PQC Estonia,,,,,,not_found,,2026-05-10,,,cybernetica-pqc-estonia,,
CyberZero Quantanaut,,,,,,not_found,,2026-05-10,,,cyberzero-quantanaut,,
CZERTAINLY,,,,,,not_found,,2026-05-10,,,czertainly,,
CZQCI Czech Quantum Infrastructure,,,,,,not_found,,2026-05-10,,,czqci-czech-quantum-infrastructure,,
Dashlane,,,,,,not_found,,2026-05-10,,,dashlane,,
Debian 12 (Bookworm),,,,,,not_found,,2026-05-10,,,debian-12-bookworm,,
Delinea Secret Server,,,,,,not_found,,2026-05-10,,,delinea-secret-server,,
Dell BSAFE Crypto Module for C,,,,,,not_found,,2026-05-10,,,dell-bsafe-crypto-module-for-c,,
Dell BSAFE Crypto-J,,,,,,not_found,,2026-05-10,,,dell-bsafe-crypto-j,,
Dell PowerStore OS 4.0,,,,,,not_found,,2026-05-10,,,dell-powerstore-os-4-0,,
Descope,,,,,,not_found,,2026-05-10,,,,,
Descope Customer & Agentic Identity Platform,,,,,,not_found,,2026-05-10,,,descope-platform,,
DFNS,,,,,,not_found,,2026-05-10,,,dfns,,
DigiCert CertCentral,,,,,,not_found,,2026-05-10,,,digicert-certcentral,,
DigiCert Code-Signing (v2026),,,,,,not_found,,2026-05-10,,,,,
DigiCert Device Trust Manager,,,,,,not_found,,2026-05-10,,,digicert-device-trust-manager,,
DigiCert ONE,,,,,,not_found,,2026-05-10,,,digicert-one,,
DigiCert SigningHub,,,,,,not_found,,2026-05-10,,,digicert-signinghub,,
DigiCert Software Trust Manager,,,,,,not_found,,2026-05-10,,,digicert-software-trust-manager,,
DigiCert Trust Lifecycle Manager,,,,,,not_found,,2026-05-10,,,digicert-trust-lifecycle-manager,,
DigiCert TrustCore SDK,,,,,,not_found,,2026-05-10,,,digicert-trustcore-sdk,,
Docker Engine 28.0,,,,,,not_found,,2026-05-10,,,docker-engine-28-0,,
DocuSign,,,,,,not_found,,2026-05-10,,,,,
DocuSign Intelligent Agreement Management (eSignature + CLM),,,,,,not_found,,2026-05-10,,,docusign-iam,,
Dogtag Certificate System,,,,,,not_found,,2026-05-10,,,dogtag-certificate-system,,
Dragos Platform,,,,,,not_found,,2026-05-10,,,dragos-platform,,
Druva Data Resiliency Cloud,,,,,,not_found,,2026-05-10,,,druva-data-resiliency-cloud,,
DuckDuckGo Browser,,,,,,not_found,,2026-05-10,,,duckduckgo-browser,,
Dyber QuantaTPM,,,,,,not_found,,2026-05-10,,,dyber-quantatpm,,
E& Nokia Quantum-Safe Network,,,,,,not_found,,2026-05-10,,,e-nokia-quantum-safe-network,,
Eclipse Jetty,pkg:github/jetty/jetty.project,github,jetty,jetty.project,exact,matched,https://github.com/jetty/jetty.project,2026-05-10,,,eclipse-jetty,,
Egnyte Governance,,,,,,not_found,,2026-05-10,,,,,
EJBCA,pkg:github/Keyfactor/ejbca-ce,github,Keyfactor,ejbca-ce,exact,matched,https://github.com/Keyfactor/ejbca-ce,2026-05-10,,,ejbca,,
Elastic Stack (ELK),,,,,,not_found,,2026-05-10,,,elastic-stack-elk,,
Element (Matrix Protocol),,,,,,not_found,,2026-05-10,,,element-matrix-protocol,,
Enquantum PQC Accelerator,,,,,,not_found,,2026-05-10,,,enquantum-pqc-accelerator,,
Entrust Cryptographic Platform,,,,,,not_found,,2026-05-10,,,entrust-cryptographic-platform,,
Entrust Cryptographic Security Platform,,,,,,not_found,,2026-05-10,,,entrust-cryptographic-security-platform,,
Entrust Identity as a Service (IDaaS),,,,,,not_found,,2026-05-10,,,entrust-identity-as-a-service-idaas,,
Entrust KeyControl,,,,,,not_found,,2026-05-10,,,entrust-keycontrol,,
Entrust nShield,,,,,,not_found,,2026-05-10,,,entrust-nshield,,
Entrust PKI,,,,,,not_found,,2026-05-10,,,entrust-pki,,
Entrust Signing Automation,,,,,,not_found,,2026-05-10,,,,,
Envoy Proxy,pkg:github/envoyproxy/envoy,github,envoyproxy,envoy,exact,matched,https://github.com/envoyproxy/envoy,2026-05-10,,,envoy-proxy,,
Ericsson Quantum-Safe 5G,,,,,,not_found,,2026-05-10,,,ericsson-quantum-safe-5g,,
ESCRYPT Automotive PQC Solutions,,,,,,not_found,,2026-05-10,,,escrypt-automotive-pqc-solutions,,
essendi xc,,,,,,not_found,,2026-05-10,,,essendi-xc,,
Ethereum (Geth),pkg:github/ethereum/go-ethereum,github,ethereum,go-ethereum,exact,matched,https://github.com/ethereum/go-ethereum,2026-05-10,,,ethereum-geth,,
ETSI TS 104 105 Hybrid PQC Standard,,,,,,not_found,,2026-05-10,,,etsi-ts-104-105-hybrid-pqc-standard,,
EU PQC Implementation Roadmap,,,,,,not_found,,2026-05-10,,,eu-pqc-implementation-roadmap,,
EUDI Reference Wallet,pkg:github/eu-digital-identity-wallet/eudi-app-android-wallet-ui,github,eu-digital-identity-wallet,eudi-app-android-wallet-ui,exact,matched,https://github.com/eu-digital-identity-wallet/eudi-app-android-wallet-ui,2026-05-10,,,eudi-reference-wallet,,
EVERTRUST HORIZON,,,,,,not_found,,2026-05-10,,,evertrust-horizon,,
EVERTRUST STREAM,,,,,,not_found,,2026-05-10,,,evertrust-stream,,
Eviden IDnomic PKI,,,,,,not_found,,2026-05-10,,,eviden-idnomic-pki,,
Eviden PQC HSMaaS,,,,,,not_found,,2026-05-10,,,eviden-pqc-hsmaas,,
Eviden Trustway Proteccio NetHSM,,,,,,not_found,,2026-05-10,,,eviden-trustway-proteccio-nethsm,,
evolutionQ BasejumpQDN,,,,,,not_found,,2026-05-10,,,evolutionq-basejumpqdn,,
evolutionQ BasejumpSKI,,,,,,not_found,,2026-05-10,,,evolutionq-basejumpski,,
ExeQuantum,,,,,,not_found,,2026-05-10,,,exequantum,,
ExpressVPN Lightway,,,,,,not_found,,2026-05-10,,,expressvpn-lightway,,
F5 ADSP PQC,,,,,,not_found,,2026-05-10,,,f5-adsp-pqc,,
F5 BIG-IP,,,,,,not_found,,2026-05-10,,,f5-big-ip,,
Fastly Edge Cloud,,,,,,not_found,,2026-05-10,,,fastly-edge-cloud,,
Fastly PQC CDN,,,,,,not_found,,2026-05-10,,,fastly-pqc-cdn,,
Fedora Linux,,,,,,not_found,,2026-05-10,,,fedora-linux,,
FENASBAC Pix PQC Research,,,,,,not_found,,2026-05-10,,,fenasbac-pix-pqc-research,,
FileVault (macOS),,,,,,not_found,,2026-05-10,,,filevault-macos,,
Fireblocks,pkg:github/fireblocks/mpc-lib,github,fireblocks,mpc-lib,exact,matched,https://github.com/fireblocks/mpc-lib,2026-05-10,,,fireblocks,,
FIS Modern Banking,,,,,,not_found,,2026-05-10,,,fis-modern-banking,,
Forcepoint DLP,,,,,,not_found,,2026-05-10,,,forcepoint-dlp,,
ForgeRock Identity Cloud,,,,,,not_found,,2026-05-10,,,,,
Fortanix Data Security Manager,,,,,,not_found,,2026-05-10,,,fortanix-data-security-manager,,
Fortanix PQC Central,,,,,,not_found,,2026-05-10,,,fortanix-pqc-central,,
Fortinet FortiAuthenticator,,,,,,not_found,,2026-05-10,,,fortinet-fortiauthenticator,,
Fortinet FortiGate (FortiOS),,,,,,not_found,,2026-05-10,,,fortinet-fortigate-fortios,,
Fortinet FortiGate-Rugged,,,,,,not_found,,2026-05-10,,,fortinet-fortigate-rugged,,
Fortinet FortiManager,,,,,,not_found,,2026-05-10,,,fortinet-fortimanager,,
Fortinet FortiOS,,,,,,not_found,,2026-05-10,,,fortinet-fortios,,
Fortinet FortiWeb,,,,,,not_found,,2026-05-10,,,fortinet-fortiweb,,
Forward Edge-AI Isidore Quantum,,,,,,not_found,,2026-05-10,,,forward-edge-ai-isidore-quantum,,
Forward Edge-AI Space Router,,,,,,not_found,,2026-05-10,,,forward-edge-ai-space-router,,
FreeBSD,pkg:github/freebsd/freebsd-src,github,freebsd,freebsd-src,exact,matched,https://github.com/freebsd/freebsd-src,2026-05-10,,,freebsd,,
FreeRTOS,pkg:github/FreeRTOS/FreeRTOS,github,FreeRTOS,FreeRTOS,exact,matched,https://github.com/FreeRTOS/FreeRTOS,2026-05-10,,,freertos,,
Fujitsu PQC Networks,,,,,,not_found,,2026-05-10,,,fujitsu-pqc-networks,,
FusionAuth,pkg:github/FusionAuth/fusionauth-issues,github,FusionAuth,fusionauth-issues,exact,matched,https://github.com/FusionAuth/fusionauth-issues,2026-05-10,,,fusionauth,,
Futurex Cloud,,,,,,not_found,,2026-05-10,,,futurex-cloud,,
Futurex CryptoHub,,,,,,not_found,,2026-05-10,,,futurex-cryptohub,,
Futurex Vectera Plus,,,,,,not_found,,2026-05-10,,,futurex-vectera-plus,,
G+D Quantum-Safe SIM Platform,,,,,,not_found,,2026-05-10,,,g-d-quantum-safe-sim-platform,,
Galileo AI Observability and Eval Platform,,,,,,not_found,,2026-05-10,,,galileo-ai-platform,,
Galileo FT,,,,,,not_found,,2026-05-10,,,,,
Garantir GaraTrust,,,,,,not_found,,2026-05-10,,,garantir-garatrust,,
General Dynamics Mission,,,,,,not_found,,2026-05-10,,,general-dynamics-mission,,
Genua Quantum-Resistant VPN,,,,,,not_found,,2026-05-10,,,genua-quantum-resistant-vpn,,
Giesecke+Devrient PQC ID Card,,,,,,not_found,,2026-05-10,,,giesecke-devrient-pqc-id-card,,
GitHub Actions,,,,,,not_found,,2026-05-10,,,github-actions,,
GitHub Copilot Security,,,,,,not_found,,2026-05-10,,,github-copilot-security,,
GitHub SSH PQC,,,,,,not_found,,2026-05-10,,,github-ssh-pqc,,
GitLab CI/CD,,,,,,not_found,,2026-05-10,,,gitlab-ci-cd,,
GlobalSign Atlas CLM,,,,,,not_found,,2026-05-10,,,globalsign-atlas-clm,,
GlobalSign Digital Signing Service,,,,,,not_found,,2026-05-10,,,globalsign-digital-signing-service,,
GlobalSign Support (Atlas),,,,,,not_found,,2026-05-10,,,,,
Gmail / Google Workspace,,,,,,not_found,,2026-05-10,,,gmail-google-workspace,,
GnuPG,pkg:github/gpg/gnupg,github,gpg,gnupg,exact,matched,https://github.com/gpg/gnupg,2026-05-10,,,gnupg,,
GnuTLS,pkg:github/gnutls/gnutls,github,gnutls,gnutls,manual,matched,https://gitlab.com/gnutls/gnutls,2026-05-10,,,gnutls,,
Go stdlib crypto/mlkem,pkg:go/golang.org/x/crypto,go,golang.org/x,crypto,manual,matched,https://pkg.go.dev/golang.org/x/crypto,2026-05-10,,,go-stdlib-crypto-mlkem,,
go-jose v4,pkg:github/go-jose/go-jose,github,go-jose,go-jose,exact,matched,https://github.com/go-jose/go-jose,2026-05-10,,,go-jose-v4,,
Google ALTS,,,,,,not_found,,2026-05-10,,,google-alts,,
Google Chrome,,,,,,not_found,,2026-05-10,,,google-chrome,,
Google Cloud CDN,,,,,,not_found,,2026-05-10,,,google-cloud-cdn,,
Google Cloud HSM,,,,,,not_found,,2026-05-10,,,google-cloud-hsm,,
Google Cloud KMS,,,,,,not_found,,2026-05-10,,,google-cloud-kms,,
Google Cloud KMS (Cloud Gateway),,,,,,not_found,,2026-05-10,,,google-cloud-kms-cloud-gateway,,
Google Cloud Platform (GCP),,,,,,not_found,,2026-05-10,,,google-cloud-platform-gcp,,
Google GKE,,,,,,not_found,,2026-05-10,,,google-gke,,
Google OpenTitan,pkg:github/lowRISC/opentitan,github,lowRISC,opentitan,exact,matched,https://github.com/lowRISC/opentitan,2026-05-10,,,google-opentitan,,
Google Tink,pkg:github/tink-crypto/tink-java,github,tink-crypto,tink-java,exact,matched,https://github.com/tink-crypto/tink-java,2026-05-10,,,google-tink,,
Google Workspace Identity,,,,,,not_found,,2026-05-10,,,,,
GPG Code Signing,pkg:github/gpg/gnupg,github,gpg,gnupg,exact,matched,https://github.com/gpg/gnupg,2026-05-10,,,gpg-code-signing,,
GSMA PQ Telco Task Force,,,,,,not_found,,2026-05-10,,,gsma-pq-telco-task-force,,
HAETAE Reference Implementation,pkg:github/kpqc-cryptocon/HAETAE,github,kpqc-cryptocon,HAETAE,exact,matched,https://github.com/kpqc-cryptocon/HAETAE,2026-05-10,,,haetae-reference-implementation,,
HAProxy,pkg:github/haproxy/haproxy,github,haproxy,haproxy,exact,matched,https://github.com/haproxy/haproxy,2026-05-10,,,haproxy,,
hash-sigs,pkg:github/cisco/hash-sigs,github,cisco,hash-sigs,exact,matched,https://github.com/cisco/hash-sigs,2026-05-10,,,hash-sigs,,
HashiCorp Boundary,pkg:github/hashicorp/boundary,github,hashicorp,boundary,exact,matched,https://github.com/hashicorp/boundary,2026-05-10,,,hashicorp-boundary,,
HashiCorp Consul Connect (Service Mesh),pkg:github/hashicorp/consul,github,hashicorp,consul,exact,matched,https://github.com/hashicorp/consul,2026-05-10,,,hashicorp-consul-connect-service-mesh,,
HashiCorp Terraform / HCP,,,,,,not_found,,2026-05-10,,,,,
HashiCorp Vault,pkg:github/hashicorp/vault,github,hashicorp,vault,exact,matched,https://github.com/hashicorp/vault,2026-05-10,,,hashicorp-vault,,
HashiCorp Vault Transit,pkg:github/hashicorp/vault,github,hashicorp,vault,exact,matched,https://github.com/hashicorp/vault,2026-05-10,,,hashicorp-vault-transit,,
hbs-lms,pkg:github/world-of-crytek/hbs-lms,github,world-of-crytek,hbs-lms,exact,matched,https://github.com/world-of-crytek/hbs-lms,2026-05-10,,,hbs-lms,,
Hex Trust,,,,,,not_found,,2026-05-10,,,,,
Hex Trust Institutional Custody,,,,,,not_found,,2026-05-10,,,hex-trust-custody,,
HiddenLayer Model Scanner,,,,,,not_found,,2026-05-10,,,hiddenlayer-model-scanner,,
HIPAA (Quantum Security Rule),,,,,,not_found,,2026-05-10,,,hipaa-quantum-security-rule,,
Hitachi DoMobile,,,,,,not_found,,2026-05-10,,,hitachi-domobile,,
HNDL Simulator (hndl-dev),pkg:github/perlab-uc3m/hndl-dev,github,perlab-uc3m,hndl-dev,exact,matched,https://github.com/perlab-uc3m/hndl-dev,2026-05-10,,,hndl-simulator-hndl-dev,,
HP Enterprise Printers PQC,,,,,,not_found,,2026-05-10,,,hp-enterprise-printers-pqc,,
HPE Alletra MP,,,,,,not_found,,2026-05-10,,,hpe-alletra-mp,,
HPE ProLiant Gen12,,,,,,not_found,,2026-05-10,,,hpe-proliant-gen12,,
HQC Algorithm,pkg:github/PQClean/PQClean,github,PQClean,PQClean,exact,matched,https://github.com/PQClean/PQClean,2026-05-10,,,hqc-algorithm,,
HSBC (Quantum Protection),,,,,,not_found,,2026-05-10,,,,,
Huawei PQC Network Security,,,,,,not_found,,2026-05-10,,,huawei-pqc-network-security,,
Hyland OnBase,,,,,,not_found,,2026-05-10,,,hyland-onbase,,
Hyperledger Aries (ACA-Py),pkg:github/hyperledger/aries-cloudagent-python,github,hyperledger,aries-cloudagent-python,exact,matched,https://github.com/hyperledger/aries-cloudagent-python,2026-05-10,,,hyperledger-aries-aca-py,,
Hyperledger Besu,pkg:github/hyperledger/besu,github,hyperledger,besu,exact,matched,https://github.com/hyperledger/besu,2026-05-10,,,hyperledger-besu,,
Hyperledger Fabric,pkg:github/hyperledger/fabric,github,hyperledger,fabric,exact,matched,https://github.com/hyperledger/fabric,2026-05-10,,,hyperledger-fabric,,
Hyperledger Fabric 3.0 PQC,,,,,,not_found,,2026-05-10,,,hyperledger-fabric-3-0-pqc,,
I4P Trident HSM,,,,,,not_found,,2026-05-10,,,i4p-trident-hsm,,
IBM Aspera,,,,,,not_found,,2026-05-10,,,ibm-aspera,,
IBM Cloud HSM (Utimaco),,,,,,not_found,,2026-05-10,,,ibm-cloud-hsm-utimaco,,
IBM Db2,,,,,,not_found,,2026-05-10,,,ibm-db2,,
IBM Guardium Key Lifecycle Manager,,,,,,not_found,,2026-05-10,,,ibm-guardium-key-lifecycle-manager,,
IBM Guardium Quantum Safe,,,,,,not_found,,2026-05-10,,,ibm-guardium-quantum-safe,,
IBM Guardium Safe,,,,,,not_found,,2026-05-10,,,ibm-guardium-safe,,
IBM LinuxONE PQC,,,,,,not_found,,2026-05-10,,,ibm-linuxone-pqc,,
IBM MQ,,,,,,not_found,,2026-05-10,,,ibm-mq,,
IBM Quantum Safe Toolkit,,,,,,not_found,,2026-05-10,,,ibm-quantum-safe-toolkit,,
IBM Security Guardium Data Protection,,,,,,not_found,,2026-05-10,,,ibm-security-guardium-data-protection,,
IBM Storage Scale 5.2,,,,,,not_found,,2026-05-10,,,ibm-storage-scale-5-2,,
IBM z/OS Cryptographic Services (ICSF),,,,,,not_found,,2026-05-10,,,ibm-z-os-cryptographic-services-icsf,,
IBM z/VSE,,,,,,not_found,,2026-05-10,,,ibm-z-vse,,
IBM z16 Crypto Express 8S,,,,,,not_found,,2026-05-10,,,ibm-z16-crypto-express-8s,,
IBM z17 Quantum Safe,,,,,,not_found,,2026-05-10,,,ibm-z17-quantum-safe,,
ID Quantique Cerberis XGR QKD,,,,,,not_found,,2026-05-10,,,id-quantique-cerberis-xgr-qkd,,
ID Quantique Quantis QRNG,,,,,,not_found,,2026-05-10,,,id-quantique-quantis-qrng,,
IDEMIA Digital Identity Platform,,,,,,not_found,,2026-05-10,,,idemia-digital-identity-platform,,
IDEMIA PQC Accelerator,,,,,,not_found,,2026-05-10,,,idemia-pqc-accelerator,,
IDEMIA PQC Secure Element,,,,,,not_found,,2026-05-10,,,idemia-pqc-secure-element,,
Imperva WAF,,,,,,not_found,,2026-05-10,,,imperva-waf,,
India National PQC Roadmap,,,,,,not_found,,2026-05-10,,,india-national-pqc-roadmap,,
Indonesia BSSN PQC Migration,,,,,,not_found,,2026-05-10,,,indonesia-bssn-pqc-migration,,
indows Server 2025,,,,,,not_found,,2026-05-10,,,,,
Infineon AURIX TC49 PQC,,,,,,not_found,,2026-05-10,,,infineon-aurix-tc49-pqc,,
Infineon OPTIGA TPM SLB 9672,,,,,,not_found,,2026-05-10,,,infineon-optiga-tpm-slb-9672,,
Infineon PSOC Control C3 PQC,,,,,,not_found,,2026-05-10,,,infineon-psoc-control-c3-pqc,,
Infineon TEGRION SLC27 PQC,,,,,,not_found,,2026-05-10,,,infineon-tegrion-slc27-pqc,,
Infineon TEGRION SLI22 Automotive,,,,,,not_found,,2026-05-10,,,infineon-tegrion-sli22-automotive,,
InfoSec Global AgileSec,,,,,,not_found,,2026-05-10,,,infosecglobal-agilesec,,
Intel Platform Trust Technology (PTT),,,,,,not_found,,2026-05-10,,,intel-platform-trust-technology-ptt,,
Intel Stratix 10 (Secure),,,,,,not_found,,2026-05-10,,,,,
Intel TDX (Trust Domain Extensions),pkg:github/intel/tdx,github,intel,tdx,exact,matched,https://github.com/intel/tdx,2026-05-10,,,intel-tdx-trust-domain-extensions,,
IntellectEU Catalyst,,,,,,not_found,,2026-05-10,,,,,
Internxt Drive PQC,,,,,,not_found,,2026-05-10,,,internxt-drive-pqc,,
Inturai PQ Station ESP32,,,,,,not_found,,2026-05-10,,,inturai-pq-station-esp32,,
iOS 26 / macOS 16,,,,,,not_found,,2026-05-10,,,,,
iOS 26 / macOS 26,,,,,,not_found,,2026-05-10,,,ios-26-macos-26,,
IOTA,,,,,,not_found,,2026-05-10,,,iota,,
IP Cores PQC1,,,,,,not_found,,2026-05-10,,,ip-cores-pqc1,,
IronCore Labs SaaS Shield,,,,,,not_found,,2026-05-10,,,ironcore-labs-saas-shield,,
ISARA Advance,,,,,,not_found,,2026-05-10,,,isara-advance,,
ISARA Radiate,,,,,,not_found,,2026-05-10,,,isara-radiate,,
ISC BIND 9.21,,,,,,not_found,,2026-05-10,,,isc-bind-9-21,,
Istio Service Mesh,pkg:github/istio/istio,github,istio,istio,exact,matched,https://github.com/istio/istio,2026-05-10,,,istio-service-mesh,,
Ivanti Neurons for MDM,,,,,,not_found,,2026-05-10,,,ivanti-neurons-for-mdm,,
IVPN,,,,,,not_found,,2026-05-10,,,ivpn,,
Jamf Pro,,,,,,not_found,,2026-05-10,,,jamf-pro,,
Java 24 PQC Runtime,,,,,,not_found,,2026-05-10,,,java-24-pqc-runtime,,
Java jarsigner (JDK),pkg:github/openjdk/jdk,github,openjdk,jdk,exact,matched,https://github.com/openjdk/jdk,2026-05-10,,,java-jarsigner-jdk,,
Jenkins,pkg:github/jenkinsci/jenkins,github,jenkinsci,jenkins,exact,matched,https://github.com/jenkinsci/jenkins,2026-05-10,,,jenkins,,
JetBrains TeamCity 2026.1,,,,,,not_found,,2026-05-10,,,jetbrains-teamcity-2026-1,,
JFrog Artifactory,,,,,,not_found,,2026-05-10,,,jfrog-artifactory,,
jose4j,,,,,,not_found,,2026-05-10,,,jose4j,,
JPMorgan Chase (PQC Framework),,,,,,not_found,,2026-05-10,,,,,
jsonwebtoken (auth0),pkg:github/auth0/node-jsonwebtoken,github,auth0,node-jsonwebtoken,exact,matched,https://github.com/auth0/node-jsonwebtoken,2026-05-10,,,jsonwebtoken-auth0,,
JumpCloud Directory Platform,,,,,,not_found,,2026-05-10,,,jumpcloud-directory-platform,,
Juniper Junos OS,,,,,,not_found,,2026-05-10,,,juniper-junos-os,,
Juniper SRX Series Firewalls,,,,,,not_found,,2026-05-10,,,juniper-srx-series-firewalls,,
Keeper Security,,,,,,not_found,,2026-05-10,,,keeper-security,,
Keycloak,pkg:github/keycloak/keycloak,github,keycloak,keycloak,exact,matched,https://github.com/keycloak/keycloak,2026-05-10,,,keycloak,,
Keyfactor 2026 Trends,,,,,,not_found,,2026-05-10,,,keyfactor-2026-trends,,
Keyfactor AgileSec Analytics,,,,,,not_found,,2026-05-10,,,keyfactor-agilesec-analytics,,
Keyfactor Command,,,,,,not_found,,2026-05-10,,,keyfactor-command,,
Keyfactor EJBCA,pkg:github/Keyfactor/ejbca-ce,github,Keyfactor,ejbca-ce,exact,matched,https://github.com/Keyfactor/ejbca-ce,2026-05-10,,,keyfactor-ejbca,,
Keysight CyPerf,,,,,,not_found,,2026-05-10,,,keysight-cyperf,,
Keysight Inspector,,,,,,not_found,,2026-05-10,,,keysight-inspector,,
Kiteworks PQC File Sharing,,,,,,not_found,,2026-05-10,,,kiteworks-pqc-file-sharing,,
KiviCore PQC IP Cores,,,,,,not_found,,2026-05-10,,,kivicore-pqc-ip-cores,,
Komainu,,,,,,not_found,,2026-05-10,,,,,
Komainu Custody,,,,,,not_found,,2026-05-10,,,komainu-custody,,
Kong API Gateway,pkg:github/Kong/kong,github,Kong,kong,exact,matched,https://github.com/Kong/kong,2026-05-10,,,kong-api-gateway,,
KpqC Korean PQC Standards,,,,,,not_found,,2026-05-10,,,kpqc-korean-pqc-standards,,
Kryptonite Shipovnik PQC Signature (Russia),,,,,,not_found,,2026-05-10,,,kryptonite-shipovnik-pqc-signature-russia,,
Kryptus kNET HSM PQC,,,,,,not_found,,2026-05-10,,,kryptus-knet-hsm-pqc,,
Kubernetes,pkg:github/kubernetes/kubernetes,github,kubernetes,kubernetes,exact,matched,https://github.com/kubernetes/kubernetes,2026-05-10,,,kubernetes,,
Kudelski IoT Security IP,,,,,,not_found,,2026-05-10,,,,,
Kudelski IoT Security Platform,,,,,,not_found,,2026-05-10,,,kudelski-iot-security-platform,,
Kudelski KSE IP,,,,,,not_found,,2026-05-10,,,,,
Lakera Guard,,,,,,not_found,,2026-05-10,,,lakera-guard,,
Landis+Gyr SEALSQ Smart Grid PKI,,,,,,not_found,,2026-05-10,,,landis-gyr-sealsq-smart-grid-pki,,
Lattice MachXO5-NX,,,,,,not_found,,2026-05-10,,,lattice-machxo5-nx,,
leancrypto,pkg:github/wolfeidau/leancrypto,github,wolfeidau,leancrypto,exact,matched,https://github.com/wolfeidau/leancrypto,2026-05-10,,,leancrypto,,
Ledger Enterprise,,,,,,not_found,,2026-05-10,,,ledger-enterprise,,
Let's Encrypt,pkg:github/letsencrypt/boulder,github,letsencrypt,boulder,exact,matched,https://github.com/letsencrypt/boulder,2026-05-10,,,let-s-encrypt,,
libcrux,pkg:github/cryspen/libcrux,github,cryspen,libcrux,exact,matched,https://github.com/cryspen/libcrux,2026-05-10,,,cryspen-libcrux,,
liboqs,pkg:github/open-quantum-safe/liboqs,github,open-quantum-safe,liboqs,exact,matched,https://github.com/open-quantum-safe/liboqs,2026-05-10,,,liboqs,,
liboqs-rust (oqs crate),pkg:cargo/oqs,cargo,,oqs,exact,matched,https://crates.io/crates/oqs,2026-05-10,,,liboqs-rust-oqs-crate,,
LibreSSL,pkg:github/libressl/portable,github,libressl,portable,manual,matched,https://github.com/libressl/portable,2026-05-10,,,libressl,,
Libreswan,pkg:github/libreswan/libreswan,github,libreswan,libreswan,exact,matched,https://github.com/libreswan/libreswan,2026-05-10,,,libreswan,,
libssh,,,,,,not_found,,2026-05-10,,,libssh,,
Linkerd,pkg:github/linkerd/linkerd2,github,linkerd,linkerd2,exact,matched,https://github.com/linkerd/linkerd2,2026-05-10,,,linkerd,,
Linux IMA/EVM,,,,,,not_found,,2026-05-10,,,linux-ima-evm,,
Linux LUKS / dm-crypt,,,,,,not_found,,2026-05-10,,,linux-luks-dm-crypt,,
Lockheed Martin (PQC),,,,,,not_found,,2026-05-10,,,,,
LTO-10 PQC-Ready Tape,,,,,,not_found,,2026-05-10,,,lto-10-pqc-ready-tape,,
LUKS/dm-crypt,,,,,,not_found,,2026-05-10,,,,,
MadQuantum-CM (Spain),,,,,,not_found,,2026-05-10,,,madquantum-cm-spain,,
Malaysia NACSA PQC Roadmap,,,,,,not_found,,2026-05-10,,,malaysia-nacsa-pqc-roadmap,,
Mandiant (Google Cloud),,,,,,not_found,,2026-05-10,,,mandiant-google-cloud,,
MariaDB Server,pkg:github/MariaDB/server,github,MariaDB,server,exact,matched,https://github.com/MariaDB/server,2026-05-10,,,mariadb-server,,
Marvell LiquidSecurity 2,,,,,,not_found,,2026-05-10,,,marvell-liquidsecurity-2,,
Mastercard (PQC for Payments),,,,,,not_found,,2026-05-10,,,,,
Mastercard Quantum-Resistant Contactless,,,,,,not_found,,2026-05-10,,,mastercard-quantum-resistant-contactless,,
Mavenir Cloud RAN,,,,,,not_found,,2026-05-10,,,mavenir-cloud-ran,,
MAYO Reference Implementation,pkg:github/PQCMayo/MAYO-C,github,PQCMayo,MAYO-C,exact,matched,https://github.com/PQCMayo/MAYO-C,2026-05-10,,,mayo-reference-implementation,,
Mbed TLS,pkg:github/Mbed-TLS/mbedtls,github,Mbed-TLS,mbedtls,exact,matched,https://github.com/Mbed-TLS/mbedtls,2026-05-10,,,mbed-tls,,
mbedTLS,pkg:github/Mbed-TLS/mbedtls,github,Mbed-TLS,mbedtls,exact,matched,https://github.com/Mbed-TLS/mbedtls,2026-05-10,,,mbedtls,,
Metaco (Ripple),,,,,,not_found,,2026-05-10,,,,,
Metaco Harmonize,,,,,,not_found,,2026-05-10,,,metaco-harmonize,,
Microchip ATECC608B,pkg:github/MicrochipTech/cryptoauthlib,github,MicrochipTech,cryptoauthlib,exact,matched,https://github.com/MicrochipTech/cryptoauthlib,2026-05-10,,,microchip-atecc608b,,
Microchip CryptoAutomotive TA100,,,,,,not_found,,2026-05-10,,,microchip-cryptoautomotive-ta100,,
Microchip MEC175xB PQC Controllers,,,,,,not_found,,2026-05-10,,,microchip-mec175xb-pqc-controllers,,
Microchip PolarFire,,,,,,not_found,,2026-05-10,,,microchip-polarfire,,
Microsoft AD CS,,,,,,not_found,,2026-05-10,,,microsoft-ad-cs,,
Microsoft Azure,,,,,,not_found,,2026-05-10,,,microsoft-azure,,
Microsoft Defender for Endpoint,,,,,,not_found,,2026-05-10,,,microsoft-defender-for-endpoint,,
Microsoft Edge,,,,,,not_found,,2026-05-10,,,microsoft-edge,,
Microsoft Entra External ID,,,,,,not_found,,2026-05-10,,,microsoft-entra-external-id,,
Microsoft Entra ID,,,,,,not_found,,2026-05-10,,,microsoft-entra-id,,
Microsoft Entra Verified ID,,,,,,not_found,,2026-05-10,,,microsoft-entra-verified-id,,
Microsoft Hyper-V,,,,,,not_found,,2026-05-10,,,microsoft-hyper-v,,
Microsoft IIS 11,,,,,,not_found,,2026-05-10,,,,,
Microsoft Intune,,,,,,not_found,,2026-05-10,,,microsoft-intune,,
Microsoft Outlook S/MIME,,,,,,not_found,,2026-05-10,,,,,
Microsoft RDS,,,,,,not_found,,2026-05-10,,,microsoft-rds,,
Microsoft Remote Desktop Services (RDS),,,,,,not_found,,2026-05-10,,,microsoft-remote-desktop-services-rds,,
Microsoft SignTool,,,,,,not_found,,2026-05-10,,,microsoft-signtool,,
Microsoft SymCrypt,pkg:github/microsoft/SymCrypt,github,microsoft,SymCrypt,exact,matched,https://github.com/microsoft/SymCrypt,2026-05-10,,,microsoft-symcrypt,,
Microsoft Teams / Premium,,,,,,not_found,,2026-05-10,,,,,
MikroTik RouterOS,,,,,,not_found,,2026-05-10,,,mikrotik-routeros,,
Mimecast Cloud Integrated,,,,,,not_found,,2026-05-10,,,mimecast-cloud-integrated,,
MinIO Enterprise,,,,,,not_found,,2026-05-10,,,minio-enterprise,,
mlkem-native,pkg:github/pq-code-package/mlkem-native,github,pq-code-package,mlkem-native,exact,matched,https://github.com/pq-code-package/mlkem-native,2026-05-10,,,mlkem-native,,
MongoDB Queryable Encryption,pkg:github/mongodb/libmongocrypt,github,mongodb,libmongocrypt,exact,matched,https://github.com/mongodb/libmongocrypt,2026-05-10,,,mongodb-queryable-encryption,,
Mozilla Firefox,,,,,,not_found,,2026-05-10,,,mozilla-firefox,,
Mozilla NSS,,,,,,not_found,,2026-05-10,,,mozilla-nss,,
MTG AG CARA,,,,,,not_found,,2026-05-10,,,mtg-ag-cara,,
MTG AG CLM,,,,,,not_found,,2026-05-10,,,mtg-ag-clm,,
MTG AG KMS,,,,,,not_found,,2026-05-10,,,mtg-ag-kms,,
Mullvad VPN App,,,,,,not_found,,2026-05-10,,,mullvad-vpn-app,,
MySQL Community Server,pkg:github/mysql/mysql-server,github,mysql,mysql-server,exact,matched,https://github.com/mysql/mysql-server,2026-05-10,,,mysql-community-server,,
MySQL Enterprise Encryption,,,,,,not_found,,2026-05-10,,,mysql-enterprise-encryption,,
NCSC UK PQC Migration Timelines,,,,,,not_found,,2026-05-10,,,ncsc-uk-pqc-migration-timelines,,
NEC 5G Core,,,,,,not_found,,2026-05-10,,,nec-5g-core,,
NEDO PQShield Japan PQC Program,,,,,,not_found,,2026-05-10,,,nedo-pqshield-japan-pqc-program,,
NetApp ONTAP 9.16,,,,,,not_found,,2026-05-10,,,netapp-ontap-9-16,,
NetSfere PQC Messaging,,,,,,not_found,,2026-05-10,,,netsfere-pqc-messaging,,
Netskope Intelligent DLP,,,,,,not_found,,2026-05-10,,,netskope-intelligent-dlp,,
Netskope One PQC,,,,,,not_found,,2026-05-10,,,netskope-one-pqc,,
Nexus Group Certificate Manager,,,,,,not_found,,2026-05-10,,,nexus-group-certificate-manager,,
Nginx,pkg:github/nginx/nginx,github,nginx,nginx,exact,matched,https://github.com/nginx/nginx,2026-05-10,,,nginx,,
NGINX Plus,,,,,,not_found,,2026-05-10,,,nginx-plus,,
NGINX Plus R33 PQC,,,,,,not_found,,2026-05-10,,,nginx-plus-r33-pqc,,
Nimbus JOSE+JWT,,,,,,not_found,,2026-05-10,,,nimbus-jose-jwt,,
NIST SP 800-227 PQC Guidance,,,,,,not_found,,2026-05-10,,,nist-sp-800-227-pqc-guidance,,
NixOS,pkg:github/NixOS/nixpkgs,github,NixOS,nixpkgs,exact,matched,https://github.com/NixOS/nixpkgs,2026-05-10,,,nixos,,
noble-post-quantum,pkg:github/paulmillr/noble-post-quantum,github,paulmillr,noble-post-quantum,exact,matched,https://github.com/paulmillr/noble-post-quantum,2026-05-10,,,noble-post-quantum,,
Node.js,pkg:github/nodejs/node,github,nodejs,node,exact,matched,https://github.com/nodejs/node,2026-05-10,,,node-js,,
Nokia NetGuard,,,,,,not_found,,2026-05-10,,,,,
Nokia Quantum-Safe Networks,,,,,,not_found,,2026-05-10,,,nokia-quantum-safe-networks,,
Nokia Quantum-Safe Railways,,,,,,not_found,,2026-05-10,,,nokia-quantum-safe-railways,,
NordVPN,,,,,,not_found,,2026-05-10,,,nordvpn,,
Northrop Grumman,,,,,,not_found,,2026-05-10,,,,,
Notary Project,pkg:github/notaryproject/notation,github,notaryproject,notation,exact,matched,https://github.com/notaryproject/notation,2026-05-10,,,notary-project,,
Nozomi Networks Guardian,,,,,,not_found,,2026-05-10,,,nozomi-networks-guardian,,
NSS (Mozilla),,,,,,not_found,,2026-05-10,,,nss-mozilla,,
NTRU+ Reference Implementation,pkg:github/kpqc-cryptocon/NTRUplus,github,kpqc-cryptocon,NTRUplus,exact,matched,https://github.com/kpqc-cryptocon/NTRUplus,2026-05-10,,,ntru-reference-implementation,,
NTT PQC Secure Transport,,,,,,not_found,,2026-05-10,,,ntt-pqc-secure-transport,,
Nutanix AHV,,,,,,not_found,,2026-05-10,,,nutanix-ahv,,
Nvidia cuPQC,,,,,,not_found,,2026-05-10,,,nvidia-cupqc,,
NVIDIA cuPQC SDK,,,,,,not_found,,2026-05-10,,,nvidia-cupqc-sdk,,
NXP EdgeLock SE051H,,,,,,not_found,,2026-05-10,,,nxp-edgelock-se051h,,
NXP i.MX 94 PQC Processor,,,,,,not_found,,2026-05-10,,,nxp-i-mx-94-pqc-processor,,
NXP JCOP 4.5 P71D600,,,,,,not_found,,2026-05-10,,,nxp-jcop-4-5-p71d600,,
NXP OrangeBox 2.0 PQC,,,,,,not_found,,2026-05-10,,,nxp-orangebox-2-0-pqc,,
NXP S32K5 Automotive PQC MCU,,,,,,not_found,,2026-05-10,,,nxp-s32k5-automotive-pqc-mcu,,
NXP SE050 Secure Element,,,,,,not_found,,2026-05-10,,,,,
NXP SE051 Secure Element,,,,,,not_found,,2026-05-10,,,nxp-se051-secure-element,,
NZISM New Zealand PQC Guidance,,,,,,not_found,,2026-05-10,,,nzism-new-zealand-pqc-guidance,,
OAuth 2.0 / OpenID Connect (OIDC),,,,,,not_found,,2026-05-10,,,oauth-2-0-openid-connect-oidc,,
Okta Entra ID Integration,,,,,,not_found,,2026-05-10,,,,,
Okta Integration Network,,,,,,not_found,,2026-05-10,,,okta-integration-network,,
Okta Workforce Identity,,,,,,not_found,,2026-05-10,,,okta-workforce-identity,,
Open Quantum Safe liboqs,,,,,,not_found,,2026-05-10,,,open-quantum-safe-liboqs,,
OpenSSH,pkg:github/openssh/openssh-portable,github,openssh,openssh-portable,exact,matched,https://github.com/openssh/openssh-portable,2026-05-10,,,openssh,,
OpenSSL,pkg:github/openssl/openssl,github,openssl,openssl,manual,matched,https://github.com/openssl/openssl,2026-05-10,,,openssl,,
OpenSSL 3.5.0,pkg:github/openssl/openssl,github,openssl,openssl,exact,matched,https://github.com/openssl/openssl,2026-05-10,,,openssl-3-5-0,,
openSUSE Leap,,,,,,not_found,,2026-05-10,,,opensuse-leap,,
OpenText Content Cloud,,,,,,not_found,,2026-05-10,,,opentext-content-cloud,,
OpenVPN,pkg:github/OpenVPN/openvpn,github,OpenVPN,openvpn,exact,matched,https://github.com/OpenVPN/openvpn,2026-05-10,,,openvpn,,
OpenWrt,pkg:github/openwrt/openwrt,github,openwrt,openwrt,exact,matched,https://github.com/openwrt/openwrt,2026-05-10,,,openwrt,,
Opera Browser PQC,,,,,,not_found,,2026-05-10,,,opera-browser-pqc,,
OPNsense,pkg:github/opnsense/core,github,opnsense,core,exact,matched,https://github.com/opnsense/core,2026-05-10,,,opnsense,,
"OQS Docker Images (nginx, curl, haproxy)",,,,,,not_found,,2026-05-10,,,oqs-docker-images-nginx-curl-haproxy,,
OQS-OpenSSL Provider,,,,,,not_found,,2026-05-10,,,oqs-openssl-provider,,
OQS-OpenSSL Provider (liboqs-provider),pkg:github/open-quantum-safe/oqs-provider,github,open-quantum-safe,oqs-provider,exact,matched,https://github.com/open-quantum-safe/oqs-provider,2026-05-10,,,,,
oqs-provider,pkg:github/open-quantum-safe/oqs-provider,github,open-quantum-safe,oqs-provider,exact,matched,https://github.com/open-quantum-safe/oqs-provider,2026-05-10,,,oqs-provider,,
Oracle AI Database 26ai,,,,,,not_found,,2026-05-10,,,oracle-ai-database-26ai,,
Oracle Cloud Infrastructure (OCI),,,,,,not_found,,2026-05-10,,,,,
Oracle Key Vault,,,,,,not_found,,2026-05-10,,,oracle-key-vault,,
Oracle Linux 9.7,,,,,,not_found,,2026-05-10,,,oracle-linux-9-7,,
Oracle TDE,,,,,,not_found,,2026-05-10,,,,,
Orange Business PQC WAN,,,,,,not_found,,2026-05-10,,,orange-business-pqc-wan,,
OVHcloud QRNG SSL,,,,,,not_found,,2026-05-10,,,ovhcloud-qrng-ssl,,
PacketLight PQC Optical Encryption,,,,,,not_found,,2026-05-10,,,packetlight-pqc-optical-encryption,,
Palo Alto Cortex XDR,,,,,,not_found,,2026-05-10,,,palo-alto-cortex-xdr,,
Palo Alto GlobalProtect,,,,,,not_found,,2026-05-10,,,palo-alto-globalprotect,,
Palo Alto Orion,,,,,,not_found,,2026-05-10,,,,,
Palo Alto PAN-OS,,,,,,not_found,,2026-05-10,,,palo-alto-pan-os,,
Palo Alto Prisma SASE,,,,,,not_found,,2026-05-10,,,palo-alto-prisma-sase,,
Palo Alto Quantum-Safe Security,,,,,,not_found,,2026-05-10,,,palo-alto-quantum-safe-security,,
Paradym (Animo Solutions),,,,,,not_found,,2026-05-10,,,paradym-animo-solutions,,
Paramiko (Python SSH),pkg:github/paramiko/paramiko,github,paramiko,paramiko,exact,matched,https://github.com/paramiko/paramiko,2026-05-10,,,paramiko-python-ssh,,
Patero PQC Gateway,,,,,,not_found,,2026-05-10,,,patero-pqc-gateway,,
Payara Server,pkg:github/payara/Payara,github,payara,Payara,exact,matched,https://github.com/payara/Payara,2026-05-10,,,payara-server,,
PayPal / Braintree,,,,,,not_found,,2026-05-10,,,,,
PCI DSS v4.0.1 (PQC Guidance),,,,,,not_found,,2026-05-10,,,,,
pfSense Community Edition,pkg:github/pfsense/pfsense,github,pfsense,pfsense,exact,matched,https://github.com/pfsense/pfsense,2026-05-10,,,pfsense-community-edition,,
Ping Identity / ForgeRock,,,,,,not_found,,2026-05-10,,,,,
Ping Identity PingFederate,,,,,,not_found,,2026-05-10,,,ping-identity-pingfederate,,
PIONIER-Q Poland QCI,,,,,,not_found,,2026-05-10,,,pionier-q-poland-qci,,
Polkadot/Substrate,pkg:github/nicola-mazzocca/BPQS-node,github,nicola-mazzocca,BPQS-node,exact,matched,https://github.com/nicola-mazzocca/BPQS-node,2026-05-10,,,polkadot-substrate,,
Post-Quantum Hybrid PQ VPN,,,,,,not_found,,2026-05-10,,,,,
Postfix 3.10 PQC,,,,,,not_found,,2026-05-10,,,postfix-3-10-pqc,,
PostgreSQL,pkg:github/postgres/postgres,github,postgres,postgres,exact,matched,https://github.com/postgres/postgres,2026-05-10,,,postgresql,,
PostgreSQL pgcrypto,,,,,,not_found,,2026-05-10,,,postgresql-pgcrypto,,
PowerDNS PQC DNSSEC,,,,,,not_found,,2026-05-10,,,powerdns-pqc-dnssec,,
PQ Code Package,,,,,,not_found,,2026-05-10,,,pq-code-package,,
pqc-flow,pkg:github/CipherIQ/pqc-flow,github,CipherIQ,pqc-flow,exact,matched,https://github.com/CipherIQ/pqc-flow,2026-05-10,,,pqc-flow,,
PQC-LEO,pkg:github/crt26/pqc-evaluation-tools,github,crt26,pqc-evaluation-tools,exact,matched,https://github.com/crt26/pqc-evaluation-tools,2026-05-10,,,pqc-leo,,
pQCee CNG Provider,,,,,,not_found,,2026-05-10,,,pqcee-cng-provider,,
PQChat Quantum-Safe Messaging,,,,,,not_found,,2026-05-10,,,pqchat-quantum-safe-messaging,,
PQClean,pkg:github/PQClean/PQClean,github,PQClean,PQClean,exact,matched,https://github.com/PQClean/PQClean,2026-05-10,,,pqclean,,
pqcrypto,pkg:cargo/pqcrypto,cargo,,pqcrypto,exact,matched,https://crates.io/crates/pqcrypto,2026-05-10,,,pqcrypto,,
pqcrypto Python Library,,,,,,not_found,,2026-05-10,,,pqcrypto-python-library,,
PQCryptoLib-Core,,,,,,not_found,,2026-05-10,,,pqcryptolib-core,,
pqcscan,pkg:github/anvilsecure/pqcscan,github,anvilsecure,pqcscan,exact,matched,https://github.com/anvilsecure/pqcscan,2026-05-10,,,pqcscan,,
pqm4,pkg:github/mupq/pqm4,github,mupq,pqm4,exact,matched,https://github.com/mupq/pqm4,2026-05-10,,,pqm4,,
PQMicroLib-Core,,,,,,not_found,,2026-05-10,,,pqmicrolib-core,,
PQSecure Technologies HW IP,,,,,,not_found,,2026-05-10,,,pqsecure-technologies-hw-ip,,
PQShield Core,,,,,,not_found,,2026-05-10,,,pqshield-core,,
PQShield PQE2E Messaging SDK,,,,,,not_found,,2026-05-10,,,pqshield-pqe2e-messaging-sdk,,
PQShield PQSDK,,,,,,not_found,,2026-05-10,,,pqshield-pqsdk,,
Procivis One,pkg:github/procivis/one-open-core,github,procivis,one-open-core,exact,matched,https://github.com/procivis/one-open-core,2026-05-10,,,procivis-one,,
Project Eleven Solana PQC,,,,,,not_found,,2026-05-10,,,project-eleven-solana-pqc,,
Proofpoint Aegis,,,,,,not_found,,2026-05-10,,,proofpoint-aegis,,
Protect AI Guardian,,,,,,not_found,,2026-05-10,,,protect-ai-guardian,,
Proton Mail,,,,,,not_found,,2026-05-10,,,proton-mail,,
Proton Mail PQC OpenPGP,,,,,,not_found,,2026-05-10,,,proton-mail-pqc-openpgp,,
Proton VPN,,,,,,not_found,,2026-05-10,,,proton-vpn,,
Pulumi / Talan 2026,,,,,,not_found,,2026-05-10,,,,,
Pure Storage Purity//FA 6.6,,,,,,not_found,,2026-05-10,,,pure-storage-purity-fa-6-6,,
PuTTY,,,,,,not_found,,2026-05-10,,,putty,,
PyCryptodome,pkg:github/Legrandin/pycryptodome,github,Legrandin,pycryptodome,exact,matched,https://github.com/Legrandin/pycryptodome,2026-05-10,,,pycryptodome,,
PyJWT,pkg:github/jpadilla/pyjwt,github,jpadilla,pyjwt,exact,matched,https://github.com/jpadilla/pyjwt,2026-05-10,,,pyjwt,,
Q-CORE Q-Scanner,,,,,,not_found,,2026-05-10,,,q-core-q-scanner,,
QAN XLINK PQC,,,,,,not_found,,2026-05-10,,,qan-xlink-pqc,,
QApp PQC TLS Gateway (Russia),,,,,,not_found,,2026-05-10,,,qapp-pqc-tls-gateway-russia,,
Qatar QC2 Quantum Center,,,,,,not_found,,2026-05-10,,,qatar-qc2-quantum-center,,
QNu Labs QShield,,,,,,not_found,,2026-05-10,,,qnu-labs-qshield,,
QRL,pkg:github/theQRL/QRL,github,theQRL,QRL,exact,matched,https://github.com/theQRL/QRL,2026-05-10,,,qrl,,
QRL 2.0 (Quantum Resistant Ledger),,,,,,not_found,,2026-05-10,,,qrl-2-0-quantum-resistant-ledger,,
Qrypt BLAST SDK,,,,,,not_found,,2026-05-10,,,qrypt-blast-sdk,,
Qrypt VPN for NVIDIA Jetson,,,,,,not_found,,2026-05-10,,,qrypt-vpn-for-nvidia-jetson,,
Qualcomm Snapdragon SPU,,,,,,not_found,,2026-05-10,,,qualcomm-snapdragon-spu,,
Qualcomm Snapdragon Trusted Execution Environment,,,,,,not_found,,2026-05-10,,,qualcomm-snapdragon-trusted-execution-environment,,
Qualys Cloud Platform,,,,,,not_found,,2026-05-10,,,qualys-cloud-platform,,
Quantinuum Quantum Origin,,,,,,not_found,,2026-05-10,,,quantinuum-quantum-origin,,
Quantropi QiSpace STM32,,,,,,not_found,,2026-05-10,,,quantropi-qispace-stm32,,
Quantum Bridge DSKE,,,,,,not_found,,2026-05-10,,,quantum-bridge-dske,,
Quantum Bridge Subsea QKD,,,,,,not_found,,2026-05-10,,,,,
Quantum eMotion Sentry-Q,,,,,,not_found,,2026-05-10,,,quantum-emotion-sentry-q,,
Quantum Leap Africa (AIMS),,,,,,not_found,,2026-05-10,,,quantum-leap-africa-aims,,
Quantum Xchange Platform,,,,,,not_found,,2026-05-10,,,quantum-xchange-platform,,
QuantumCTek PQC Chip,,,,,,not_found,,2026-05-10,,,quantumctek-pqc-chip,,
QuintessenceLabs qSOC,,,,,,not_found,,2026-05-10,,,quintessencelabs-qsoc,,
QuintessenceLabs qStream,,,,,,not_found,,2026-05-10,,,quintessencelabs-qstream,,
Quranium PQC Blockchain,,,,,,not_found,,2026-05-10,,,quranium-pqc-blockchain,,
QuSecure QuProtect R3,,,,,,not_found,,2026-05-10,,,qusecure-quprotect-r3,,
QuSecure QuProtect Tactical,,,,,,not_found,,2026-05-10,,,qusecure-quprotect-tactical,,
QVerse,,,,,,not_found,,2026-05-10,,,qverse,,
R3 Corda,pkg:github/corda/corda,github,corda,corda,exact,matched,https://github.com/corda/corda,2026-05-10,,,r3-corda,,
Rakuten Symphony (Symworld),,,,,,not_found,,2026-05-10,,,rakuten-symphony-symworld,,
Rambus QSE IP,,,,,,not_found,,2026-05-10,,,rambus-qse-ip,,
Rapid7 InsightVM,,,,,,not_found,,2026-05-10,,,rapid7-insightvm,,
Recorded Future,,,,,,not_found,,2026-05-10,,,recorded-future,,
Red Hat Enterprise Linux 10 PQC,,,,,,not_found,,2026-05-10,,,red-hat-enterprise-linux-10-pqc,,
Red Hat Enterprise Linux 9,,,,,,not_found,,2026-05-10,,,red-hat-enterprise-linux-9,,
Red Hat OpenShift,,,,,,not_found,,2026-05-10,,,red-hat-openshift,,
Red Hat OpenShift Service Mesh PQC,,,,,,not_found,,2026-05-10,,,red-hat-openshift-service-mesh-pqc,,
Redis,pkg:github/redis/redis,github,redis,redis,exact,matched,https://github.com/redis/redis,2026-05-10,,,redis,,
Renesas Veridify PQC for RA MCUs,,,,,,not_found,,2026-05-10,,,renesas-veridify-pqc-for-ra-mcus,,
Resquant Crypto Accelerator,,,,,,not_found,,2026-05-10,,,resquant-crypto-accelerator,,
Robust Intelligence AI Firewall,,,,,,not_found,,2026-05-10,,,,,
Rocky Linux,,,,,,not_found,,2026-05-10,,,rocky-linux,,
RPM Signing (rpm-sign),pkg:github/rpm-software-management/rpm,github,rpm-software-management,rpm,exact,matched,https://github.com/rpm-software-management/rpm,2026-05-10,,,rpm-signing-rpm-sign,,
Rubrik Security Cloud,,,,,,not_found,,2026-05-10,,,rubrik-security-cloud,,
RustCrypto ml-dsa,pkg:cargo/ml-dsa,cargo,,ml-dsa,exact,matched,https://crates.io/crates/ml-dsa,2026-05-10,,,rustcrypto-ml-dsa,,
RustCrypto ML-DSA,pkg:github/RustCrypto/signatures,github,RustCrypto,signatures,exact,matched,https://github.com/RustCrypto/signatures,2026-05-10,,,rustcrypto-ml-dsa-2,,
RustCrypto ml-kem,pkg:cargo/ml-kem,cargo,,ml-kem,exact,matched,https://crates.io/crates/ml-kem,2026-05-10,,,rustcrypto-ml-kem,,
RustCrypto ML-KEM,pkg:github/RustCrypto/KEMs,github,RustCrypto,KEMs,exact,matched,https://github.com/RustCrypto/KEMs,2026-05-10,,,rustcrypto-ml-kem-2,,
RustCrypto slh-dsa,pkg:cargo/slh-dsa,cargo,,slh-dsa,exact,matched,https://crates.io/crates/slh-dsa,2026-05-10,,,rustcrypto-slh-dsa,,
RustCrypto SLH-DSA,pkg:github/RustCrypto/signatures,github,RustCrypto,signatures,exact,matched,https://github.com/RustCrypto/signatures,2026-05-10,,,rustcrypto-slh-dsa-2,,
rustls,pkg:github/rustls/rustls,github,rustls,rustls,exact,matched,https://github.com/rustls/rustls,2026-05-10,,,rustls,,
SA QuTI Quantum Communications,,,,,,not_found,,2026-05-10,,,sa-quti-quantum-communications,,
SafeLogic CryptoComply,,,,,,not_found,,2026-05-10,,,safelogic-cryptocomply,,
SAML 2.0,,,,,,not_found,,2026-05-10,,,saml-2-0,,
Samsung Knox Quantum-Safe,,,,,,not_found,,2026-05-10,,,samsung-knox-quantum-safe,,
Samsung Networks 5G Core,,,,,,not_found,,2026-05-10,,,samsung-networks-5g-core,,
Samsung S3SSE2A eSE,,,,,,not_found,,2026-05-10,,,samsung-s3sse2a-ese,,
Samsung SDS S-CAPE PQC Platform,,,,,,not_found,,2026-05-10,,,samsung-sds-s-cape-pqc-platform,,
SandboxAQ AQtive Guard,,,,,,not_found,,2026-05-10,,,sandboxaq-aqtive-guard,,
SandboxAQ Sandwich,,,,,,not_found,,2026-05-10,,,sandboxaq-sandwich,,
SAP Cryptographic Library,,,,,,not_found,,2026-05-10,,,sap-cryptographic-library,,
SAP Cryptographic Library 8.6 PQC,,,,,,not_found,,2026-05-10,,,sap-cryptographic-library-8-6-pqc,,
Scality RING9,,,,,,not_found,,2026-05-10,,,scality-ring9,,
SEALSQ QS7001,,,,,,not_found,,2026-05-10,,,sealsq-qs7001,,
SEALSQ Quantum Shield,,,,,,not_found,,2026-05-10,,,sealsq-quantum-shield,,
SEALSQ QVault TPM,,,,,,not_found,,2026-05-10,,,sealsq-qvault-tpm,,
SECQAI Q-Locked TPM (Taiwan/TSMC),,,,,,not_found,,2026-05-10,,,secqai-q-locked-tpm-taiwan-tsmc,,
Sectigo 2026 Predictions,,,,,,not_found,,2026-05-10,,,sectigo-2026-predictions,,
Sectigo Cert Manager 2026,,,,,,not_found,,2026-05-10,,,sectigo-cert-manager-2026,,
Sectigo Certificate Manager,,,,,,not_found,,2026-05-10,,,sectigo-certificate-manager,,
Sectigo Certificate Manager (SCM),,,,,,not_found,,2026-05-10,,,sectigo-certificate-manager-scm,,
Secunet SINA PQC Components,,,,,,not_found,,2026-05-10,,,secunet-sina-pqc-components,,
Secure-IC Securyzr,,,,,,not_found,,2026-05-10,,,secure-ic-securyzr,,
Securosys CloudHSM,,,,,,not_found,,2026-05-10,,,securosys-cloudhsm,,
Securosys Primus CyberVault PQC,,,,,,not_found,,2026-05-10,,,securosys-primus-cybervault-pqc,,
Securosys Primus HSM,,,,,,not_found,,2026-05-10,,,securosys-primus-hsm,,
Senetas CN7000 Series,,,,,,not_found,,2026-05-10,,,senetas-cn7000-series,,
SentinelOne Singularity,,,,,,not_found,,2026-05-10,,,,,
Sequoia-PGP PQC,,,,,,not_found,,2026-05-10,,,sequoia-pgp-pqc,,
Sequre Quantum (Chile),,,,,,not_found,,2026-05-10,,,sequre-quantum-chile,,
Session Protocol V2 PQC,,,,,,not_found,,2026-05-10,,,session-protocol-v2-pqc,,
Siemens SINEMA Remote Connect,,,,,,not_found,,2026-05-10,,,siemens-sinema-remote-connect,,
Signal,pkg:github/signalapp/libsignal,github,signalapp,libsignal,exact,matched,https://github.com/signalapp/libsignal,2026-05-10,,,signal,,
Signal Protocol,pkg:github/signalapp/libsignal,github,signalapp,libsignal,exact,matched,https://github.com/signalapp/libsignal,2026-05-10,,,,,
Signiant Media Shuttle,,,,,,not_found,,2026-05-10,,,signiant-media-shuttle,,
SignQuantum PQC E-Signature,,,,,,not_found,,2026-05-10,,,signquantum-pqc-e-signature,,
SignServer,pkg:github/Keyfactor/signserver-ce,github,Keyfactor,signserver-ce,exact,matched,https://github.com/Keyfactor/signserver-ce,2026-05-10,,,signserver,,
sigstore/cosign,pkg:github/sigstore/cosign,github,sigstore,cosign,exact,matched,https://github.com/sigstore/cosign,2026-05-10,,,sigstore-cosign,,
SimpleX Chat PQC,,,,,,not_found,,2026-05-10,,,simplex-chat-pqc,,
Singtel Quantum-Safe Network,,,,,,not_found,,2026-05-10,,,singtel-quantum-safe-network,,
SK Telecom 5G PQC SIM,,,,,,not_found,,2026-05-10,,,sk-telecom-5g-pqc-sim,,
Slack Enterprise Grid,,,,,,not_found,,2026-05-10,,,,,
smallstep Certificate Authority,pkg:github/smallstep/certificates,github,smallstep,certificates,exact,matched,https://github.com/smallstep/certificates,2026-05-10,,,smallstep-certificate-authority,,
SMAUG-T Reference Implementation,pkg:github/kpqc-cryptocon/SMAUG-T,github,kpqc-cryptocon,SMAUG-T,exact,matched,https://github.com/kpqc-cryptocon/SMAUG-T,2026-05-10,,,smaug-t-reference-implementation,,
Snort IDS/IPS,pkg:github/snort3/snort3,github,snort3,snort3,exact,matched,https://github.com/snort3/snort3,2026-05-10,,,snort-ids-ips,,
Snyk Container,,,,,,not_found,,2026-05-10,,,,,
SOC 2 (Quantum Trust Criteria),,,,,,not_found,,2026-05-10,,,soc-2-quantum-trust-criteria,,
SoftHSM2,pkg:github/opendnssec/SoftHSMv2,github,opendnssec,SoftHSMv2,exact,matched,https://github.com/opendnssec/SoftHSMv2,2026-05-10,,,softhsm2,,
Solana,pkg:github/solana-labs/solana,github,solana-labs,solana,exact,matched,https://github.com/solana-labs/solana,2026-05-10,,,solana,,
Sonatype Nexus,,,,,,not_found,,2026-05-10,,,sonatype-nexus,,
SOPS (Secrets OPerationS),pkg:github/getsops/sops,github,getsops,sops,exact,matched,https://github.com/getsops/sops,2026-05-10,,,getsops-sops,,
SOTI MobiControl,,,,,,not_found,,2026-05-10,,,soti-mobicontrol,,
Spain Quantum Strategy EUR 808M,,,,,,not_found,,2026-05-10,,,spain-quantum-strategy-eur-808m,,
Sphereon SSI SDK,pkg:github/Sphereon-Opensource/SSI-SDK,github,Sphereon-Opensource,SSI-SDK,exact,matched,https://github.com/Sphereon-Opensource/SSI-SDK,2026-05-10,,,sphereon-ssi-sdk,,
Spherity CARO Pharma PQC,,,,,,not_found,,2026-05-10,,,spherity-caro-pharma-pqc,,
Splunk Enterprise,,,,,,not_found,,2026-05-10,,,splunk-enterprise,,
Spring Security OAuth2,pkg:github/spring-projects/spring-security,github,spring-projects,spring-security,exact,matched,https://github.com/spring-projects/spring-security,2026-05-10,,,spring-security-oauth2,,
SpruceID,,,,,,not_found,,2026-05-10,,,spruceid,,
SQL Server TDE/Always Encrypted,,,,,,not_found,,2026-05-10,,,sql-server-tde-always-encrypted,,
SSLyze,pkg:github/nabla-c0d3/sslyze,github,nabla-c0d3,sslyze,exact,matched,https://github.com/nabla-c0d3/sslyze,2026-05-10,,,sslyze,,
STC Quantum-Safe Framework,,,,,,not_found,,2026-05-10,,,stc-quantum-safe-framework,,
STMicroelectronics ST33G1M2 TPM,,,,,,not_found,,2026-05-10,,,,,
STMicroelectronics ST33KTPM,,,,,,not_found,,2026-05-10,,,stmicroelectronics-st33ktpm,,
STMicroelectronics X-CUBE-PQC,,,,,,not_found,,2026-05-10,,,stmicroelectronics-x-cube-pqc,,
Stripe (v2026),,,,,,not_found,,2026-05-10,,,,,
strongSwan,pkg:github/strongswan/strongswan,github,strongswan,strongswan,exact,matched,https://github.com/strongswan/strongswan,2026-05-10,,,strongswan,,
STV Post-Quantum Secure Drones,,,,,,not_found,,2026-05-10,,,stv-post-quantum-secure-drones,,
Stytch,,,,,,not_found,,2026-05-10,,,,,
Stytch Authentication Platform,,,,,,not_found,,2026-05-10,,,stytch-platform,,
Sui,pkg:github/MystenLabs/sui,github,MystenLabs,sui,exact,matched,https://github.com/MystenLabs/sui,2026-05-10,,,sui,,
SUPERCOP,,,,,,not_found,,2026-05-10,,,supercop,,
Surfshark,,,,,,not_found,,2026-05-10,,,surfshark,,
Suricata IDS/IPS,pkg:github/OISF/suricata,github,OISF,suricata,exact,matched,https://github.com/OISF/suricata,2026-05-10,,,suricata-ids-ips,,
SUSE Linux Enterprise Server (SLES),,,,,,not_found,,2026-05-10,,,suse-linux-enterprise-server-sles,,
SWIFT (Post-Quantum Strategy),,,,,,not_found,,2026-05-10,,,,,
SWIFT Quantum-Safe Messaging,,,,,,not_found,,2026-05-10,,,swift-quantum-safe-messaging,,
Tailscale PQC,,,,,,not_found,,2026-05-10,,,tailscale-pqc,,
Taiwan QSMC Migration Center,,,,,,not_found,,2026-05-10,,,taiwan-qsmc-migration-center,,
Taurus SA,,,,,,not_found,,2026-05-10,,,taurus-sa,,
Tectia SSH (SSH.COM),,,,,,not_found,,2026-05-10,,,ssh-com-tectia,,
Telefonica Quantum Centre,,,,,,not_found,,2026-05-10,,,telefonica-quantum-centre,,
Telegram,,,,,,not_found,,2026-05-10,,,telegram,,
Teleport Access Platform,pkg:github/gravitational/teleport,github,gravitational,teleport,exact,matched,https://github.com/gravitational/teleport,2026-05-10,,,teleport-access-platform,,
Temenos Core Banking,,,,,,not_found,,2026-05-10,,,,,
Tenable Nessus Professional,,,,,,not_found,,2026-05-10,,,tenable-nessus-professional,,
testssl.sh,pkg:github/drwetter/testssl.sh,github,drwetter,testssl.sh,exact,matched,https://github.com/drwetter/testssl.sh,2026-05-10,,,testssl-sh,,
Thales 5G Quantum-Safe SIM,,,,,,not_found,,2026-05-10,,,thales-5g-quantum-safe-sim,,
Thales CipherTrust Cloud Key Manager,,,,,,not_found,,2026-05-10,,,thales-ciphertrust-cloud-key-manager,,
Thales CipherTrust Data Discovery and Classification,,,,,,not_found,,2026-05-10,,,,,
Thales CipherTrust Data Security Platform,,,,,,not_found,,2026-05-10,,,thales-ciphertrust-data-security-platform,,
Thales CipherTrust Manager,,,,,,not_found,,2026-05-10,,,thales-ciphertrust-manager,,
Thales High Speed Encryptor (HSE),,,,,,not_found,,2026-05-10,,,thales-high-speed-encryptor-hse,,
Thales Luna Cloud HSM (DPoD),,,,,,not_found,,2026-05-10,,,thales-luna-cloud-hsm-dpod,,
Thales Luna HSM,,,,,,not_found,,2026-05-10,,,thales-luna-hsm,,
Thales Luna T-Series HSM,,,,,,not_found,,2026-05-10,,,thales-luna-t-series-hsm,,
Thales MISTRAL Encryptor,,,,,,not_found,,2026-05-10,,,thales-mistral-encryptor,,
Thales MultiApp 5.2 Premium PQC,,,,,,not_found,,2026-05-10,,,thales-multiapp-5-2-premium-pqc,,
Thales payShield 10K,,,,,,not_found,,2026-05-10,,,thales-payshield-10k,,
Thought Machine Vault,,,,,,not_found,,2026-05-10,,,,,
Threema PQC,,,,,,not_found,,2026-05-10,,,threema-pqc,,
Thunderbird + OpenPGP,pkg:github/nickolay/rnp,github,nickolay,rnp,exact,matched,https://github.com/nickolay/rnp,2026-05-10,,,,,
Thunderbird PQC (OpenPGP),,,,,,not_found,,2026-05-10,,,thunderbird-pqc-openpgp,,
TianoCore EDK2 (UEFI Firmware),pkg:github/tianocore/edk2,github,tianocore,edk2,exact,matched,https://github.com/tianocore/edk2,2026-05-10,,,tianocore-edk2-uefi-firmware,,
TII PQC Library (UAE),,,,,,not_found,,2026-05-10,,,tii-pqc-library-uae,,
TikTok PQC Data Protection,,,,,,not_found,,2026-05-10,,,tiktok-pqc-data-protection,,
Toppan PQC CARD,,,,,,not_found,,2026-05-10,,,toppan-pqc-card,,
TOPPAN SecureBridge HPKI PQC,,,,,,not_found,,2026-05-10,,,toppan-securebridge-hpki-pqc,,
Tor Browser,,,,,,not_found,,2026-05-10,,,tor-browser,,
Toshiba Integrated PQC-QKD Platform,,,,,,not_found,,2026-05-10,,,toshiba-integrated-pqc-qkd-platform,,
Toshiba QKD System,,,,,,not_found,,2026-05-10,,,toshiba-qkd-system,,
Traefik,pkg:github/traefik/traefik,github,traefik,traefik,exact,matched,https://github.com/traefik/traefik,2026-05-10,,,traefik,,
Trail of Bits ml-dsa,pkg:github/trailofbits/ml-dsa,github,trailofbits,ml-dsa,exact,matched,https://github.com/trailofbits/ml-dsa,2026-05-10,,,trailofbits-ml-dsa,,
Trend Micro Vision One,,,,,,not_found,,2026-05-10,,,,,
Trezor Safe 7 PQC,,,,,,not_found,,2026-05-10,,,trezor-safe-7-pqc,,
TrustCloud Quantum Vault,,,,,,not_found,,2026-05-10,,,trustcloud-quantum-vault,,
TUBITAK BILGEM PQC (Turkey),,,,,,not_found,,2026-05-10,,,tubitak-bilgem-pqc-turkey,,
Turkcell Nokia Quantum-Safe IPsec,,,,,,not_found,,2026-05-10,,,turkcell-nokia-quantum-safe-ipsec,,
Tuta Mail,,,,,,not_found,,2026-05-10,,,tuta-mail,,
U-Boot,pkg:github/u-boot/u-boot,github,u-boot,u-boot,exact,matched,https://github.com/u-boot/u-boot,2026-05-10,,,u-boot,,
Ubuntu 24.04 LTS,,,,,,not_found,,2026-05-10,,,ubuntu-24-04-lts,,
Ubuntu 26.04 LTS,,,,,,not_found,,2026-05-10,,,ubuntu-26-04-lts,,
UEFI Forum Secure Boot,,,,,,not_found,,2026-05-10,,,,,
Unisys ClearPath Forward,,,,,,not_found,,2026-05-10,,,unisys-clearpath-forward,,
Utimaco Athos,,,,,,not_found,,2026-05-10,,,,,
Utimaco ESKM,,,,,,not_found,,2026-05-10,,,utimaco-eskm,,
Utimaco Quantum Protect Suite,,,,,,not_found,,2026-05-10,,,utimaco-quantum-protect-suite,,
Utimaco SecurityServer,,,,,,not_found,,2026-05-10,,,utimaco-securityserver,,
Utimaco uTrust HSM,,,,,,not_found,,2026-05-10,,,utimaco-utrust-hsm,,
VanDyke SecureCRT 10.x,,,,,,not_found,,2026-05-10,,,vandyke-securecrt-10-x,,
Veeam Data Platform v13,,,,,,not_found,,2026-05-10,,,veeam-data-platform-v13,,
Venafi,,,,,,not_found,,2026-05-10,,,,,
Venafi CodeSign Protect,,,,,,not_found,,2026-05-10,,,venafi-codesign-protect,,
Venafi TLS PQC Continuity,,,,,,not_found,,2026-05-10,,,venafi-tls-pqc-continuity,,
Venafi TLS Protect,,,,,,not_found,,2026-05-10,,,venafi-tls-protect,,
Venafi Trust Protection Platform,,,,,,not_found,,2026-05-10,,,venafi-trust-protection-platform,,
Veracode Platform,,,,,,not_found,,2026-05-10,,,veracode-platform,,
VeraCrypt,pkg:github/veracrypt/VeraCrypt,github,veracrypt,VeraCrypt,exact,matched,https://github.com/veracrypt/VeraCrypt,2026-05-10,,,veracrypt,,
Veritas NetBackup 10.5,,,,,,not_found,,2026-05-10,,,veritas-netbackup-10-5,,
Veritas NetBackup 11 PQC,,,,,,not_found,,2026-05-10,,,veritas-netbackup-11-pqc,,
Versa Networks SASE PQC,,,,,,not_found,,2026-05-10,,,versa-networks-sase-pqc,,
VIAVI Observer Analyzer,,,,,,not_found,,2026-05-10,,,viavi-observer-analyzer,,
VIAVI TeraVM Security Test,,,,,,not_found,,2026-05-10,,,viavi-teravm-security-test,,
Virtru Data Protection,,,,,,not_found,,2026-05-10,,,virtru-data-protection,,
Visa (Quantum Readiness),,,,,,not_found,,2026-05-10,,,,,
Vivaldi Browser,,,,,,not_found,,2026-05-10,,,,,
VMware Avi Load Balancer PQC,,,,,,not_found,,2026-05-10,,,vmware-avi-load-balancer-pqc,,
VMware ESXi 9.0,,,,,,not_found,,2026-05-10,,,vmware-esxi-9-0,,
VMware Horizon,,,,,,not_found,,2026-05-10,,,vmware-horizon,,
VMware Workspace ONE,,,,,,not_found,,2026-05-10,,,vmware-workspace-one,,
Vodafone Quantum-Safe Network,,,,,,not_found,,2026-05-10,,,vodafone-quantum-safe-network,,
Vox Messenger PQC,,,,,,not_found,,2026-05-10,,,vox-messenger-pqc,,
Vultr Cloud GPU,,,,,,not_found,,2026-05-10,,,vultr-cloud-gpu,,
walt.id,,,,,,not_found,,2026-05-10,,,walt-id,,
WEntrust KeyControl,,,,,,not_found,,2026-05-10,,,,,
WhatsApp,,,,,,not_found,,2026-05-10,,,whatsapp,,
WildFly (JBoss),pkg:github/wildfly/wildfly,github,wildfly,wildfly,exact,matched,https://github.com/wildfly/wildfly,2026-05-10,,,wildfly-jboss,,
Wind River VxWorks,,,,,,not_found,,2026-05-10,,,wind-river-vxworks,,
Windows 11,,,,,,not_found,,2026-05-10,,,windows-11,,
Windows Secure Boot,,,,,,not_found,,2026-05-10,,,,,
Windows Server 2025,,,,,,not_found,,2026-05-10,,,windows-server-2025,,
Windscribe,,,,,,not_found,,2026-05-10,,,windscribe,,
WinSCP PQC File Transfer,,,,,,not_found,,2026-05-10,,,winscp-pqc-file-transfer,,
Wire,,,,,,not_found,,2026-05-10,,,wire,,
WireGuard,,,,,,not_found,,2026-05-10,,,wireguard,,
WISeSat PQC Constellation,,,,,,not_found,,2026-05-10,,,wisesat-pqc-constellation,,
Wiz Cloud Security PQC,,,,,,not_found,,2026-05-10,,,wiz-cloud-security-pqc,,
wolfBoot,pkg:github/wolfSSL/wolfBoot,github,wolfSSL,wolfBoot,exact,matched,https://github.com/wolfSSL/wolfBoot,2026-05-10,,,wolfboot,,
wolfSSH,pkg:github/wolfSSL/wolfssh,github,wolfSSL,wolfssh,exact,matched,https://github.com/wolfSSL/wolfssh,2026-05-10,,,wolfssh,,
wolfSSL,pkg:github/wolfSSL/wolfssl,github,wolfSSL,wolfssl,exact,matched,https://github.com/wolfSSL/wolfssl,2026-05-10,,,wolfssl,,
wolfTPM PQC,,,,,,not_found,,2026-05-10,,,wolftpm-pqc,,
Xiphera PQC IP Cores,,,,,,not_found,,2026-05-10,,,xiphera-pqc-ip-cores,,
Xiphera XIP6110B,,,,,,not_found,,2026-05-10,,,xiphera-xip6110b,,
Xiphera xQlave,,,,,,not_found,,2026-05-10,,,xiphera-xqlave,,
XiPKI,pkg:github/xipki/xipki,github,xipki,xipki,exact,matched,https://github.com/xipki/xipki,2026-05-10,,,xipki,,
xmss-reference,pkg:github/XMSS/xmss-reference,github,XMSS,xmss-reference,exact,matched,https://github.com/XMSS/xmss-reference,2026-05-10,,,xmss-reference,,
Yubico YubiHSM 2,pkg:github/Yubico/yubihsm-shell,github,Yubico,yubihsm-shell,exact,matched,https://github.com/Yubico/yubihsm-shell,2026-05-10,,,yubico-yubihsm-2,,
Zeek Network Analysis Framework,pkg:github/zeek/zeek,github,zeek,zeek,exact,matched,https://github.com/zeek/zeek,2026-05-10,,,zeek-network-analysis-framework,,
ZeroTier Quantum,,,,,,not_found,,2026-05-10,,,zerotier-quantum,,
Zerto 11.0,,,,,,not_found,,2026-05-10,,,zerto-11-0,,
Zix / AppRiver,,,,,,not_found,,2026-05-10,,,,,
Zodia Custody,,,,,,not_found,,2026-05-10,,,zodia-custody,,
Zoom Compliance 2026,,,,,,not_found,,2026-05-10,,,zoom-compliance-2026,,
Zscaler Zero Trust Exchange,,,,,,not_found,,2026-05-10,,,zscaler-zero-trust-exchange,,
Zscaler ZTE,,,,,,not_found,,2026-05-10,,,zscaler-zte,,
