algorithm_family,algorithm,cryptographic_family,nist_security_level,aes_equivalent,public_key_bytes,private_key_bytes,signature_ciphertext_bytes,shared_secret_bytes,keygen_cycles_relative,sign_encaps_cycles_relative,verifydecaps_cycles_relative,stack_ram_bytes,optimization_target,fips_standard,use_case_notes,trusted_source_id,peer_reviewed,vetting_body,region,status,status_url,status_url_quality,confidence_score
KEM,ML-KEM-512,Lattice,1.0,AES-128,800.0,1632.0,768.0,32.0,1x,1x,1x,~4000,Balanced,FIPS 203,Good for most applications; ~80x faster keygen than RSA-2048,nist-csrc,yes,NIST,NIST,FIPS 203,https://csrc.nist.gov/pubs/fips/203/final,url_authoritative,85
KEM,ML-KEM-768,Lattice,3.0,AES-192,1184.0,2400.0,1088.0,32.0,1.5x,1.5x,1.5x,~6000,Balanced,FIPS 203,Recommended general use; balances security and performance,nist-csrc,yes,NIST,NIST,FIPS 203,https://csrc.nist.gov/pubs/fips/203/final,url_authoritative,85
KEM,ML-KEM-1024,Lattice,5.0,AES-256,1568.0,3168.0,1568.0,32.0,2x,2x,2x,~8000,Balanced,FIPS 203,Highest security; CNSA 2.0 requirement for government/defense,nist-csrc,yes,NIST,NIST,FIPS 203,https://csrc.nist.gov/pubs/fips/203/final,url_authoritative,85
KEM,FrodoKEM-640,Lattice,1.0,AES-128,9616.0,19888.0,9752.0,16.0,10x,20x,20x,~60000,Conservative,NIST Round 3 alternate (not advanced); BSI/ANSSI & ISO 18033-2 recommended,"Conservative LWE-based; larger key & ciphertext, slower than ML-KEM; not selected for NIST standardization",ietf,yes,NIST,BSI/ANSSI,ISO 18033-2 Amd2,https://www.iso.org/standard/85646.html,url_authoritative,85
KEM,FrodoKEM-976,Lattice,3.0,AES-192,15632.0,31296.0,15792.0,24.0,15x,30x,30x,~120000,Conservative,NIST Round 3 alternate (not advanced); BSI/ANSSI & ISO 18033-2 recommended,Higher security conservative option; significant size/performance cost; not selected for NIST standardization,ietf,yes,NIST,BSI/ANSSI,ISO 18033-2 Amd2,https://www.iso.org/standard/85646.html,url_authoritative,85
KEM,FrodoKEM-1344,Lattice,5.0,AES-256,21520.0,43088.0,21696.0,32.0,20x,40x,40x,~180000,Conservative,NIST Round 3 alternate (not advanced); BSI/ANSSI & ISO 18033-2 recommended,Ultra-conservative LWE (Level 5); very large keys and slowest performance; not selected for NIST standardization,ietf,yes,NIST,BSI/ANSSI,ISO 18033-2 Amd2,https://www.iso.org/standard/85646.html,url_authoritative,85
KEM,HQC-128,Code-based,1.0,AES-128,2249.0,2305.0,4433.0,64.0,2x,3x,3x,~10000,Balanced,Draft (Selected 2025),Code-based KEM; NIST-selected 2025 as backup to ML-KEM. Sizes from liboqs 0.12.0 (Aug 2025 spec); may change before final standard,nist-csrc,yes,NIST,NIST,Candidate,https://csrc.nist.gov/projects/post-quantum-cryptography,url_authoritative,85
KEM,HQC-192,Code-based,3.0,AES-192,4522.0,4586.0,8978.0,64.0,3x,6x,6x,~20000,Balanced,Draft (Selected 2025),Higher security code-based; NIST-selected 2025. Sizes from liboqs 0.12.0 (Aug 2025 spec); may change before final standard,nist-csrc,yes,NIST,NIST,Candidate,https://csrc.nist.gov/projects/post-quantum-cryptography,url_authoritative,85
KEM,HQC-256,Code-based,5.0,AES-256,7245.0,7317.0,14421.0,64.0,4x,9x,9x,~30000,Balanced,Draft (Selected 2025),Highest security code-based; NIST-selected 2025; cryptographic diversity from lattice-based ML-KEM. Sizes from liboqs 0.12.0 (Aug 2025 spec); may change before final standard,nist-csrc,yes,NIST,NIST,Candidate,https://csrc.nist.gov/projects/post-quantum-cryptography,url_authoritative,85
KEM,Classic-McEliece-348864,Code-based,1.0,AES-128,261120.0,6492.0,96.0,32.0,80x,4x,4x,~8000,Balanced,NIST PQC Round 4 (Alternate),Level 1 code-based (McEliece); ~256KB public key; fast decapsulation; not selected for NIST FIPS (impractical key sizes),nist-csrc,yes,NIST,BSI/ANSSI,ISO 18033-2 Amd2; BSI TR-02102-1,https://www.iso.org/standard/86890.html,url_authoritative,85
KEM,Classic-McEliece-460896,Code-based,3.0,AES-192,524160.0,13608.0,156.0,32.0,100x,5x,5x,~10000,Balanced,NIST PQC Round 4 (Alternate),Classic code-based (McEliece); ~0.5MB public key; fast decapsulation; not selected for NIST FIPS (impractical key sizes),nist-csrc,yes,NIST,BSI/ANSSI,ISO 18033-2 Amd2; BSI TR-02102-1,https://www.iso.org/standard/86890.html,url_authoritative,85
KEM,Classic-McEliece-8192128,Code-based,5.0,AES-256,1357824.0,14120.0,208.0,32.0,150x,10x,10x,~15000,Balanced,NIST PQC Round 4 (Alternate),Highest security McEliece; ~1.3MB public key; extremely secure long-term; not selected for NIST FIPS (impractical key sizes),nist-csrc,yes,NIST,BSI/ANSSI,ISO 18033-2 Amd2; BSI TR-02102-1,https://www.iso.org/standard/86890.html,url_authoritative,85
KEM,BIKE-1,Code-based,1.0,AES-128,1541.0,3749.0,1573.0,32.0,5x,8x,10x,~12000,Balanced,NIST PQC Round 4 (concluded 2025; not selected),NIST Round 4 code-based KEM (QC-MDPC); compact keys; known timing side-channels in decoding require constant-time implementation,nist-csrc,yes,NIST,NIST,Candidate,https://csrc.nist.gov/projects/post-quantum-cryptography,url_authoritative,85
KEM,BIKE-3,Code-based,3.0,AES-192,3083.0,7499.0,3115.0,32.0,8x,15x,18x,~24000,Balanced,NIST PQC Round 4 (concluded 2025; not selected),NIST Round 4 code-based KEM (QC-MDPC); Level 3 variant; compact keys relative to Classic McEliece; active standardization,nist-csrc,yes,NIST,NIST,Candidate,https://csrc.nist.gov/projects/post-quantum-cryptography,url_authoritative,85
KEM,BIKE-5,Code-based,5.0,AES-256,5122.0,12482.0,5154.0,32.0,12x,25x,30x,~40000,Balanced,NIST PQC Round 4 (concluded 2025; not selected),NIST Round 4 code-based KEM (QC-MDPC); Level 5 variant; largest keys/ciphertexts in BIKE family; strong quantum security,nist-csrc,yes,NIST,NIST,Candidate,https://csrc.nist.gov/projects/post-quantum-cryptography,url_authoritative,85
Signature,ML-DSA-44,Lattice,2.0,AES-128,1312.0,2560.0,2420.0,,1x,1x,1x,~14000,Balanced,FIPS 204,General purpose; faster than RSA signing; larger signatures,nist-csrc,yes,NIST,NIST,FIPS 204,https://csrc.nist.gov/pubs/fips/204/final,url_authoritative,85
Signature,ML-DSA-65,Lattice,3.0,AES-192,1952.0,4032.0,3309.0,,1.4x,1.3x,1.3x,~14000,Balanced,FIPS 204,Recommended general use; most balanced security/performance,nist-csrc,yes,NIST,NIST,FIPS 204,https://csrc.nist.gov/pubs/fips/204/final,url_authoritative,85
Signature,ML-DSA-87,Lattice,5.0,AES-256,2592.0,4896.0,4627.0,,1.8x,1.7x,1.7x,~14000,Balanced,FIPS 204,Highest security; suitable for long-term archival,nist-csrc,yes,NIST,NIST,FIPS 204,https://csrc.nist.gov/pubs/fips/204/final,url_authoritative,85
Signature,FN-DSA-512,Lattice,1.0,AES-128,897.0,1281.0,666.0,,5x,3x,0.5x,~20000,Small Signature,FIPS 206 (in development),Alternate lattice signature (Falcon-512); tiny signature (~0.65KB) and fast verification (requires floating-point arithmetic),nist-csrc,yes,NIST,NIST,Candidate,https://csrc.nist.gov/projects/pqc-dig-sig,url_authoritative,85
Signature,FN-DSA-1024,Lattice,5.0,AES-256,1793.0,2305.0,1280.0,,10x,6x,1x,~30000,Small Signature,FIPS 206 (in development),High-security Falcon variant; small signature (~1.25KB) and fast verification,nist-csrc,yes,NIST,NIST,Candidate,https://csrc.nist.gov/projects/pqc-dig-sig,url_authoritative,85
Signature,SLH-DSA-SHA2-128s,Hash-based,1.0,AES-128,32.0,64.0,7856.0,,50x,500x,50x,~5000,Small Keys,FIPS 205,Conservative hash-based; slow signing but small keys,nist-csrc,yes,NIST,NIST,FIPS 205,https://csrc.nist.gov/pubs/fips/205/final,url_authoritative,85
Signature,SLH-DSA-SHAKE-128s,Hash-based,1.0,AES-128,32.0,64.0,7856.0,,50x,500x,50x,~5000,Small Keys,FIPS 205,SHAKE-based hash-based signature; NIST recommends SHAKE variants for long-term security; conservative choice with tiny keys (32B pub),nist-csrc,yes,NIST,NIST,FIPS 205,https://csrc.nist.gov/pubs/fips/205/final,url_authoritative,85
Signature,SLH-DSA-SHA2-128f,Hash-based,1.0,AES-128,32.0,64.0,17088.0,,10x,100x,10x,~5000,Fast Signing,FIPS 205,Fast signing variant (~5x faster than 128s); trades larger signatures (~17KB) for signing speed; good for high-throughput scenarios,nist-csrc,yes,NIST,NIST,FIPS 205,https://csrc.nist.gov/pubs/fips/205/final,url_authoritative,85
Signature,SLH-DSA-SHAKE-128f,Hash-based,1.0,AES-128,32.0,64.0,17088.0,,10x,100x,10x,~5000,Fast Signing,FIPS 205,SHAKE-based fast signing at Level 1; ~17KB signatures but significantly faster signing than 128s; preferred over SHA2 for long-term use,nist-csrc,yes,NIST,NIST,FIPS 205,https://csrc.nist.gov/pubs/fips/205/final,url_authoritative,85
Signature,SLH-DSA-SHA2-192s,Hash-based,3.0,AES-192,48.0,96.0,16224.0,,75x,750x,75x,~5000,Small Keys,FIPS 205,Level 3 hash-based with small signatures (~16KB); very slow signing but minimal key sizes; suited for firmware signing and archival,nist-csrc,yes,NIST,NIST,FIPS 205,https://csrc.nist.gov/pubs/fips/205/final,url_authoritative,85
Signature,SLH-DSA-SHAKE-192s,Hash-based,3.0,AES-192,48.0,96.0,16224.0,,75x,750x,75x,~5000,Small Keys,FIPS 205,SHAKE-based Level 3 small signature variant; NIST-preferred hash function for longevity; ~16KB signatures with tiny 48B public key,nist-csrc,yes,NIST,NIST,FIPS 205,https://csrc.nist.gov/pubs/fips/205/final,url_authoritative,85
Signature,SLH-DSA-SHA2-192f,Hash-based,3.0,AES-192,48.0,96.0,35664.0,,15x,150x,15x,~5000,Fast Signing,FIPS 205,Level 3 fast signing variant; ~36KB signatures but ~5x faster signing than 192s; useful when signing throughput matters more than bandwidth,nist-csrc,yes,NIST,NIST,FIPS 205,https://csrc.nist.gov/pubs/fips/205/final,url_authoritative,85
Signature,SLH-DSA-SHAKE-192f,Hash-based,3.0,AES-192,48.0,96.0,35664.0,,15x,150x,15x,~5000,Fast Signing,FIPS 205,SHAKE-based Level 3 fast variant; ~36KB signatures with fast signing; NIST-preferred hash for long-term quantum resilience,nist-csrc,yes,NIST,NIST,FIPS 205,https://csrc.nist.gov/pubs/fips/205/final,url_authoritative,85
Signature,SLH-DSA-SHA2-256s,Hash-based,5.0,AES-256,64.0,128.0,29792.0,,100x,1000x,100x,~5000,Small Keys,FIPS 205,Highest security hash-based (Level 5); ~30KB signatures; extremely slow signing but maximum quantum resilience for archival use,nist-csrc,yes,NIST,NIST,FIPS 205,https://csrc.nist.gov/pubs/fips/205/final,url_authoritative,85
Signature,SLH-DSA-SHAKE-256s,Hash-based,5.0,AES-256,64.0,128.0,29792.0,,100x,1000x,100x,~5000,Small Keys,FIPS 205,SHAKE-based Level 5 with smallest signatures at this security level (~30KB); NIST-preferred for maximum long-term quantum resistance,nist-csrc,yes,NIST,NIST,FIPS 205,https://csrc.nist.gov/pubs/fips/205/final,url_authoritative,85
Signature,SLH-DSA-SHA2-256f,Hash-based,5.0,AES-256,64.0,128.0,49856.0,,20x,200x,20x,~5000,Fast Signing,FIPS 205,256-bit fast signing; ~50KB signatures,nist-csrc,yes,NIST,NIST,FIPS 205,https://csrc.nist.gov/pubs/fips/205/final,url_authoritative,85
Signature,SLH-DSA-SHAKE-256f,Hash-based,5.0,AES-256,64.0,128.0,49856.0,,20x,200x,20x,~5000,Fast Signing,FIPS 205,SHAKE-based Level 5 fast variant; ~50KB signatures but ~5x faster signing than 256s; NIST-preferred hash for top-tier security,nist-csrc,yes,NIST,NIST,FIPS 205,https://csrc.nist.gov/pubs/fips/205/final,url_authoritative,85
Signature,LMS-SHA256 (H20/W8),Hash-based,,AES-128 to AES-256,60.0,64.0,1776.0,,1x,50x,0.5x,~2000,Stateful,NIST SP 800-208,Security levels 1–5 depending on parameters. Stateful hash-based (HSS/LMS); CNSA 2.0 required for firmware signing. W8 Winternitz parameter gives smallest signatures. State management critical — private key state must never be reused.,nist-csrc,yes,NIST,NIST,SP 800-208,https://csrc.nist.gov/pubs/sp/800/208/final,url_authoritative,85
Signature,XMSS-SHA2_20,Hash-based,,AES-128 to AES-256,64.0,2573.0,2820.0,,1x,80x,0.5x,~3000,Stateful,NIST SP 800-208,Security levels 1–5 depending on parameters. Stateful hash-based (eXtended Merkle Signature Scheme). SK size is implementation-dependent (liboqs reference). Same state management constraints as LMS. Limited number of signatures per key.,nist-csrc,yes,NIST,NIST,SP 800-208,https://csrc.nist.gov/pubs/sp/800/208/final,url_authoritative,85
Classical KEM,RSA-2048,Classical,,~112-bit,270.0,1190.0,256.0,256.0,Baseline,Baseline Sign,Baseline Verify,~2000,,SP 800-56B,Deprecated 2030; vulnerable to Shor's algorithm,nist-csrc,yes,NIST,NIST,SP 800-56B,https://csrc.nist.gov/pubs/sp/800/56/b/r2/final,url_authoritative,85
Classical KEM,RSA-3072,Classical,,~128-bit,398.0,1770.0,384.0,384.0,2x,2.5x Sign,1.5x Verify,~3000,,SP 800-56B,Extended deprecation; still vulnerable to quantum,nist-csrc,yes,NIST,NIST,SP 800-56B,https://csrc.nist.gov/pubs/sp/800/56/b/r2/final,url_authoritative,85
Classical KEM,RSA-4096,Classical,,~140-bit,526.0,2350.0,512.0,512.0,4x,7x Sign,3x Verify,~4000,,SP 800-56B,Extended deprecation; highest classical RSA,nist-csrc,yes,NIST,NIST,SP 800-56B,https://csrc.nist.gov/pubs/sp/800/56/b/r2/final,url_authoritative,85
Classical KEM,ECDH P-256,Classical,,~128-bit,64.0,32.0,,32.0,0.1x,0.2x,0.2x,~500,,SP 800-56A,Compact keys; fast; vulnerable to quantum,nist-csrc,yes,NIST,NIST,FIPS 186-5,https://csrc.nist.gov/pubs/sp/800/56/a/r3/final,url_authoritative,85
Classical KEM,ECDH P-384,Classical,,~192-bit,96.0,48.0,,48.0,0.15x,0.3x,0.3x,~700,,SP 800-56A,192-bit equivalent; vulnerable to quantum,nist-csrc,yes,NIST,NIST,FIPS 186-5,https://csrc.nist.gov/pubs/sp/800/56/a/r3/final,url_authoritative,85
Classical KEM,ECDH P-521,Classical,,~256-bit,132.0,66.0,,66.0,0.2x,0.4x,0.4x,~900,,SP 800-56A,Highest NIST curve; vulnerable to quantum,nist-csrc,yes,NIST,NIST,FIPS 186-5,https://csrc.nist.gov/pubs/sp/800/56/a/r3/final,url_authoritative,85
Classical KEM,X25519,Classical,,~128-bit,32.0,32.0,,32.0,0.05x,0.1x,0.1x,~400,,RFC 7748,Very fast; compact; vulnerable to quantum,ietf,yes,NIST,NIST,FIPS 186-5,https://www.rfc-editor.org/rfc/rfc7748,url_authoritative,85
Classical KEM,X448,Classical,,~224-bit,56.0,56.0,,56.0,0.08x,0.15x,0.15x,~600,,RFC 7748,Higher security curve; vulnerable to quantum,ietf,yes,NIST,NIST,FIPS 186-5,https://www.rfc-editor.org/rfc/rfc7748,url_authoritative,85
Classical Sig,ECDSA P-256,Classical,,~128-bit,64.0,32.0,64.0,,0.1x,0.3x Sign,0.4x Verify,~500,,FIPS 186,Fast signing; compact; vulnerable to quantum,nist-csrc,yes,NIST,NIST,FIPS 186-5,https://csrc.nist.gov/pubs/fips/186-5/final,url_authoritative,85
Classical Sig,ECDSA P-384,Classical,,~192-bit,96.0,48.0,96.0,,0.15x,0.4x Sign,0.5x Verify,~700,,FIPS 186,192-bit security; vulnerable to quantum,nist-csrc,yes,NIST,NIST,FIPS 186-5,https://csrc.nist.gov/pubs/fips/186-5/final,url_authoritative,85
Classical Sig,ECDSA P-521,Classical,,~256-bit,132.0,66.0,132.0,,0.2x,0.5x Sign,0.6x Verify,~900,,FIPS 186,Highest NIST curve signature; vulnerable,nist-csrc,yes,NIST,NIST,FIPS 186-5,https://csrc.nist.gov/pubs/fips/186-5/final,url_authoritative,85
Classical Sig,Ed25519,Classical,,~128-bit,32.0,64.0,64.0,,0.02x,0.1x Sign,0.1x Verify,~300,,RFC 8032,Very fast; deterministic; vulnerable to quantum,ietf,yes,NIST,NIST,FIPS 186-5,https://www.rfc-editor.org/rfc/rfc8032,url_authoritative,85
Classical Sig,Ed448,Classical,,~224-bit,57.0,114.0,114.0,,0.04x,0.15x Sign,0.15x Verify,~500,,RFC 8032,Higher security EdDSA; vulnerable to quantum,ietf,yes,NIST,NIST,FIPS 186-5,https://www.rfc-editor.org/rfc/rfc8032,url_authoritative,85
Classical KEM,DH (Diffie-Hellman),Classical,,~112-bit,256.0,256.0,,256.0,~1x,,,~1000,,RFC 7919,Legacy discrete-log key exchange; 2048-bit common; vulnerable to Shor's algorithm; NIST deprecated,ietf,yes,NIST,NIST,RFC 7919,https://www.rfc-editor.org/rfc/rfc7919,url_authoritative,85
Classical Sig,secp256k1,Classical,,~128-bit,64.0,32.0,64.0,,0.1x,0.3x Sign,0.4x Verify,~500,,SEC 2,Bitcoin/Ethereum signature curve; vulnerable to Shor's algorithm; widely used in blockchain,secg,yes,NIST,NIST,SEC 2,https://www.secg.org/sec2-v2.pdf,missing,85
Hybrid KEM,X25519MLKEM768,Hybrid KEM (TLS named group),3.0,AES-192,1216.0,,1120.0,32.0,,,,,Balanced,draft-ietf-tls-hybrid-design,"Hybrid TLS 1.3 key exchange combining X25519 and ML-KEM-768; deployed by major browsers; RFC 8446 / IETF hybrid TLS; inherits security level 3 from ML-KEM-768. Client key_exchange = ML-KEM-768 encaps key || X25519 share (1216B); server share = ML-KEM-768 ciphertext || X25519 share (1120B), per draft-ietf-tls-ecdhe-mlkem.",ietf,yes,NIST,IETF,Candidate,https://datatracker.ietf.org/doc/draft-ietf-tls-ecdhe-mlkem/,missing,85
Hybrid KEM,SecP256r1MLKEM768,Hybrid KEM (TLS named group),3.0,AES-192,1249.0,,1153.0,32.0,,,,,Balanced,draft-ietf-tls-hybrid-design,"Hybrid TLS 1.3 key exchange combining ECDH P-256 and ML-KEM-768; deployed in TLS 1.3 hybrid mode; security level 3. Client key_exchange = secp256r1 share || ML-KEM-768 encaps key (1249B); server share = secp256r1 share || ML-KEM-768 ciphertext (1153B), per draft-ietf-tls-ecdhe-mlkem.",ietf,yes,NIST,IETF,Candidate,https://datatracker.ietf.org/doc/draft-ietf-tls-ecdhe-mlkem/,missing,85
Hybrid KEM,SecP384r1MLKEM1024,Hybrid KEM (TLS named group),5.0,AES-256,1665.0,,1665.0,32.0,,,,,High Security,draft-ietf-tls-hybrid-design,"Hybrid TLS 1.3 key exchange combining ECDH P-384 and ML-KEM-1024; highest security hybrid; CNSA 2.0 aligned; security level 5 from ML-KEM-1024. Client/server share = secp384r1 share || ML-KEM-1024 encaps key/ciphertext (1665B each), per draft-ietf-tls-ecdhe-mlkem.",ietf,yes,NIST,IETF,Candidate,https://datatracker.ietf.org/doc/draft-ietf-tls-ecdhe-mlkem/,missing,85
KEM,SMAUG-T-128,Lattice,1.0,AES-128,672.0,1344.0,736.0,32.0,,,,,Balanced,"KpqC competition winner, announced 2025-01-16 — KS national standard TBD (draft expected 2026, final ~2027)",KpqC Final Winner 2025 (South Korea). Lattice-based KEM using LWR. Level 1 equivalent. National standard TBD.,kisa,yes,KpqC,KpqC,Candidate,https://www.kpqc.or.kr/competition_02.html,url_authoritative,85
KEM,SMAUG-T-192,Lattice,3.0,AES-192,992.0,1984.0,1056.0,32.0,,,,,Balanced,"KpqC competition winner, announced 2025-01-16 — KS national standard TBD (draft expected 2026, final ~2027)",KpqC Final Winner 2025 (South Korea). Level 3 equivalent. National standard TBD.,kisa,yes,KpqC,KpqC,Candidate,https://www.kpqc.or.kr/competition_02.html,url_authoritative,85
KEM,SMAUG-T-256,Lattice,5.0,AES-256,1344.0,2688.0,1456.0,32.0,,,,,Balanced,"KpqC competition winner, announced 2025-01-16 — KS national standard TBD (draft expected 2026, final ~2027)",KpqC Final Winner 2025 (South Korea). Level 5 equivalent. National standard TBD.,kisa,yes,KpqC,KpqC,Candidate,https://www.kpqc.or.kr/competition_02.html,url_authoritative,85
KEM,NTRU+-768,Lattice,1.0,AES-128,1158.0,2210.0,1213.0,32.0,,,,,Balanced,"KpqC competition winner, announced 2025-01-16 — KS national standard TBD (draft expected 2026, final ~2027)",KpqC Final Winner 2025 (South Korea). NTRU-based KEM. Level 1 equivalent. National standard TBD.,kisa,yes,KpqC,KpqC,Candidate,https://www.kpqc.or.kr/competition_02.html,url_authoritative,85
KEM,NTRU+-1152,Lattice,3.0,AES-192,1805.0,3322.0,1858.0,32.0,,,,,Balanced,"KpqC competition winner, announced 2025-01-16 — KS national standard TBD (draft expected 2026, final ~2027)",KpqC Final Winner 2025 (South Korea). Level 3 equivalent. National standard TBD.,kisa,yes,KpqC,KpqC,Candidate,https://www.kpqc.or.kr/competition_02.html,url_authoritative,85
KEM,NTRU+-1277,Lattice,5.0,AES-256,1972.0,3571.0,2027.0,32.0,,,,,Balanced,"KpqC competition winner, announced 2025-01-16 — KS national standard TBD (draft expected 2026, final ~2027)",KpqC Final Winner 2025 (South Korea). Level 5 equivalent. National standard TBD.,kisa,yes,KpqC,KpqC,Candidate,https://www.kpqc.or.kr/competition_02.html,url_authoritative,85
Signature,HAETAE-2,Lattice,2.0,AES-128,1312.0,1408.0,2760.0,,,,,,Balanced,"KpqC competition winner, announced 2025-01-16 — KS national standard TBD (draft expected 2026, final ~2027)",KpqC Final Winner 2025 (South Korea). Lattice signature scheme. Level 2 equivalent. National standard TBD.,kisa,yes,KpqC,KpqC,Candidate,https://www.kpqc.or.kr/competition_02.html,url_authoritative,85
Signature,HAETAE-3,Lattice,3.0,AES-192,1760.0,2096.0,3510.0,,,,,,Balanced,"KpqC competition winner, announced 2025-01-16 — KS national standard TBD (draft expected 2026, final ~2027)",KpqC Final Winner 2025 (South Korea). Level 3 equivalent. National standard TBD.,kisa,yes,KpqC,KpqC,Candidate,https://www.kpqc.or.kr/competition_02.html,url_authoritative,85
Signature,HAETAE-5,Lattice,5.0,AES-256,2208.0,2784.0,4768.0,,,,,,Balanced,"KpqC competition winner, announced 2025-01-16 — KS national standard TBD (draft expected 2026, final ~2027)",KpqC Final Winner 2025 (South Korea). Level 5 equivalent. National standard TBD.,kisa,yes,KpqC,KpqC,Candidate,https://www.kpqc.or.kr/competition_02.html,url_authoritative,85
Signature,AIMer-128f,Hash-based,1.0,AES-128,32.0,16.0,5904.0,,,,,,Small Keys,"KpqC competition winner, announced 2025-01-16 — KS national standard TBD (draft expected 2026, final ~2027)",KpqC Final Winner 2025 (South Korea). Zero-knowledge / AIM-based symmetric signature. Tiny keys (32B pub); ~6KB signatures. Level 1. National standard TBD.,kisa,yes,KpqC,KpqC,Candidate,https://www.kpqc.or.kr/competition_02.html,url_authoritative,85
Signature,AIMer-192f,Hash-based,3.0,AES-192,48.0,24.0,13944.0,,,,,,Small Keys,"KpqC competition winner, announced 2025-01-16 — KS national standard TBD (draft expected 2026, final ~2027)",KpqC Final Winner 2025 (South Korea). Level 3 equivalent. ~14KB signatures. National standard TBD.,kisa,yes,KpqC,KpqC,Candidate,https://www.kpqc.or.kr/competition_02.html,url_authoritative,85
Signature,AIMer-256f,Hash-based,5.0,AES-256,64.0,32.0,27928.0,,,,,,Small Keys,"KpqC competition winner, announced 2025-01-16 — KS national standard TBD (draft expected 2026, final ~2027)",KpqC Final Winner 2025 (South Korea). Level 5 equivalent. ~28KB signatures. National standard TBD.,kisa,yes,KpqC,KpqC,Candidate,https://www.kpqc.or.kr/competition_02.html,url_authoritative,85
KEM,Aigis-enc-L1,Lattice,1.0,AES-128,672.0,1344.0,672.0,32.0,,,,,Balanced,"CACR 1st Prize (2020, China) — PKC 2020 (Zhang et al.); NOT an adopted national/international standard",CACR 1st Prize 2020 (China). LWE-based KEM. Targeting NGCC standardization ~2028. Status: To Be Checked pending NGCC outcome.,cacr-china,yes,CACR,CACR,To Be Checked,https://eprint.iacr.org/2019/510,url_authoritative,60
KEM,Aigis-enc-L5,Lattice,5.0,AES-256,1344.0,2688.0,1344.0,32.0,,,,,Balanced,"CACR 1st Prize (2020, China) — PKC 2020 (Zhang et al.); NOT an adopted national/international standard",CACR 1st Prize 2020 (China). Level 5 variant. Targeting NGCC standardization ~2028. Status: To Be Checked.,cacr-china,yes,CACR,CACR,To Be Checked,https://eprint.iacr.org/2019/510,url_authoritative,60
Signature,Aigis-sig-L1,Lattice,1.0,AES-128,1312.0,1376.0,2524.0,,,,,,Balanced,"CACR 1st Prize (2020, China) — PKC 2020 (Zhang et al.); NOT an adopted national/international standard",CACR 1st Prize 2020 (China). Lattice signature. Similar parameter structure to ML-DSA. Targeting NGCC ~2028. Status: To Be Checked.,cacr-china,yes,CACR,CACR,To Be Checked,https://eprint.iacr.org/2019/510,url_authoritative,60
Signature,Aigis-sig-L5,Lattice,5.0,AES-256,2592.0,4864.0,4668.0,,,,,,Balanced,"CACR 1st Prize (2020, China) — PKC 2020 (Zhang et al.); NOT an adopted national/international standard",CACR 1st Prize 2020 (China). Level 5 signature. Targeting NGCC ~2028. Status: To Be Checked.,cacr-china,yes,CACR,CACR,To Be Checked,https://eprint.iacr.org/2019/510,url_authoritative,60
Signature,MAYO-1,Multivariate,1.0,AES-128,1420.0,24.0,454.0,,,,,,Small Signature,NIST Additional Signatures Round 2,"NIST Sig Round 2 advancing (Oct 2024). Multivariate (Mayo variant of UOV). Round-2 parameters (NIST CSRC mayo-spec-round2-web.pdf, Table 2.1): SK 24B, sig 454B, PK 1420B. Final standard ~2027.",iacr-eprint,yes,NIST,NIST,NIST Additional Sig Round 3 — Candidate,https://csrc.nist.gov/News/2026/nist-advances-9-candidates-to-the-3rd-round-of-pqc,url_authoritative,85
Signature,MAYO-2,Multivariate,1.0,AES-128,4912.0,24.0,186.0,,,,,,Compact Signature,NIST Additional Signatures Round 2,"NIST Sig Round 2. Round-2 compact-signature parameter set (NIST CSRC mayo-spec-round2-web.pdf, Table 2.1): smallest signature (186B); larger PK (~4.9KB). Good for protocols where bandwidth favors tiny sigs. Final ~2027.",iacr-eprint,yes,NIST,NIST,NIST Additional Sig Round 3 — Candidate,https://csrc.nist.gov/News/2026/nist-advances-9-candidates-to-the-3rd-round-of-pqc,url_authoritative,85
Signature,MAYO-3,Multivariate,3.0,AES-192,2986.0,32.0,681.0,,,,,,Small Signature,NIST Additional Signatures Round 2,"NIST Sig Round 2. MAYO-3: Level 3. Round-2 parameters (NIST CSRC mayo-spec-round2-web.pdf, Table 2.1): ~681B signatures; ~2.99KB PK. Final ~2027.",iacr-eprint,yes,NIST,NIST,NIST Additional Sig Round 3 — Candidate,https://csrc.nist.gov/News/2026/nist-advances-9-candidates-to-the-3rd-round-of-pqc,url_authoritative,85
Signature,MAYO-5,Multivariate,5.0,AES-256,5554.0,40.0,964.0,,,,,,Small Signature,NIST Additional Signatures Round 2,"NIST Sig Round 2. MAYO-5: Level 5. Round-2 parameters (NIST CSRC mayo-spec-round2-web.pdf, Table 2.1): ~964B signatures; ~5.55KB PK. Final ~2027.",iacr-eprint,yes,NIST,NIST,NIST Additional Sig Round 3 — Candidate,https://csrc.nist.gov/News/2026/nist-advances-9-candidates-to-the-3rd-round-of-pqc,url_authoritative,85
Signature,HAWK-512,Lattice,1.0,AES-128,1024.0,2480.0,555.0,,,,,,Small Signature,NIST Additional Signatures Round 2,NIST Sig Round 2 advancing (Oct 2024). Lattice-based (distinct from Falcon/FN-DSA). Small ~555B signatures; 1KB public key. Final ~2027.,iacr-eprint,yes,NIST,NIST,NIST Additional Sig Round 3 — Candidate,https://csrc.nist.gov/News/2026/nist-advances-9-candidates-to-the-3rd-round-of-pqc,url_authoritative,85
Signature,HAWK-1024,Lattice,5.0,AES-256,2048.0,5120.0,1024.0,,,,,,Small Signature,NIST Additional Signatures Round 2,NIST Sig Round 2 advancing. Level 5 variant. ~1KB signatures; 2KB public key. Final ~2027.,iacr-eprint,yes,NIST,NIST,NIST Additional Sig Round 3 — Candidate,https://csrc.nist.gov/News/2026/nist-advances-9-candidates-to-the-3rd-round-of-pqc,url_authoritative,85
Signature,SLH-DSA-SHA2-128-24,Hash-based,1.0,AES-128,32.0,64.0,3856.0,,100x,2000x,5x,~3000,Fast Verification,NIST SP 800-230 (Draft),Limited-signature variant (2^24/key max); ~50% smaller sig than SLH-DSA-SHA2-128s; fast verify; for firmware/software/certificate signing only; NOT general purpose,nist-csrc,partial,NIST,Global,Draft,https://csrc.nist.gov/pubs/sp/800/230/ipd,url_authoritative,60
Signature,SLH-DSA-SHAKE-128-24,Hash-based,1.0,AES-128,32.0,64.0,3856.0,,100x,2000x,5x,~3000,Fast Verification,NIST SP 800-230 (Draft),Limited-signature variant (2^24/key max); SHAKE hash variant of SHA2-128-24; fast verify; for firmware/software/certificate signing only; NOT general purpose,nist-csrc,partial,NIST,Global,Draft,https://csrc.nist.gov/pubs/sp/800/230/ipd,url_authoritative,60
Signature,SLH-DSA-SHA2-192-24,Hash-based,3.0,AES-192,48.0,96.0,7752.0,,100x,2000x,5x,~3000,Fast Verification,NIST SP 800-230 (Draft),Limited-signature variant (2^24/key max); ~52% smaller sig than SLH-DSA-SHA2-192s; fast verify; for firmware/software/certificate signing only; NOT general purpose,nist-csrc,partial,NIST,Global,Draft,https://csrc.nist.gov/pubs/sp/800/230/ipd,url_authoritative,60
Signature,SLH-DSA-SHAKE-192-24,Hash-based,3.0,AES-192,48.0,96.0,7752.0,,100x,2000x,5x,~3000,Fast Verification,NIST SP 800-230 (Draft),Limited-signature variant (2^24/key max); SHAKE hash variant of SHA2-192-24; fast verify; for firmware/software/certificate signing only; NOT general purpose,nist-csrc,partial,NIST,Global,Draft,https://csrc.nist.gov/pubs/sp/800/230/ipd,url_authoritative,60
Signature,SLH-DSA-SHA2-256-24,Hash-based,5.0,AES-256,64.0,128.0,14944.0,,100x,2000x,5x,~3000,Fast Verification,NIST SP 800-230 (Draft),Limited-signature variant (2^24/key max); ~50% smaller sig than SLH-DSA-SHA2-256s; fast verify; for firmware/software/certificate signing only; NOT general purpose,nist-csrc,partial,NIST,Global,Draft,https://csrc.nist.gov/pubs/sp/800/230/ipd,url_authoritative,60
Signature,SLH-DSA-SHAKE-256-24,Hash-based,5.0,AES-256,64.0,128.0,14944.0,,100x,2000x,5x,~3000,Fast Verification,NIST SP 800-230 (Draft),Limited-signature variant (2^24/key max); SHAKE hash variant of SHA2-256-24; fast verify; for firmware/software/certificate signing only; NOT general purpose,nist-csrc,partial,NIST,Global,Draft,https://csrc.nist.gov/pubs/sp/800/230/ipd,url_authoritative,60
Signature,UOV,Multivariate,1,AES-128,66000,237000,96,,Research needed,Research needed,Research needed,Research needed,Tiny Signature,NIST Additional Sig — Round 2 candidate (NOT standardised),"NIST Additional Sig Round 2 candidate — Multivariate (Unbalanced Oil and Vinegar). Sizes shown are for UOV-Ip (NIST L1 reference). Public key is ~66 KB raw, but compressed PK (~1.2 KB) is strongly recommended for deployment. Private key ~237 KB. Tiny 96 B signature. Other parameter sets exist (e.g., UOV-IIIp: pk=265 KB raw / sk=1.1 MB / sig=148 B). Performance not yet benchmarked for this CSV. Final NIST selection ~2027. Verified against pqctoday-priv/docs/PQC_Algorithm_Reference_April2026.csv (NIST CSRC Round 2).",nist-csrc,yes,NIST,NIST,NIST Additional Sig Round 3 — Candidate,https://csrc.nist.gov/News/2026/nist-advances-9-candidates-to-the-3rd-round-of-pqc,,85
Signature,SQIsign,Isogeny,1,AES-128,65,353,148,,Research needed,Research needed,Research needed,Research needed,Tiny Combined Size,NIST Additional Sig — Round 2 candidate (NOT standardised),NIST Additional Sig Round 2 candidate — Isogeny-based (supersingular quaternion algebras). pk=65 / sk=353 / sig=148 from SQIsign-I (NIST L1) per SQIsign v2.0 Round-2 spec Table 1 (downloaded from NIST CSRC). SMALLEST combined PK+sig of any PQC candidate. Signing is known to be very slow (cycle benchmarks not yet recorded here). Other parameter sets: SQIsign-III (L3): pk=96/sk=1152/sig=263; SQIsign-V (L5): pk=128/sk=1512/sig=335. Final NIST selection ~2027. Verified against pqctoday-priv/docs/PQC_Algorithm_Reference_April2026.csv (SQIsign v2.0 spec). [Updated 2026-05-16: sizes corrected per SQIsign v2.0 Round-2 spec Table 1 — previously incorrect.],nist-csrc,yes,NIST,NIST,NIST Additional Sig Round 3 — Candidate (SQIsign-I),https://csrc.nist.gov/News/2026/nist-advances-9-candidates-to-the-3rd-round-of-pqc,,85
Signature,CROSS,Code-based (MPCitH),1,AES-128,54,Research needed,12872,,Research needed,~1.7M cycles (Skylake),~1.0M cycles (Skylake),Research needed,Tiny Public Key,NIST Additional Sig — Round 2 candidate (NOT standardised),"NIST Additional Sig Round 2 candidate — Code-based, MPC-in-the-head paradigm (Codes and Restricted Objects Signature Scheme). Sizes AND cycle figures shown are consistently for the same variant, CROSS-R-SDP-1b (NIST L1, Cloudflare-benchmarked): pk=54 B (tiny!), sig=12,872 B, sign≈1.7M cycles, verify≈1.0M cycles (Skylake, absolute — not relative to the ML-KEM-512 baseline used elsewhere in this CSV). CORRECTION (2026-07-06): an earlier remediation pass mis-read this row as mixing R-SDP-1b sizes with R-SDP-3b cycles; re-checked against the full note text — they are NOT mixed, both are R-SDP-1b. The R-SDP-3b figures below are cited only as additional context for a different parameter set, not as this row's source data. Other variants exist with different size/perf tradeoffs (e.g., CROSS-R-SDP-3b: pk=59/sig=23,380 — sign≈2.6M cycles, verify≈1.5M). private_key_bytes, keygen cycles, and stack RAM remain unresearched: the priv doc (pqctoday-priv/docs/PQC_Algorithm_Reference_April2026.csv) marks ""Cycles Benchmarked?"" = YES for sign/verify only — keygen was not part of the Cloudflare benchmark and no other source was found. Final NIST selection ~2027.",nist-csrc,yes,NIST,NIST,"NIST Additional Sig Round 2 — Eliminated (did not advance to Round 3, 2026-05)",https://csrc.nist.gov/News/2026/nist-advances-9-candidates-to-the-3rd-round-of-pqc,,85
Signature,LESS,Code-based,1,AES-128,13940,Research needed,9286,,Research needed,Research needed,Research needed,Research needed,Balanced,NIST Additional Sig — Round 2 candidate (NOT standardised),"NIST Additional Sig Round 2 candidate — Code-based (Linear Equivalence Signature Scheme). Sizes shown are for LESS-1b (NIST L1 balanced): pk=13,940 B, sig=9,286 B. Other parameter sets: LESS-3b (NIST L3 balanced): pk=35,074 B, sig=18,000 B. Cycle counts not published under standard methodology — performance not yet benchmarked here. Final NIST selection ~2027. Verified against pqctoday-priv/docs/PQC_Algorithm_Reference_April2026.csv (NIST CSRC Round 2).",nist-csrc,yes,NIST,NIST,"NIST Additional Sig Round 2 — Eliminated (did not advance to Round 3, 2026-05)",https://csrc.nist.gov/News/2026/nist-advances-9-candidates-to-the-3rd-round-of-pqc,,85
Signature,FAEST,Symmetric (VOLEitH),1,AES-128,32,32,6336,,Research needed,Research needed,Research needed,Research needed,Tiny Public Key,NIST Additional Sig — Round 2 candidate (NOT standardised),"NIST Additional Sig Round 2 candidate — Symmetric (Fast AES-based with Tight security; VOLE-in-the-head paradigm). SMALLEST PK and SK of all NIST PQC candidates: pk=sk=32 B. Sizes shown are for FAEST-128f (NIST L1 fast variant): sig=6,336 B. Other variants: FAEST-128s (small-sig, sig=5,688 B), FAEST-192f (L3, sig=16,792 B), FAEST-256f (L5, sig=28,400 B). Security reduces to AES — large signatures the trade-off. Performance not yet benchmarked here. Final NIST selection ~2027. Verified against pqctoday-priv/docs/PQC_Algorithm_Reference_April2026.csv (FAEST Round 1 spec).",nist-csrc,yes,NIST,NIST,NIST Additional Sig Round 3 — Candidate,https://csrc.nist.gov/News/2026/nist-advances-9-candidates-to-the-3rd-round-of-pqc,,85
Signature,SNOVA,Multivariate,1,AES-128,1016,48,248,,Research needed,Research needed,Research needed,Research needed,Tiny Signature,NIST Additional Sig — Round 2 candidate (NOT standardised),"NIST Additional Sig Round 2 candidate — Multivariate (Simple Noncommutative-ring-based UOV variant). Sizes shown are for SNOVA l=4 (NIST L1): pk=1,016 B, sk=48 B, sig=248 B — competitive with ML-DSA in TLS. Other parameter sets exist (e.g., SNOVA l=5 (L3): pk=2,415/sk=64/sig=376). Round 2 introduced new l=5 parameter sets — verify exact IDs against current spec. Performance not yet benchmarked here. Final NIST selection ~2027. Verified against pqctoday-priv/docs/PQC_Algorithm_Reference_April2026.csv (SNOVA Round 2 spec).",nist-csrc,yes,NIST,NIST,NIST Additional Sig Round 3 — Candidate,https://csrc.nist.gov/News/2026/nist-advances-9-candidates-to-the-3rd-round-of-pqc,,85
Signature,id-MLDSA44-ECDSA-P256-SHA256,Composite (Lattice + ECC),2,AES-128,1376,2592,2484,,Research needed,Research needed,Research needed,Research needed,Hybrid Transition,"IETF Internet-Draft — In RFC Editor queue (not yet published, v19, 2026-04-21)","Formal IETF identifier: id-MLDSA44-ECDSA-P256-SHA256 (formerly listed in this CSV as ""ML-DSA-44-ECDSA-P256""). IETF Internet-Draft (draft-ietf-lamps-pq-composite-sigs); NOT yet an RFC. Two-component AND-construction (both ML-DSA-44 and ECDSA P-256 must verify). pk = 1312 (ML-DSA-44) + 64 (ECDSA P-256, this CSV's own convention) = 1376 B. priv = 2560 + 32 = 2592 B. sig = 2420 + 64 = 2484 B (exact concatenation; ML-DSA component first). All component-sum. The current draft serializes composite public keys and signatures as a RAW CONCATENATION with the ML-DSA component FIRST and no ASN.1 wrapper (§4.1, §4.3; §5.1 places the raw bytes directly in the BIT STRING), so the component sum IS the wire size — there is no composite-wrapper overhead. Caveat: the ECDSA component is a DER Ecdsa-Sig-Value (RFC 3279 §2.2.3) whose encoded length varies by a byte or two. NOTE ON CYCLES: not filled — this CSV mixes two incompatible cycle baselines (PQC algorithms relative to ML-KEM-512=1x; classical algorithms relative to RSA-2048='Baseline'), which are not verified to be numerically equivalent. Adding a PQC component's ratio to a classical component's ratio would produce a fabricated composite number, not a real measurement. Leave as Research needed until the whole table is normalized onto one baseline (see project-wide finding in 07-06-2026 remediation report).",ietf,partial,IETF LAMPS,Global,IETF Internet-Draft,https://datatracker.ietf.org/doc/draft-ietf-lamps-pq-composite-sigs/,,55
Signature,id-MLDSA44-Ed25519-SHA512,Composite (Lattice + ECC),2,AES-128,1344,2624,2484,,Research needed,Research needed,Research needed,Research needed,Hybrid Transition,"IETF Internet-Draft — In RFC Editor queue (not yet published, v19, 2026-04-21)","Formal IETF identifier: id-MLDSA44-Ed25519-SHA512 (formerly listed in this CSV as ""ML-DSA-44-Ed25519""). IETF Internet-Draft (draft-ietf-lamps-pq-composite-sigs); NOT yet an RFC. Two-component AND-construction with Ed25519 classical companion. pk = 1312+32 = 1344 B (PQ + classical components). priv = 2560 (ML-DSA-44) + 64 (Ed25519, this CSV's own libsodium-style secret-key convention) = 2624 B. sig = 2420+64 = 2484 B — exact, with the ML-DSA component encoded first; the current draft uses raw concatenation with no ASN.1 composite wrapper. Verified against pqctoday-priv/docs/PQC_Algorithm_Reference_April2026.csv (draft-ietf-lamps-pq-composite-sigs). NOTE ON CYCLES: not filled — this CSV mixes two incompatible cycle baselines (PQC algorithms relative to ML-KEM-512=1x; classical algorithms relative to RSA-2048='Baseline'), which are not verified to be numerically equivalent. Adding a PQC component's ratio to a classical component's ratio would produce a fabricated composite number, not a real measurement. Leave as Research needed until the whole table is normalized onto one baseline (see project-wide finding in 07-06-2026 remediation report).",ietf,partial,IETF LAMPS,Global,IETF Internet-Draft,https://datatracker.ietf.org/doc/draft-ietf-lamps-pq-composite-sigs/,,55
Signature,id-MLDSA44-RSA2048-PSS-SHA256,Composite (Lattice + RSA),2,AES-128,1582,3750,2676,,Research needed,Research needed,Research needed,Research needed,Hybrid Transition,"IETF Internet-Draft — In RFC Editor queue (not yet published, v19, 2026-04-21)","Formal IETF identifier: id-MLDSA44-RSA2048-PSS-SHA256 (formerly listed in this CSV as ""ML-DSA-44-RSA2048-PSS""). IETF Internet-Draft (draft-ietf-lamps-pq-composite-sigs); NOT yet an RFC. Two-component AND-construction with RSA-2048 PSS classical companion. CORRECTED 2026-07-06: pk = 1312 (ML-DSA-44) + 270 (RSA-2048 public key, this CSV's own SPKI-encoded convention — same value used everywhere else in this table for RSA-2048's public key) = 1582 B (previously miscalculated as 1568 B using RSA's bare 256-byte modulus instead, inconsistent with the rest of this table). priv = 2560 + 1190 (RSA-2048 priv, this CSV's own PKCS#8/CRT convention) = 3750 B. sig = 2420 (ML-DSA-44) + 256 B = 2676 B — the RSA-PSS signature itself is NOT a free encoding choice like the public key is; a raw RSA signature is always exactly the modulus size (256 B for RSA-2048), so this figure is correct regardless of which public-key convention is used. These are exact wire sizes: the current draft concatenates the components raw (ML-DSA first) with no ASN.1 composite wrapper. Verified against pqctoday-priv/docs/PQC_Algorithm_Reference_April2026.csv (draft-ietf-lamps-pq-composite-sigs). NOTE ON CYCLES: not filled — this CSV mixes two incompatible cycle baselines (PQC algorithms relative to ML-KEM-512=1x; classical algorithms relative to RSA-2048='Baseline'), which are not verified to be numerically equivalent. Adding a PQC component's ratio to a classical component's ratio would produce a fabricated composite number, not a real measurement. Leave as Research needed until the whole table is normalized onto one baseline (see project-wide finding in 07-06-2026 remediation report).",ietf,partial,IETF LAMPS,Global,IETF Internet-Draft,https://datatracker.ietf.org/doc/draft-ietf-lamps-pq-composite-sigs/,,50
KEM,ML-KEM-768-ECDH-P256,Composite (Lattice + ECC),3,AES-192,1249,2432,1153,32,Research needed,Research needed,Research needed,Research needed,Hybrid Transition,IETF Internet-Draft — DRAFT (not yet RFC),"IETF Internet-Draft (draft-ietf-tls-ecdhe-mlkem); NOT yet an RFC, but actively used as the FIPS-compliant TLS hybrid NamedGroup. KEM combiner derives shared secret from both ML-KEM-768 and ECDH P-256. pk = 1184+65 = 1249 B; ct = 1088+65 = 1153 B (PQ + classical components). priv = 2400 (ML-KEM-768) + 32 (ECDH P-256, this CSV's own convention) = 2432 B. Verified against pqctoday-priv/docs/PQC_Algorithm_Reference_April2026.csv (IETF TLS WG draft). NOTE ON CYCLES: not filled — this CSV mixes two incompatible cycle baselines (PQC algorithms relative to ML-KEM-512=1x; classical algorithms relative to RSA-2048='Baseline'), which are not verified to be numerically equivalent. Adding a PQC component's ratio to a classical component's ratio would produce a fabricated composite number, not a real measurement. Leave as Research needed until the whole table is normalized onto one baseline (see project-wide finding in 07-06-2026 remediation report).",ietf,partial,IETF LAMPS,Global,IETF Internet-Draft,https://datatracker.ietf.org/doc/draft-ietf-lamps-pq-composite-kem/,,55
KEM,ML-KEM-768-RSA-OAEP-2048,Composite (Lattice + RSA),3,AES-192,1454,3590,1344,32,Research needed,Research needed,Research needed,Research needed,Hybrid Transition,IETF Internet-Draft — DRAFT (not yet RFC),"IETF Internet-Draft (draft-ietf-lamps-pq-composite-kem); NOT yet an RFC. KEM combiner with RSA-OAEP-2048 classical component. pk = 1184 (ML-KEM-768) + 270 (RSA-2048 pub, this CSV's own SPKI-encoded convention, matching the id-MLDSA44-RSA2048-PSS-SHA256 row after its 2026-07-06 correction) = 1454 B. priv = 2400 + 1190 (RSA-2048 priv, this CSV's own PKCS#8/CRT convention) = 3590 B. ct = 1088 (ML-KEM-768 ct) + 256 B (RSA-OAEP-2048 ciphertext — not a free encoding choice; an RSA ciphertext is always exactly the modulus size) = 1344 B. NOTE: this specific RSA-OAEP-2048 hybrid is not listed in the curated reference document (pqctoday-priv/docs/PQC_Algorithm_Reference_April2026.csv), which covers only the X25519+ML-KEM-768 and P-256+ML-KEM-768 TLS hybrids — these sizes are this project's own additive derivation, not independently cross-checked against a published worked example; treat as a reasoned estimate pending one. NOTE ON CYCLES: not filled — this CSV mixes two incompatible cycle baselines (PQC algorithms relative to ML-KEM-512=1x; classical algorithms relative to RSA-2048='Baseline'), which are not verified to be numerically equivalent. Adding a PQC component's ratio to a classical component's ratio would produce a fabricated composite number, not a real measurement. Leave as Research needed until the whole table is normalized onto one baseline (see project-wide finding in 07-06-2026 remediation report).",ietf,partial,IETF LAMPS,Global,IETF Internet-Draft,https://datatracker.ietf.org/doc/draft-ietf-lamps-pq-composite-kem/,,50
KEM,Classic-McEliece-6688128,Code-based,5,AES-256,1044992,13932,208,32,Research needed,Research needed,Research needed,Research needed,Long-term Security,BSI TR-02102-1 (recommended Level 5); NOT in NIST FIPS,"Classic McEliece Level 5 parameter set (mceliece6688128). pk=1,044,992 / sk=13,932 / ct=208 per pqctoday-priv/docs/PQC_Algorithm_Reference_April2026.csv (sizes confirmed via OQS reference implementation). BSI-recommended for sovereign long-term protection of classified data; NOT in NIST FIPS (NIST did not select Classic McEliece in the Fourth Round (NIST IR 8545, 2025-03-11; HQC selected instead)). Distinct from Classic-McEliece-8192128 (also Level 5 — larger pk=1,357,824). An alternate L5 parameter set Classic-McEliece-6960119 also exists (pk=1,047,319 / sk=13,948 / ct=194). Cycle benchmarks not yet recorded here. CYCLE RESEARCH ATTEMPTED 2026-07-06 (two rounds): round 1 found self-contradictory search-tool synthesis (the same figure attributed to different operations across queries). Round 2 tried harder: checked whether PQShield publishes McEliece benchmarks (no match found in search — their public benchmarks appear focused on ML-KEM/ML-DSA/FN-DSA, not Classic McEliece); attempted direct fetches of the three most likely primary sources — the NIST Chou 2022 presentation PDF, the official Classic McEliece implementation guide (classic.mceliece.org/mceliece-impl-20221023.pdf), and an academic PQC performance survey (arXiv:2204.02571) — all three failed to yield an extractable table (PDF parsing errors or the number data is embedded in images/compressed streams the fetch tool cannot read). A follow-up search then produced a THIRD set of numbers that disagreed with both prior rounds by 2-5x and did not preserve consistent relative ordering between the two parameter sets — reinforcing that automated search synthesis is not reliable for this specific figure. Left as Research needed rather than pick one of the disagreeing numbers. A human with direct PDF/browser access should open mceliece-impl-20221023.pdf directly and read the benchmark table by eye, or check bench.cr.yp.to's per-machine Haswell/Skylake results page linked from https://bench.cr.yp.to/results-kem.html.",bsi,yes,BSI/ANSSI,BSI/ANSSI,ISO 18033-2 Amd2; Standardised (BSI TR-02102-1),https://www.iso.org/standard/86890.html,,85
KEM,LAC,Lattice (LWE),Research needed,Research needed,Research needed,Research needed,Research needed,Research needed,Research needed,Research needed,Research needed,Research needed,Research needed,"CACR national competition winner (as LAC.KEX, ~2018-2020) — NOT an issued OSCCA/GB national standard","RECONCILED 2026-07-06 (previously flagged as contradicting the Learn module's framing of LAC as ""continued as a domestic Chinese reference design"" — see PQCCandidates/data/nationalCandidates.ts). Web research confirms: LAC (Lu, Liu, Jia, Xue, He — DACAS/Chinese Academy of Sciences) won CACR's national PQC algorithm design competition as ""LAC.KEX"" (~2018-2020) — that part of the Learn module claim is accurate. Separately, LAC was submitted to NIST PQC as a Round 2 KEM candidate and was NOT advanced to Round 3; documented concerns included non-constant-time implementations of its error-correction-based decryption-failure-fixing routine (a side-channel risk). NO EVIDENCE FOUND of LAC/LAC.KEX being subsequently adopted as an actual OSCCA/GB Chinese national cryptographic standard — winning a design competition is not the same as national standardization, and this project found nothing indicating production deployment. China's current forward-looking PQC standardization effort is the separate, newer NGCC program (2025-2028; see NGCC-BC/NGCC-CH rows and the timeline CSV), reported to be leaning toward newer ""structureless lattice"" designs (e.g. S-Cloud+) rather than continuing LAC. Sizes/cycles still unconfirmed — some sources estimate ~352 B (pk/ct) but this project has not verified them against a primary CACR document; left as Research needed. ACTION ITEM: soften nationalCandidates.ts's ""continued as a domestic Chinese reference design"" framing to match — see PQCCandidates data file fix in the same commit.",,partial,CACR (China),CACR,CACR competition winner (2020); ELIMINATED from NIST Round 2 (not advanced); NOT an adopted national standard — do not treat as deployable,https://nvlpubs.nist.gov/nistpubs/ir/2019/NIST.IR.8240.pdf,,30
Block Cipher,NGCC-BC,Symmetric,Research needed,Research needed,,Research needed,Research needed,,,Research needed,Research needed,Research needed,Symmetric Replacement,"NGCC TBD — submission window open, candidates not yet selected","RESOLVED 2026-07-06 (previously flagged ""UNRESOLVED — placeholder name not traceable to any published algorithm""). Web research confirms ""NGCC-BC"" is ICCS's own official track name for the Block Cipher category of the Next-generation Commercial Cryptographic Algorithms Program (NGCC) — alongside NGCC-PK (public-key/PQC) and NGCC-CH (hash). Source: ICCS program announcement, niccs.org.cn. The name is NOT invented or mistranscribed — the ACTION REQUIRED from the prior note is closed. However, this remains correctly a placeholder: submissions closed 2026-06-30 (extended update window through June 30 2026 per ICCS), no winning candidate has been announced, and standardisation is expected ~2028. There is no concrete algorithm to benchmark yet — that is accurate, not a data gap to fill with invented numbers.",,no,CACR (China),CACR,CONFIRMED PLACEHOLDER — official ICCS program track name (Block Cipher category); no winning algorithm selected yet,https://www.niccs.org.cn/niccs/Notice/pc/content/content_1937428197396713472.html,,45
Hash,NGCC-CH,Hash,Research needed,Research needed,,,Research needed,,,Research needed,,Research needed,Hash Replacement,"NGCC TBD — submission window open, candidates not yet selected","RESOLVED 2026-07-06 (previously flagged ""UNRESOLVED — placeholder name not traceable to any published algorithm""). Web research confirms ""NGCC-CH"" is ICCS's own official track name for the Cryptographic Hash category of the Next-generation Commercial Cryptographic Algorithms Program (NGCC) — alongside NGCC-PK (public-key/PQC) and NGCC-BC (block cipher). Source: ICCS program announcement, niccs.org.cn. The name is NOT invented or mistranscribed — the ACTION REQUIRED from the prior note is closed. However, this remains correctly a placeholder: submissions closed 2026-06-30, no winning candidate has been announced, and standardisation is expected ~2028. There is no concrete algorithm to benchmark yet — that is accurate, not a data gap to fill with invented numbers.",,no,CACR (China),CACR,CONFIRMED PLACEHOLDER — official ICCS program track name (Cryptographic Hash category); no winning algorithm selected yet,https://www.niccs.org.cn/niccs/Notice/pc/content/content_1937428197396713472.html,,45
KEM,Covercrypt,Hybrid (KEM + Attribute-Based Encryption),Research needed,Research needed,Research needed,Research needed,Research needed,Research needed,Research needed,Research needed,Research needed,Research needed,Attribute-Based Access,ETSI TS 104 015 (published Feb 2025),"ETSI-standardised hybrid attribute-based KEM with access control (KEMAC). Combines a classical KEM (ECIES) with a post-quantum KEM (ML-KEM) and enforces attribute-based access policies at the key layer. Sizes are inherently VARIABLE / policy-dependent — they scale with the complexity of the access policy, not just the KEM parameter set. The reference document (pqctoday-priv/docs/PQC_Algorithm_Reference_April2026.csv) confirms this and does not give concrete byte counts. Active deployments use Cosmian's reference implementation. ETSI TS 104 015 published Feb 2025.",etsi,yes,ETSI,ETSI,Standardised (ETSI TS 104 015),https://www.etsi.org/deliver/etsi_ts/104000_104099/104015/01.01.01_60/ts_104015v010101p.pdf,,85
KEM,HPKE-PQ,Framework (Hybrid PKE),Research needed,Research needed,1184,Research needed,1088,32,~1.5x,~1.5x,~1.5x,Research needed,Hybrid PKE Framework,IETF Internet-Draft — DRAFT (not yet RFC),"""HPKE-PQ"" is NOT a single concrete algorithm — it is HPKE (RFC 9180) configured with a PQ KEM. Sizes shown are for the most common mode HPKE-PQ (ML-KEM-768): pk=1184 B, ct=1088 B, shared secret=32 B. Cycle figures approximate ML-KEM-768's own cost (1.5x, already on this table's PQC baseline) since HPKE's KDF (HKDF)+AEAD wrapper overhead is small relative to the KEM operation itself (single-digit-percent, per RFC 9180's own performance discussion) and does not materially change the ratio at this precision — an approximation, not a direct benchmark of HPKE-PQ itself. The HPKE framework wraps a KEM, a KDF, and an AEAD; concrete costs vary with the chosen KEM/AEAD. IETF Internet-Draft draft-ietf-hpke-pq-03 (active, expires May 2026). Used by MLS messaging, Encrypted Client Hello (ECH), and Oblivious HTTP. Verified against pqctoday-priv/docs/PQC_Algorithm_Reference_April2026.csv.",ietf,partial,IETF,Global,IETF Internet-Draft (alias for HPKE with PQ KEM),https://datatracker.ietf.org/doc/draft-ietf-hpke-pq/,,55
KEM,Classic-McEliece-6960119,Code-based,5,AES-256,1047319,13948,194,32,Research needed,Research needed,Research needed,Research needed,Long-term Security,BSI/conservative national security recs; NOT in NIST FIPS,"Classic McEliece alternate Level 5 parameter set (mceliece6960119). pk=1,047,319 / sk=13,948 / ct=194 per pqctoday-priv/docs/PQC_Algorithm_Reference_April2026.csv (sizes confirmed via OQS reference implementation). BSI-recommended (alongside -6688128) as a conservative ~256-bit-equivalent option for long-term sovereign protection. Distinct from -6688128 (pk=1,044,992, ct=208) and -8192128 (pk=1,357,824, ct=208) — same security level, different code parameters. NIST did not select Classic McEliece in the Fourth Round (NIST IR 8545, 2025-03-11; HQC selected instead). Cycle benchmarks not yet recorded here. CYCLE RESEARCH ATTEMPTED 2026-07-06 (two rounds): round 1 found self-contradictory search-tool synthesis (the same figure attributed to different operations across queries). Round 2 tried harder: checked whether PQShield publishes McEliece benchmarks (no match found in search — their public benchmarks appear focused on ML-KEM/ML-DSA/FN-DSA, not Classic McEliece); attempted direct fetches of the three most likely primary sources — the NIST Chou 2022 presentation PDF, the official Classic McEliece implementation guide (classic.mceliece.org/mceliece-impl-20221023.pdf), and an academic PQC performance survey (arXiv:2204.02571) — all three failed to yield an extractable table (PDF parsing errors or the number data is embedded in images/compressed streams the fetch tool cannot read). A follow-up search then produced a THIRD set of numbers that disagreed with both prior rounds by 2-5x and did not preserve consistent relative ordering between the two parameter sets — reinforcing that automated search synthesis is not reliable for this specific figure. Left as Research needed rather than pick one of the disagreeing numbers. A human with direct PDF/browser access should open mceliece-impl-20221023.pdf directly and read the benchmark table by eye, or check bench.cr.yp.to's per-machine Haswell/Skylake results page linked from https://bench.cr.yp.to/results-kem.html.",bsi,yes,BSI/ANSSI,BSI/ANSSI,ISO 18033-2 Amd2; Standardised (BSI TR-02102-1),https://www.iso.org/standard/86890.html,,85
,MQOM,,,,,,,,,,,,,,NIST Additional Digital Signatures Round 3 candidate (advanced 2026-05); MQ-based (MQ-on-my-Mind) zero-knowledge signature scheme.,,,,,NIST Additional Sig Round 3 — Candidate,https://csrc.nist.gov/News/2026/nist-advances-9-candidates-to-the-3rd-round-of-pqc,,30
,QR-UOV,,,,,,,,,,,,,,NIST Additional Digital Signatures Round 3 candidate (advanced 2026-05); multivariate quadratic (Quotient Ring - Unbalanced Oil and Vinegar) signature scheme.,,,,,NIST Additional Sig Round 3 — Candidate,https://csrc.nist.gov/News/2026/nist-advances-9-candidates-to-the-3rd-round-of-pqc,,30
,SDitH,,,,,,,,,,,,,,"NIST Additional Digital Signatures Round 3 candidate (advanced 2026-05); Syndrome Decoding in the Head, code-based zero-knowledge signature scheme.",,,,,NIST Additional Sig Round 3 — Candidate,https://csrc.nist.gov/News/2026/nist-advances-9-candidates-to-the-3rd-round-of-pqc,,30
Hybrid KEM,X-Wing,Hybrid KEM (general-purpose),3.0,AES-192,1216.0,32.0,1120.0,32.0,,,,,Balanced,draft-connolly-cfrg-xwing-kem,"General-purpose hybrid KEM combining X25519 and ML-KEM-768; unlike the TLS named groups it is not bound to any one protocol, and is used for file and secrets encryption (age / SOPS) as well as on the wire. Sizes quoted verbatim from draft-connolly-cfrg-xwing-kem-10 section 5.1: decapsulation key 32 bytes (seed), encapsulation key 1216 bytes, ciphertext 1120 bytes, shared secret 32 bytes. Inherits NIST security level 3 from ML-KEM-768.",ietf,yes,IRTF CFRG,IETF,Candidate,https://datatracker.ietf.org/doc/draft-connolly-cfrg-xwing-kem/,verified,90
Hybrid KEM,sntrup761x25519-sha512,Hybrid KEM (SSH key exchange),,,1190.0,,1071.0,64.0,,,,,Balanced,RFC 9941,"SSH transport hybrid key exchange combining Streamlined NTRU Prime sntrup761 with X25519; OpenSSH's default since 9.x and offered by our own OpenSSH build. RFC 9941 states the sizes directly: Q_C is the 1158-byte sntrup761 public key concatenated with the 32-byte X25519 share (1190 bytes), and 'The Q_S value is thus 1071 bytes' (1039-byte sntrup761 ciphertext + 32). Shared secret is the SHA-512 output, 64 bytes. NOTE: sntrup761 is a NIST round-3 alternate, not a FIPS-standardised algorithm, so this hybrid carries no NIST security level.",ietf,yes,IETF,IETF,RFC 9941,https://www.rfc-editor.org/rfc/rfc9941,verified,95
Hybrid KEM,mlkem768x25519-sha256,Hybrid KEM (SSH key exchange),3.0,AES-192,1216.0,,1120.0,32.0,,,,,Balanced,draft-ietf-sshm-mlkem-hybrid-kex,"SSH transport hybrid key exchange per draft-ietf-sshm-mlkem-hybrid-kex-10: the client sends C_INIT = C_PK2 || C_PK1 and the server S_REPLY = S_CT2 || S_PK1, with the shared secret K = HASH(K_PQ || K_CL). Sizes DERIVED by concatenation from this catalogue's own component rows (ML-KEM-768 1184/1088 + X25519 32); the draft itself states no byte counts. Shared secret is the SHA-256 output, 32 bytes. Offered by our own OpenSSH build alongside sntrup761x25519-sha512.",ietf,yes,IETF,IETF,Candidate,https://datatracker.ietf.org/doc/draft-ietf-sshm-mlkem-hybrid-kex/,verified,85
Hybrid KEM,mlkem768nistp256-sha256,Hybrid KEM (SSH key exchange),3.0,AES-192,,,,32.0,,,,,Balanced,draft-ietf-sshm-mlkem-hybrid-kex,"SSH transport hybrid key exchange per draft-ietf-sshm-mlkem-hybrid-kex-10: the client sends C_INIT = C_PK2 || C_PK1 and the server S_REPLY = S_CT2 || S_PK1, with the shared secret K = HASH(K_PQ || K_CL). Key and ciphertext sizes are left BLANK deliberately: the draft states no byte counts, and the elliptic-curve point encoding follows RFC 5656 rather than this document, so any figure here would be derived from a different source than the one cited. Shared secret is the hash output named in the algorithm identifier.",ietf,yes,IETF,IETF,Candidate,https://datatracker.ietf.org/doc/draft-ietf-sshm-mlkem-hybrid-kex/,verified,75
Hybrid KEM,mlkem1024nistp384-sha384,Hybrid KEM (SSH key exchange),5.0,AES-256,,,,48.0,,,,,Balanced,draft-ietf-sshm-mlkem-hybrid-kex,"SSH transport hybrid key exchange per draft-ietf-sshm-mlkem-hybrid-kex-10: the client sends C_INIT = C_PK2 || C_PK1 and the server S_REPLY = S_CT2 || S_PK1, with the shared secret K = HASH(K_PQ || K_CL). Key and ciphertext sizes are left BLANK deliberately: the draft states no byte counts, and the elliptic-curve point encoding follows RFC 5656 rather than this document, so any figure here would be derived from a different source than the one cited. Shared secret is the hash output named in the algorithm identifier.",ietf,yes,IETF,IETF,Candidate,https://datatracker.ietf.org/doc/draft-ietf-sshm-mlkem-hybrid-kex/,verified,75
Hybrid KEM,id-MLKEM768-ECDH-P256-SHA3-256,Hybrid KEM (X.509/CMS composite),3.0,AES-192,1248.0,,1152.0,32.0,,,,,Balanced,draft-ietf-lamps-pq-composite-kem-19,"Composite ML-KEM for X.509 PKI and CMS (draft-ietf-lamps-pq-composite-kem), combining ML-KEM-768 with ECDH P256 under a single OID so a certificate carries one algorithm rather than two. Sizes DERIVED by concatenation exactly as the draft specifies ('output mlkemPK || tradPK' and 'output mlkemCT || tradCT'), using this catalogue's own component rows: ML-KEM-768 1184/1088 + ECDH-P256 64/64. Inherits NIST security level 3 from ML-KEM-768.",ietf,yes,IETF,IETF,Candidate,https://datatracker.ietf.org/doc/draft-ietf-lamps-pq-composite-kem/,verified,85
Hybrid KEM,id-MLKEM768-ECDH-P384-SHA3-256,Hybrid KEM (X.509/CMS composite),3.0,AES-192,1280.0,,1184.0,32.0,,,,,Balanced,draft-ietf-lamps-pq-composite-kem-19,"Composite ML-KEM for X.509 PKI and CMS (draft-ietf-lamps-pq-composite-kem), combining ML-KEM-768 with ECDH P384 under a single OID so a certificate carries one algorithm rather than two. Sizes DERIVED by concatenation exactly as the draft specifies ('output mlkemPK || tradPK' and 'output mlkemCT || tradCT'), using this catalogue's own component rows: ML-KEM-768 1184/1088 + ECDH-P384 96/96. Inherits NIST security level 3 from ML-KEM-768.",ietf,yes,IETF,IETF,Candidate,https://datatracker.ietf.org/doc/draft-ietf-lamps-pq-composite-kem/,verified,85
Hybrid KEM,id-MLKEM768-ECDH-brainpoolP256r1-SHA3-256,Hybrid KEM (X.509/CMS composite),3.0,AES-192,1248.0,,1152.0,32.0,,,,,Balanced,draft-ietf-lamps-pq-composite-kem-19,"Composite ML-KEM for X.509 PKI and CMS (draft-ietf-lamps-pq-composite-kem), combining ML-KEM-768 with ECDH brainpoolP256r1 under a single OID so a certificate carries one algorithm rather than two. Sizes DERIVED by concatenation exactly as the draft specifies ('output mlkemPK || tradPK' and 'output mlkemCT || tradCT'), using this catalogue's own component rows: ML-KEM-768 1184/1088 + ECDH-brainpoolP256r1 64/64. Inherits NIST security level 3 from ML-KEM-768. NOTE: brainpool curves are not separate rows in this catalogue; the point encoding length is identical to the same-field-size NIST curve, which is what the size above uses.",ietf,yes,IETF,IETF,Candidate,https://datatracker.ietf.org/doc/draft-ietf-lamps-pq-composite-kem/,verified,85
Hybrid KEM,id-MLKEM768-X25519-SHA3-256,Hybrid KEM (X.509/CMS composite),3.0,AES-192,1216.0,,1120.0,32.0,,,,,Balanced,draft-ietf-lamps-pq-composite-kem-19,"Composite ML-KEM for X.509 PKI and CMS (draft-ietf-lamps-pq-composite-kem), combining ML-KEM-768 with X25519 under a single OID so a certificate carries one algorithm rather than two. Sizes DERIVED by concatenation exactly as the draft specifies ('output mlkemPK || tradPK' and 'output mlkemCT || tradCT'), using this catalogue's own component rows: ML-KEM-768 1184/1088 + X25519 32/32. Inherits NIST security level 3 from ML-KEM-768.",ietf,yes,IETF,IETF,Candidate,https://datatracker.ietf.org/doc/draft-ietf-lamps-pq-composite-kem/,verified,85
Hybrid KEM,id-MLKEM768-RSA2048-SHA3-256,Hybrid KEM (X.509/CMS composite),3.0,AES-192,1454.0,,1344.0,32.0,,,,,Balanced,draft-ietf-lamps-pq-composite-kem-19,"Composite ML-KEM for X.509 PKI and CMS (draft-ietf-lamps-pq-composite-kem), combining ML-KEM-768 with RSA2048 under a single OID so a certificate carries one algorithm rather than two. Sizes DERIVED by concatenation exactly as the draft specifies ('output mlkemPK || tradPK' and 'output mlkemCT || tradCT'), using this catalogue's own component rows: ML-KEM-768 1184/1088 + RSA2048 270/256. Inherits NIST security level 3 from ML-KEM-768.",ietf,yes,IETF,IETF,Candidate,https://datatracker.ietf.org/doc/draft-ietf-lamps-pq-composite-kem/,verified,85
Hybrid KEM,id-MLKEM768-RSA3072-SHA3-256,Hybrid KEM (X.509/CMS composite),3.0,AES-192,1582.0,,1472.0,32.0,,,,,Balanced,draft-ietf-lamps-pq-composite-kem-19,"Composite ML-KEM for X.509 PKI and CMS (draft-ietf-lamps-pq-composite-kem), combining ML-KEM-768 with RSA3072 under a single OID so a certificate carries one algorithm rather than two. Sizes DERIVED by concatenation exactly as the draft specifies ('output mlkemPK || tradPK' and 'output mlkemCT || tradCT'), using this catalogue's own component rows: ML-KEM-768 1184/1088 + RSA3072 398/384. Inherits NIST security level 3 from ML-KEM-768.",ietf,yes,IETF,IETF,Candidate,https://datatracker.ietf.org/doc/draft-ietf-lamps-pq-composite-kem/,verified,85
Hybrid KEM,id-MLKEM768-RSA4096-SHA3-256,Hybrid KEM (X.509/CMS composite),3.0,AES-192,1710.0,,1600.0,32.0,,,,,Balanced,draft-ietf-lamps-pq-composite-kem-19,"Composite ML-KEM for X.509 PKI and CMS (draft-ietf-lamps-pq-composite-kem), combining ML-KEM-768 with RSA4096 under a single OID so a certificate carries one algorithm rather than two. Sizes DERIVED by concatenation exactly as the draft specifies ('output mlkemPK || tradPK' and 'output mlkemCT || tradCT'), using this catalogue's own component rows: ML-KEM-768 1184/1088 + RSA4096 526/512. Inherits NIST security level 3 from ML-KEM-768.",ietf,yes,IETF,IETF,Candidate,https://datatracker.ietf.org/doc/draft-ietf-lamps-pq-composite-kem/,verified,85
Hybrid KEM,id-MLKEM1024-ECDH-P384-SHA3-256,Hybrid KEM (X.509/CMS composite),5.0,AES-256,1664.0,,1664.0,32.0,,,,,Balanced,draft-ietf-lamps-pq-composite-kem-19,"Composite ML-KEM for X.509 PKI and CMS (draft-ietf-lamps-pq-composite-kem), combining ML-KEM-1024 with ECDH P384 under a single OID so a certificate carries one algorithm rather than two. Sizes DERIVED by concatenation exactly as the draft specifies ('output mlkemPK || tradPK' and 'output mlkemCT || tradCT'), using this catalogue's own component rows: ML-KEM-1024 1568/1568 + ECDH-P384 96/96. Inherits NIST security level 5 from ML-KEM-1024.",ietf,yes,IETF,IETF,Candidate,https://datatracker.ietf.org/doc/draft-ietf-lamps-pq-composite-kem/,verified,85
Hybrid KEM,id-MLKEM1024-ECDH-P521-SHA3-256,Hybrid KEM (X.509/CMS composite),5.0,AES-256,1700.0,,1700.0,32.0,,,,,Balanced,draft-ietf-lamps-pq-composite-kem-19,"Composite ML-KEM for X.509 PKI and CMS (draft-ietf-lamps-pq-composite-kem), combining ML-KEM-1024 with ECDH P521 under a single OID so a certificate carries one algorithm rather than two. Sizes DERIVED by concatenation exactly as the draft specifies ('output mlkemPK || tradPK' and 'output mlkemCT || tradCT'), using this catalogue's own component rows: ML-KEM-1024 1568/1568 + ECDH-P521 132/132. Inherits NIST security level 5 from ML-KEM-1024.",ietf,yes,IETF,IETF,Candidate,https://datatracker.ietf.org/doc/draft-ietf-lamps-pq-composite-kem/,verified,85
Hybrid KEM,id-MLKEM1024-ECDH-brainpoolP384r1-SHA3-256,Hybrid KEM (X.509/CMS composite),5.0,AES-256,1664.0,,1664.0,32.0,,,,,Balanced,draft-ietf-lamps-pq-composite-kem-19,"Composite ML-KEM for X.509 PKI and CMS (draft-ietf-lamps-pq-composite-kem), combining ML-KEM-1024 with ECDH brainpoolP384r1 under a single OID so a certificate carries one algorithm rather than two. Sizes DERIVED by concatenation exactly as the draft specifies ('output mlkemPK || tradPK' and 'output mlkemCT || tradCT'), using this catalogue's own component rows: ML-KEM-1024 1568/1568 + ECDH-brainpoolP384r1 96/96. Inherits NIST security level 5 from ML-KEM-1024. NOTE: brainpool curves are not separate rows in this catalogue; the point encoding length is identical to the same-field-size NIST curve, which is what the size above uses.",ietf,yes,IETF,IETF,Candidate,https://datatracker.ietf.org/doc/draft-ietf-lamps-pq-composite-kem/,verified,85
Hybrid KEM,id-MLKEM1024-X448-SHA3-256,Hybrid KEM (X.509/CMS composite),5.0,AES-256,1624.0,,1624.0,32.0,,,,,Balanced,draft-ietf-lamps-pq-composite-kem-19,"Composite ML-KEM for X.509 PKI and CMS (draft-ietf-lamps-pq-composite-kem), combining ML-KEM-1024 with X448 under a single OID so a certificate carries one algorithm rather than two. Sizes DERIVED by concatenation exactly as the draft specifies ('output mlkemPK || tradPK' and 'output mlkemCT || tradCT'), using this catalogue's own component rows: ML-KEM-1024 1568/1568 + X448 56/56. Inherits NIST security level 5 from ML-KEM-1024.",ietf,yes,IETF,IETF,Candidate,https://datatracker.ietf.org/doc/draft-ietf-lamps-pq-composite-kem/,verified,85
Hybrid KEM,id-MLKEM1024-RSA3072-SHA3-256,Hybrid KEM (X.509/CMS composite),5.0,AES-256,1966.0,,1952.0,32.0,,,,,Balanced,draft-ietf-lamps-pq-composite-kem-19,"Composite ML-KEM for X.509 PKI and CMS (draft-ietf-lamps-pq-composite-kem), combining ML-KEM-1024 with RSA3072 under a single OID so a certificate carries one algorithm rather than two. Sizes DERIVED by concatenation exactly as the draft specifies ('output mlkemPK || tradPK' and 'output mlkemCT || tradCT'), using this catalogue's own component rows: ML-KEM-1024 1568/1568 + RSA3072 398/384. Inherits NIST security level 5 from ML-KEM-1024.",ietf,yes,IETF,IETF,Candidate,https://datatracker.ietf.org/doc/draft-ietf-lamps-pq-composite-kem/,verified,85
Classical Sig,BLS12-381,Classical,,~128-bit,48.0,32.0,96.0,,,,,,,draft-irtf-cfrg-bls-signature,"Pairing-based signature aggregation (min-pubkey-size variant: 48-byte pubkeys on G1, 96-byte signatures on G2); used for Ethereum consensus-layer validator signatures; no FIPS/NIST recognition; vulnerable to quantum attacks on the pairing-friendly curve",ietf,no,IRTF CFRG,IETF,Active Internet-Draft,https://datatracker.ietf.org/doc/draft-irtf-cfrg-bls-signature/,url_authoritative,80
Classical Sig,sr25519,Classical,,~128-bit,32.0,64.0,64.0,,,,,,,W3F Schnorrkel implementation; NOT an IETF/NIST standard,"Schnorr signature over Ristretto-compressed Curve25519 (Schnorrkel); default account-signing scheme for Polkadot/Substrate chains; dual-purpose like Ed25519 in Solana, also used for BABE consensus (VRF + block signing); supports native key aggregation/multisig and hierarchical derivation (HDKD) that Ed25519 lacks; not an IETF/NIST standard, no FIPS mapping; vulnerable to quantum attacks on the discrete-log problem like all classical ECC",web3-foundation,no,,Global,Active,https://github.com/w3f/schnorrkel,url_authoritative,70
Classical Sig,SM2,Classical,,~128-bit,64.0,32.0,64.0,,,,,,,GB/T 32918 (China); ISO/IEC 14888-3:2018; NOT in NIST FIPS,"Chinese national ('ShangMi') elliptic-curve signature algorithm over a 256-bit prime field; mandatory in China for commercial cryptography. Standardized internationally in ISO/IEC 14888-3:2018 and profiled for TLS 1.3 (RFC 8998) and DNSSEC (RFC 9563, algorithm number 17). Byte sizes verified against RFC 9563: 64-byte uncompressed public key (x||y), 64-byte signature (r||s, 32 bytes each); vulnerable to quantum attacks like all classical ECC.",ietf,yes,ISO/IEC JTC 1,CN,Published,https://www.rfc-editor.org/rfc/rfc9563,url_authoritative,75
KEM,Saber,Lattice,,,,,,,,,,,,,"NIST Round 3 KEM finalist, no longer being considered (IR 8413-upd1 s4.3.4). IND-CCA2 KEM over module learning-with-rounding; NIST standardised Kyber instead. Historical reference only.",nist-csrc,yes,NIST,NIST,NIST Round 3 finalist — no longer being considered (NIST IR 8413-upd1 §4.3.4),https://csrc.nist.gov/pubs/ir/8413/upd1/final,url_authoritative,85
Signature,Rainbow,Multivariate,,,,,,,,,,,,,"NIST Round 3 signature finalist, no longer being considered (IR 8413-upd1 s4.5.3). Layered unbalanced oil-vinegar; Beullens, Improved cryptanalysis of UOV and Rainbow (EUROCRYPT 2021) was a basis for NIST's decision. BROKEN, do not deploy.",nist-csrc,yes,NIST,NIST,NIST Round 3 finalist — no longer being considered (NIST IR 8413-upd1 §4.5.3); BROKEN — do not deploy,https://csrc.nist.gov/pubs/ir/8413/upd1/final,url_authoritative,85
Signature,Picnic,Symmetric (MPCitH),,,,,,,,,,,,,"NIST Round 3 alternate signature, no longer being considered (IR 8413-upd1 s4.5.2). Zero-knowledge proof of knowledge over the LowMC block cipher.",nist-csrc,yes,NIST,NIST,NIST Round 3 alternate — no longer being considered (NIST IR 8413-upd1 §4.5.2),https://csrc.nist.gov/pubs/ir/8413/upd1/final,url_authoritative,85
Signature,GeMSS,Multivariate,,,,,,,,,,,,,"NIST Round 3 alternate signature, no longer being considered (IR 8413-upd1 s4.5.1). HFEv- multivariate hash-and-sign; an attack dramatically reduced its security and undermined NIST's confidence in its maturity.",nist-csrc,yes,NIST,NIST,NIST Round 3 alternate — no longer being considered (NIST IR 8413-upd1 §4.5.1),https://csrc.nist.gov/pubs/ir/8413/upd1/final,url_authoritative,85
AEAD,Ascon-AEAD128,Symmetric,,,,,,,,,,,,SP 800-232,"NIST SP 800-232 lightweight authenticated encryption with associated data for constrained devices. NOT a post-quantum public-key algorithm — symmetric, and included because documents discussing constrained-device crypto name it alongside PQC.",nist-csrc,yes,NIST,NIST,"SP 800-232 (standardised) — lightweight symmetric, NOT a post-quantum public-key algorithm",https://csrc.nist.gov/pubs/sp/800/232/final,url_authoritative,85
Hash,Ascon-Hash256,Symmetric,,,,,,,,,,,,SP 800-232,"NIST SP 800-232 lightweight hash function for constrained devices. NOT a post-quantum public-key algorithm — symmetric, listed for the same reason as Ascon-AEAD128.",nist-csrc,yes,NIST,NIST,"SP 800-232 (standardised) — lightweight symmetric, NOT a post-quantum public-key algorithm",https://csrc.nist.gov/pubs/sp/800/232/final,url_authoritative,85
