id,label,description,industries,countries,requires_pqc,deadline,notes,enforcement_body,library_refs,timeline_refs,body_type,website,local_file,trusted_source_id,peer_reviewed,vetting_body,website_url_quality,confidence_score,cswp39_tags,naics_codes,status,deprecated_at,deprecated_reason,related_standards,last_verified
NIST,NIST,National Institute of Standards and Technology — US federal agency that standardized the first PQC algorithms,92;52;54;62;22,US,yes,Ongoing,"NIST's PQC Standardization Project (launched 2016) selected ML-KEM (FIPS 203), ML-DSA (FIPS 204), and SLH-DSA (FIPS 205) as the first post-quantum standards, published August 2024. FN-DSA (FIPS 206) is not yet published as of 2026 (Falcon selected; draft pending). NIST IR 8547 defines the transition timeline: deprecate 112-bit classical asymmetric by 2030, disallow by 2035. NIST also runs CMVP (module validation) and CAVP (algorithm validation) programs that enforce these standards globally.",NIST,FIPS 203;FIPS 204;FIPS 205;NIST SP 800-227;FIPS 206,United States:NIST,standardization_body,https://csrc.nist.gov/projects/post-quantum-cryptography,compliance/NIST.html,nist-csrc,yes,NIST,url_authoritative,85,cswp39:assurance;cswp39:governance;cswp39:lifecycle,92;52;54;62;22,active,,,FIPS-203; FIPS-204; FIPS-205; NIST-IR-8547,
ENISA,ENISA,European Union Agency for Cybersecurity — EU's PQC guidance authority and EUCC scheme co-manager,92;54;52,PQC-REGION-EU,yes,Ongoing,ENISA published the landmark 2022 Post-Quantum Cryptography report and subsequent PQC guidelines adopted across EU member states. Co-manages the EUCC certification scheme with ECCG. Provides technical support for NIS2 implementation and coordinates EU-wide PQC migration readiness. ENISA's guidelines are the primary reference for EU organizations planning PQC transitions.,ENISA,ENISA PQC Guidelines;ENISA-Crypto-Market-Analysis-2024;ENISA-State-of-Cybersecurity-2024;ENISA-Threat-Landscape-2025,European Union:EC,standardization_body,https://www.enisa.europa.eu/,compliance/ENISA.html,enisa,yes,ENISA,url_authoritative,85,cswp39:governance,92;54;52,active,,,,
ISO-IEC,ISO/IEC JTC 1/SC 27,"ISO/IEC Joint Technical Committee 1, Subcommittee 27 — international body standardizing PQC algorithms for global adoption",92;54;52;62,PQC-REGION-GLOBAL,yes,Ongoing,"ISO/IEC JTC 1/SC 27 Working Group 2 standardizes cryptographic mechanisms for global use. Key PQC work items: ISO/IEC 14888-4 (ML-DSA/Dilithium digital signatures, under development), ISO/IEC 18033 series (encryption, ML-KEM alignment). ISO standards often harmonize with NIST outputs to enable global adoption outside US jurisdiction. Relevant for organizations requiring internationally recognized standards beyond NIST FIPS.",ISO/IEC,ISO/IEC 14888-4:2024;ISO/IEC 18033-2:2006/AMD1:2017,International:ISO/IEC,standardization_body,https://www.iso.org/committee/45306.html,compliance/ISO-IEC.html,iso-iec-sc27,yes,ISO/IEC,url_authoritative,85,cswp39:governance,92;54;52;62,active,,,,
IETF,IETF,"Internet Engineering Task Force — open standards body integrating PQC algorithms into internet protocols (TLS, SSH, CMS, S/MIME)",54;51;52,PQC-REGION-GLOBAL,yes,Ongoing,"IETF's PQUIP (Post-Quantum Use In Protocols) working group coordinates PQC integration across the internet protocol stack. 30+ active RFCs and drafts for PQC in 2025-2026 including: RFC 9881/9882 (ML-DSA in X.509/CMS), RFC 9794 (hybrid terminology), RFC 9814 (SLH-DSA in CMS), draft-ietf-tls-ecdhe-mlkem (TLS 1.3 hybrid), draft-ietf-lamps-pq-composite-kem (composite KEM). 6+ drafts in RFC Editor Queue as of early 2026.",IETF,RFC 9794;RFC 9881;RFC 9882;draft-ietf-tls-ecdhe-mlkem-04;draft-ietf-pquip-pqc-engineers-14,International:IETF,standardization_body,https://datatracker.ietf.org/wg/pquip/about/,compliance/IETF.html,ietf,yes,IETF,url_authoritative,85,cswp39:governance,54;51;52,active,,,NIST; RFC 9794,
FIPS-140-3,FIPS 140-3,NIST cryptographic module validation program,92;52;54,US;CA;AU,yes,2030 (NIST IR 8547 deprecation target),CMVP validation will require PQC algorithm support. FIPS 203/204/205 already published. The 2030 date reflects NIST IR 8547's timeline for deprecating 112-bit classical asymmetric algorithms. Important milestone: all FIPS 140-2 certificates move to the Historical list on September 21 2026 — after that date only FIPS 140-3 validated modules may be procured for new federal systems.,NIST,FIPS 203;FIPS 204;FIPS 205;NIST SP 800-227,United States:NIST,certification_body,https://csrc.nist.gov/projects/cryptographic-module-validation-program,compliance/FIPS-140-3.html,nist-csrc,yes,NIST,url_authoritative,85,cswp39:assurance;cswp39:lifecycle,92;52;54,active,,,NIST-SP-800-140B; NIST-SP-800-140C; NIST-SP-800-140D,
COMMON-CRITERIA,Common Criteria,International security evaluation framework,92;54,PQC-REGION-GLOBAL,yes,Ongoing — PQC protection profiles emerging,New protection profiles for PQC are being developed. Certification timelines vary by scheme.,CC Recognition Arrangement,EUCC v2.0 ACM,,certification_body,https://www.commoncriteriaportal.org,compliance/COMMON-CRITERIA.html,iso-iec-sc27,yes,CC Recognition Arrangement,url_authoritative,85,cswp39:assurance,92;54,active,,,,
ANSSI,ANSSI,French national cybersecurity agency regulation,92;52,FR,guidance,"2025-2030 (phased; ANSSI recommendation, not a legal mandate)","ANSSI recommends hybrid PQC for new systems via its position paper (not a legal mandate). Phase 2 (not before 2025): hybrid for PQC assurance; Phase 3 (not before 2030): standalone PQC optional. ANSSI issued its first PQC security certifications Sept-Oct 2025 (Thales MultiApp 5.2 Premium PQC, Samsung S3SSE2A).",ANSSI,ANSSI PQC Position Paper;ANSSI PQC Follow-up Paper;ANSSI-PQC-FAQ-2025;ANSSI-PG-083-v3-2026,France:ANSSI,compliance_framework,https://www.ssi.gouv.fr,compliance/ANSSI.html,anssi,yes,ANSSI,url_authoritative,85,cswp39:assurance;cswp39:governance,92;52,active,,,,
CNSA-2,CNSA 2.0,NSA mandate for national security systems,92,US,yes,2025-2033 (phased by category),"NSA mandate for U.S. national security systems. Phased deadlines by category: software/firmware signing prefer 2025 exclusively 2030; web/cloud prefer 2025 exclusively 2033; networking prefer 2026 exclusively 2030; OS prefer 2027 exclusively 2033; niche/legacy 2030-2033. Revised May 2025 algorithm document specifies ML-KEM-1024, ML-DSA-87, AES-256, SHA-384/512, LMS/XMSS. Executive Order 14306 (June 2025) ties CNSA 2.0 to federal procurement mandates via CISA product category list.",NSA,NSA CNSA 2.0;NSA CNSA 2.0 FAQ;NSA CSfC PQC Guidance Addendum;EO-14306;DoD-CIO-PQC-Memo-2025;NIST-CSWP-39,United States:NSA,compliance_framework,https://www.nsa.gov/Cybersecurity/CNSA-2-0/,compliance/CNSA-2.html,nsa-advisory,yes,NSA,url_authoritative,85,cswp39:governance,92,active,,,,
EIDAS,eIDAS 2.0,EU Digital Identity and Trust Services regulation,54;52,PQC-REGION-EU,expected,2026 (wallet deployments); 2030 (PQC high-risk); 2035 (PQC full),"The 2026/2030/2035 PQC milestones are from the NIS Cooperation Group Coordinated Implementation Roadmap for the Transition to Post-Quantum Cryptography (Jun 2025), mandated by EC Recommendation 2024/1101 (Apr 2024) — not from eIDAS itself. eIDAS 2.0 digital wallets fall under NIS2 essential-entity scope, which is how eIDAS-governed systems become subject to those timelines. Roadmap: digital-strategy.ec.europa.eu/en/library/coordinated-implementation-roadmap-transition-post-quantum-cryptography",European Commission,ENISA PQC Guidelines;EUDI-Wallet-ARF;ENISA-EUDI-Wallet-Security,European Union:EC,compliance_framework,https://digital-strategy.ec.europa.eu/en/policies/eidas-regulation,compliance/EIDAS.html,ec,yes,European Commission,url_authoritative,85,cswp39:governance,54;52,active,,,,
PCI-DSS,PCI DSS,Payment Card Industry Data Security Standard,52;44,PQC-REGION-GLOBAL,no,No explicit PQC timeline yet,PCI DSS 4.0 Requirement 12.3.3 (mandatory since March 2025) requires documented cryptographic cipher suite inventory and a plan for anticipated crypto changes — effectively a crypto-agility mandate. Payment card industry will follow NIST guidance for PQC algorithm specifics.,PCI SSC,FIPS 203;FIPS 204;FIPS 205,,compliance_framework,https://www.pcisecuritystandards.org,compliance/PCI-DSS.html,pci-ssc,yes,PCI SSC,url_authoritative,85,cswp39:governance;cswp39:inventory,52;44,active,,,,
HIPAA,HIPAA,US health data privacy and security rule,62,US,no,No explicit PQC timeline yet,Healthcare data has long sensitivity periods — HNDL risk is significant.,HHS OCR,FIPS 203;FIPS 204;FIPS 205;NIST SP 800-227,,compliance_framework,https://www.hhs.gov/hipaa,compliance/HIPAA.html,hhs,yes,HHS OCR,url_authoritative,85,cswp39:governance,62,active,,,,
GSMA-NG116,GSMA NG.116 / FS.40,GSMA PQC guidelines for mobile network operators,51,PQC-REGION-GLOBAL,yes,2026-2028,"Mobile network operator PQC guidance from GSMA. Covers 5G and beyond. | 2026-07-13: original website URL (guessed slug /ng116/) was a real 404 (Yoast SEO confirmed ""Page not found""); GSMA NG.116/FS.40 are internal doc numbers, not a URL path. Corrected to GSMA's live PQC-documents index page, which covers PQ.03 (the library_refs target) and related docs.",GSMA,GSMA PQ.03 PQC Guidelines,International:GSMA,compliance_framework,https://www.gsma.com/solutions-and-impact/technologies/security/post-quantum-cryptography-documents/,compliance/GSMA-NG116.html,gsma,yes,GSMA,url_authoritative,85,cswp39:governance,51,active,,,gsma-pq-01; gsma-pq-02; gsma-pq-03; NIST,
ETSI-TS103744,ETSI TS 103 744,ETSI quantum-safe cryptography for telecommunications,51,PQC-REGION-EU,yes,Ongoing,ETSI specification for quantum-safe algorithms in telecom protocols.,ETSI,ETSI TR 103 619;ETSI TS 103 744,International:ETSI/IQC,technical_standard,https://www.etsi.org/committee/cyber,compliance/ETSI-TS103744.html,etsi-cyber,yes,ETSI,url_authoritative,85,cswp39:governance,51,active,,,,
DORA,DORA (EU Digital Operational Resilience),EU financial sector ICT risk and resilience regulation,52,PQC-REGION-EU,expected,2025 (effective),Operational resilience requirements for EU financial entities (effective Jan 2025). DORA imposes no explicit PQC mandate; PQC is read into the Article 9 ICT-protection obligations (integrity/confidentiality) by interpretation.,EBA/ESMA/EIOPA,ENISA PQC Guidelines,European Union:EC,compliance_framework,https://www.eiopa.europa.eu/digital-operational-resilience-act-dora_en,compliance/DORA.html,eiopa,yes,EBA/ESMA/EIOPA,url_authoritative,85,cswp39:governance,52,active,,,,2026-07-16
SWIFT-CSP,SWIFT CSP,SWIFT Customer Security Programme mandatory controls,52,PQC-REGION-GLOBAL,no,Annual,Annual security attestation required for SWIFT network participants.,SWIFT,FIPS 203;FIPS 204;FIPS 205,,compliance_framework,https://www.swift.com/myswift/customer-security-programme,compliance/SWIFT-CSP.html,swift,yes,SWIFT,url_authoritative,85,cswp39:assurance;cswp39:governance,52,active,,,,
ISO-27001,ISO 27001,International information security management standard,52;54;62;51;22;92,PQC-REGION-GLOBAL,no,Ongoing,Widely adopted ISMS standard. No explicit PQC deadline but requires crypto risk management.,ISO/IEC,FIPS 203;FIPS 204;FIPS 205,International:ISO/IEC,technical_standard,https://www.iso.org/standard/27001,compliance/ISO-27001.html,iso-iec-sc27,yes,ISO/IEC,url_authoritative,85,cswp39:governance,52;54;62;51;22;92,active,,,,
SOC-2,SOC 2,Service Organization Control 2 trust services criteria,54;52;62,US;CA,no,Ongoing,Trust Services Criteria. Cryptographic controls reviewed in SOC 2 Type II audits.,AICPA,FIPS 203;FIPS 204;FIPS 205,,compliance_framework,https://www.aicpa-cima.com/resources/landing/system-and-organization-controls-soc-suite-of-services,compliance/SOC-2.html,aicpa,yes,AICPA,url_authoritative,85,cswp39:assurance,54;52;62,active,,,,
GDPR,GDPR,EU General Data Protection Regulation,62;54;52;44;61,PQC-REGION-EU,no,Ongoing,Art. 32 requires appropriate encryption. PQC becoming expected standard for long-lived personal data.,EU DPAs,ENISA PQC Guidelines,European Union:EC,compliance_framework,https://eur-lex.europa.eu/eli/reg/2016/679/oj,compliance/GDPR.html,enisa,yes,EU DPAs,url_authoritative,85,cswp39:governance,62;54;52;44;61,active,,,,
HITECH,HITECH Act,Health Information Technology for Economic and Clinical Health Act,62,US,no,Ongoing,Extends HIPAA enforcement. Mandates breach notification and strong encryption for ePHI.,HHS OCR,FIPS 203;FIPS 204;FIPS 205;NIST SP 800-227,,compliance_framework,https://www.hhs.gov/hipaa/for-professionals/special-topics/hitech-act-enforcement-interim-final-rule/index.html,compliance/HITECH.html,hhs,yes,HHS OCR,url_authoritative,85,cswp39:governance,62,active,,,HIPAA,
FDA-21CFR11,FDA 21 CFR Part 11,Electronic records and signatures in FDA-regulated industries,62,US,no,Ongoing,Signature integrity requirements applicable to PQC migration for regulated medical software.,FDA,FIPS 203;FIPS 204;FIPS 205;NIST SP 800-227,,compliance_framework,https://www.fda.gov/regulatory-information/search-fda-guidance-documents/part-11-electronic-records-electronic-signatures-scope-and-application,compliance/FDA-21CFR11.html,fda,yes,FDA,url_authoritative,85,cswp39:assurance;cswp39:governance,62,active,,,,
FEDRAMP,FedRAMP,Federal Risk and Authorization Management Program,92,US,expected,Ongoing (Rev 5 — PQC guidance expected),No direct FedRAMP PQC mandate today. Dependency chain: FIPS 203/204/205 (Aug 2024) → CMVP must validate PQC modules under FIPS 140-3 (no earlier than 2026-2027) → SP 800-53 updated with PQC controls → FedRAMP baselines incorporate. OMB post-FIPS guidance (statutorily due Aug 2025) not yet published. Realistic enforcement: 2027+. Mandate mechanism: indirect via NIST FIPS 140-3 / SP 800-53 chain.,GSA/FedRAMP PMO,CISA-PQC-CATEGORY-LIST-2026;EO-14306;GSA-PQC-Buyers-Guide-2025;NIST-CSWP-39,United States:NIST,certification_body,https://www.fedramp.gov,compliance/FEDRAMP.html,cisa,yes,GSA/FedRAMP PMO,url_authoritative,85,cswp39:assurance;cswp39:governance,92,active,,,,
DISA-STIG,DISA STIGs,Defense Information Systems Agency Security Technical Implementation Guides,92,US,yes,Ongoing,Mandatory hardening guides for U.S. DoD systems. Crypto requirements updated regularly.,DISA,NSA CNSA 2.0;DoD-CIO-PQC-Memo-2025,United States:NSA,compliance_framework,https://public.cyber.mil/stigs/,,disa,yes,DISA,url_authoritative,85,cswp39:governance,92,active,,,,
NATO-4774,NATO STANAG 4774,NATO confidentiality metadata labeling standard,92,US;PQC-REGION-EU;CA;CZ;AU,yes,Ongoing,Coalition partner interoperability requirements. PQC transition affects classified data exchange.,NATO,FIPS 203;FIPS 204;FIPS 205,NATO:NATO,compliance_framework,https://www.nato.int/cps/en/natohq/topics_78170.htm,compliance/NATO-4774.html,nato,yes,NATO,url_authoritative,85,cswp39:governance,92,active,,,,
ISO-SAE-21434,ISO/SAE 21434,Road vehicle cybersecurity engineering standard,48,PQC-REGION-GLOBAL,yes,Ongoing,Full vehicle lifecycle security including post-quantum readiness. Required for new type approvals.,ISO/SAE,IEEE 1609.2 Amendment,,technical_standard,https://www.iso.org/standard/70918.html,compliance/ISO-SAE-21434.html,iso-iec-sc27,yes,ISO/SAE,url_authoritative,85,cswp39:governance;cswp39:lifecycle,48,active,,,UN-ECE-WP29; UNECE-WP29-R155; ISO-27001,
UN-ECE-WP29,UN ECE WP.29 R155/R156,UN regulations for vehicle cybersecurity and software updates,48,PQC-REGION-EU,yes,Ongoing,Type approval requires cybersecurity management systems and secure OTA update processes.,UNECE,FIPS 203;FIPS 204;FIPS 205,,compliance_framework,https://unece.org/transport/vehicle-regulations,,unece,yes,UNECE,url_authoritative,85,cswp39:governance;cswp39:lifecycle,48,active,,,,
NERC-CIP,NERC CIP,North American Electric Reliability Corporation Critical Infrastructure Protection,22,US;CA,yes,Ongoing,Mandatory cybersecurity standards for bulk power systems. Crypto controls in CIP-005/007/011.,NERC,FIPS 203;FIPS 204;FIPS 205;NIST SP 800-227,,compliance_framework,https://www.nerc.com/globalassets/standards/reliability-standards/cip/cip-005-7.pdf,compliance/NERC-CIP.pdf,nerc,yes,NERC,url_authoritative,85,cswp39:assurance;cswp39:governance,22,active,,,,
IEC-62443,IEC 62443,Industrial cybersecurity standard for OT/ICS environments,22;48;48,PQC-REGION-GLOBAL,yes,Ongoing,Defense-in-depth for industrial control systems. PQC relevant for long-lived OT deployments.,IEC,IEC 62443;FIPS 203;FIPS 204,,technical_standard,https://www.iec.ch/iecnorex/,,iec,yes,IEC,url_authoritative,85,,22;48;48,deprecated,2026-07-16,"No valid evidence obtainable (iec.ch blocks automated fetching, HTTP 403) and no cswp39_tags — dropped per policy: keep only PQC-related rows with valid local_file evidence.",,
DO-326A,DO-326A / ED-202A,Airworthiness security process specification for aircraft systems,48,PQC-REGION-GLOBAL,yes,Ongoing,Aviation cybersecurity certification basis. PQC critical given 30-40 year aircraft lifespans.,RTCA/EUROCAE,FIPS 203;FIPS 204;FIPS 205,,technical_standard,https://www.rtca.org/products/do-326a-electronic/,compliance/DO-326A.html,rtca,yes,RTCA/EUROCAE,url_authoritative,85,cswp39:assurance,48,active,,,,
RTCA-DO-355A,RTCA DO-355A,Information security guidance for continuing airworthiness,48,PQC-REGION-GLOBAL,yes,Ongoing,Supplement to DO-326A for operational phase. Covers cryptographic controls in service.,RTCA,FIPS 203;FIPS 204;FIPS 205,,technical_standard,https://www.rtca.org/products/do-355a-electronic/,compliance/RTCA-DO-355A.html,rtca,yes,RTCA,url_authoritative,85,cswp39:assurance,48,active,,,,
FERPA,FERPA,Family Educational Rights and Privacy Act,61,US,no,Ongoing,Student record confidentiality. Long retention periods imply HNDL exposure for sensitive records.,US Dept of Education,FIPS 203;FIPS 204;FIPS 205,,compliance_framework,https://studentprivacy.ed.gov/ferpa,compliance/FERPA.html,omb,yes,US Dept of Education,url_authoritative,85,cswp39:governance,61,active,,,,
