industry,standard_id,standard_label,standards_body,library_ref,mechanisms_referenced,evidence_type,pqc_readiness,use_case_ids,main_source,source_url,trusted_source_id,local_file,peer_reviewed,vetting_body,confidence_score,last_verified,status,deprecated_at,deprecated_reason
Cross-Industry,RFC-8446,TLS 1.3,IETF,RFC-9846-The-Transport-Layer-Security-TLS-Protocol-Version-1,ECDH;X25519;RSA;ECDSA,standard,in-progress,cross-web-tls,The Transport Layer Security (TLS) Protocol Version 1.3,https://www.rfc-editor.org/rfc/rfc8446.html,ietf,,yes,IETF,0.9,2026-07-29,active,,
Cross-Industry,RFC-5280,X.509 PKI certificate & CRL profile,IETF,RFC 5280,RSA,standard,in-progress,cross-pki,Internet X.509 Public Key Infrastructure Certificate and CRL Profile,https://www.rfc-editor.org/rfc/rfc5280.html,ietf,,yes,IETF,0.9,2026-07-29,active,,
Cross-Industry,RFC-8551,S/MIME 4.0 message specification,IETF,RFC 8551,RSA;ECDSA;ECDH,standard,in-progress,cross-email,Secure/Multipurpose Internet Mail Extensions (S/MIME) Version 4.0 Message Specification,https://www.rfc-editor.org/rfc/rfc8551.html,ietf,,yes,IETF,0.9,2026-07-29,active,,
Cross-Industry,FIPS-203,ML-KEM (FIPS 203),NIST,FIPS 203,ML-KEM,standard,published,cross-web-tls;cross-vpn,Module-Lattice-Based Key-Encapsulation Mechanism Standard (ML-KEM),https://nvlpubs.nist.gov/nistpubs/FIPS/NIST.FIPS.203.pdf,nist-csrc,,yes,NIST,0.9,2026-07-29,active,,
Cross-Industry,FIPS-204,ML-DSA (FIPS 204),NIST,FIPS 204,ML-DSA,standard,published,cross-pki;cross-code-signing,Module-Lattice-Based Digital Signature Standard (ML-DSA),https://nvlpubs.nist.gov/nistpubs/FIPS/NIST.FIPS.204.pdf,nist-csrc,,yes,NIST,0.9,2026-07-29,active,,
Cross-Industry,FIPS-205,SLH-DSA (FIPS 205),NIST,FIPS 205,SLH-DSA,standard,published,cross-code-signing,Stateless Hash-Based Digital Signature Standard (SLH-DSA),https://nvlpubs.nist.gov/nistpubs/FIPS/NIST.FIPS.205.pdf,nist-csrc,,yes,NIST,0.9,2026-07-29,active,,
Cross-Industry,FIPS-206,"FN-DSA (FIPS 206, draft)",NIST,FIPS 206,FN-DSA,standard,in-progress,,FFT over NTRU-Lattice-Based Digital Signature Algorithm (FN-DSA),https://csrc.nist.gov/projects/post-quantum-cryptography,nist-csrc,,yes,NIST,0.9,2026-07-29,active,,
Cross-Industry,NIST-SP-800-227,Recommendations for KEMs,NIST,NIST SP 800-227,ML-KEM,standard,published,cross-vpn,Recommendations for Key-Encapsulation Mechanisms,https://nvlpubs.nist.gov/nistpubs/SpecialPublications/NIST.SP.800-227.pdf,nist-csrc,,yes,NIST,0.9,2026-07-29,active,,
Cross-Industry,NIST-IR-8547,Transition to PQC standards (IPD),NIST,NIST IR 8547,RSA;ECDSA;ECDH;ML-KEM;ML-DSA;SLH-DSA,standard,in-progress,cross-web-tls;cross-pki,Transition to Post-Quantum Cryptography Standards,https://csrc.nist.gov/pubs/ir/8547/ipd,nist-csrc,,yes,NIST,0.9,2026-07-29,active,,
Cross-Industry,RFC-9364,DNSSEC (BCP 237),IETF,RFC 9364,RSA;ECDSA,standard,in-progress,,DNS Security Extensions (DNSSEC) — BCP 237,https://datatracker.ietf.org/doc/html/rfc9364,ietf,,yes,IETF,0.9,2026-07-29,active,,
Cross-Industry,BSI-TR-02102-3,BSI TR-02102-3 IPsec crypto recommendations,BSI,BSI TR-02102-3,ECDH;RSA,standard,in-progress,cross-vpn,Cryptographic Mechanisms: Recommendations for IPsec,https://www.bsi.bund.de/SharedDocs/Downloads/EN/BSI/Publications/TechGuidelines/TG02102/BSI-TR-02102-3.pdf,bsi,,yes,BSI,0.9,2026-07-29,active,,
Government & Defense,CNSA-2.0,NSA CNSA 2.0 algorithm suite,NSA,NSA CNSA 2.0,ML-KEM;ML-DSA;LMS;XMSS,standard,published,gov-nss;gov-classified,Commercial National Security Algorithm Suite 2.0,https://media.defense.gov/2025/May/30/2003728741/-1/-1/0/CSA_CNSA_2.0_ALGORITHMS.PDF,nsa-media,,yes,NSA,0.9,2026-07-29,active,,
Government & Defense,RFC-8603,CNSA suite TLS profile,IETF,RFC 8603,RSA;ECDSA;ECDH,standard,in-progress,gov-nss,Commercial National Security Algorithm (CNSA) Suite Profile for TLS 1.2 and 1.3,https://www.rfc-editor.org/rfc/rfc8603.html,ietf,,yes,IETF,0.9,2026-07-29,active,,
Telecommunications,GSMA-PQ.03,GSMA PQ.03 PQC guidelines for telecom,GSMA,GSMA PQ.03 PQC Guidelines,ML-KEM;ML-DSA,guidance,published,telco-transport;telco-subscriber,Post-Quantum Cryptography Guidelines for Telecom Use Cases,https://www.gsma.com/newsroom/wp-content/uploads/PQ.03-Post-Quantum-Cryptography-Guidelines-for-Telecom-Use-Cases-v2.0-2.pdf,gsma,,yes,GSMA,0.9,2026-07-29,active,,
Telecommunications,NIST-CSWP-36A,Protecting subscriber identifiers (SUCI),NIST,NIST-CSWP-36A,ECDH,guidance,none,telco-suci,Protecting Subscriber Identifiers with Subscription Concealed Identifier (SUCI): Applying 5G Cybersecurity and Privacy Capabilities,https://nvlpubs.nist.gov/nistpubs/CSWP/NIST.CSWP.36A.pdf,nist-csrc,,yes,NIST,0.9,2026-07-29,active,,
Telecommunications,RFC-9370,Multiple key exchanges in IKEv2,IETF,RFC 9370,ECDH;X25519,standard,published,telco-transport,Multiple Key Exchanges in IKEv2,https://www.rfc-editor.org/rfc/rfc9370.html,ietf,,yes,IETF,0.9,2026-07-29,active,,
Legal / Notary / eSignature,ETSI-TS-119-312,Cryptographic suites for e-signatures,ETSI,ETSI-TS-119-312-V2-1-1-Electronic-Signatures-and-Trust-Infra,RSA;ECDSA;ML-DSA;SLH-DSA;XMSS;LMS,standard,published,leg-qes;leg-timestamp,ETSI TS 119 312 V2.1.1 - Electronic Signatures and Trust Infrastructures (ESI); Cryptographic Suites,https://www.etsi.org/deliver/etsi_ts/119300_119399/119312/02.01.01_60/ts_119312v020101p.pdf,etsi,,yes,ETSI,0.9,2026-07-30,active,,
IT Industry / Software,RFC-4253,SSH transport layer protocol,IETF,RFC 4253,RSA,standard,published,it-ssh,The Secure Shell (SSH) Transport Layer Protocol,https://www.rfc-editor.org/rfc/rfc4253.html,ietf,,yes,IETF,0.9,2026-07-29,active,,
IT Industry / Software,RFC-9941,Hybrid ML-KEM key exchange in SSH,IETF,RFC 9941,ML-KEM;ECDH;X25519,standard,published,it-ssh,Streamlined NTRU Prime sntrup761 Key Exchange for SSH,https://datatracker.ietf.org/doc/html/rfc9941,ietf,,yes,IETF,0.9,2026-07-29,active,,
IT Industry / Software,W3C-WebAuthn,Web Authentication (WebAuthn),W3C,W3C WebAuthn,ECDSA;RSA,standard,in-progress,it-identity,Web Authentication: An API for accessing Public Key Credentials - Level 3,https://www.w3.org/TR/webauthn-3/,w3c,,yes,W3C,0.9,2026-07-29,active,,
Hardware Security Modules,PKCS11-3.2,PKCS #11 v3.2 (OASIS Standard),OASIS,PKCS11-V32-OS-OASIS,RSA;ECDSA;ECDH;ML-KEM;ML-DSA;SLH-DSA;LMS;XMSS,standard,published,hsm-api,PKCS #11 Specification Version 3.2 (OASIS Standard),https://docs.oasis-open.org/pkcs11/pkcs11-spec/v3.2/os/pkcs11-spec-v3.2-os.html,oasis,,yes,OASIS,0.9,2026-07-29,active,,
Hardware Security Modules,KMIP-2.1,KMIP 2.1 (OASIS Standard),OASIS,KMIP-V2-1-OASIS,RSA;ECDSA;ECDH,standard,in-progress,hsm-api,Key Management Interoperability Protocol (KMIP) Version 2.1,https://docs.oasis-open.org/kmip/kmip-spec/v2.1/os/kmip-spec-v2.1-os.html,oasis,,yes,OASIS,0.9,2026-07-29,active,,
Cloud Computing / Data Centers,KMIP-2.1-cloud,KMIP 2.1 (OASIS Standard),OASIS,KMIP-V2-1-OASIS,RSA;ECDSA;ECDH,standard,in-progress,cloud-kms,Key Management Interoperability Protocol (KMIP) Version 2.1,https://docs.oasis-open.org/kmip/kmip-spec/v2.1/os/kmip-spec-v2.1-os.html,oasis,,yes,OASIS,0.9,2026-07-29,active,,
Education / Research,OpenID4VCI,OpenID for Verifiable Credential Issuance,OIDF,OpenID4VCI-Spec,ECDSA;RSA,standard,in-progress,edu-credentials,OpenID for Verifiable Credential Issuance (OpenID4VCI),https://openid.net/specs/openid-4-verifiable-credential-issuance-1_0.html,openid-foundation,,yes,OIDF,0.9,2026-07-29,active,,
Rail / Transit,SUBSET-137,UNISIG SUBSET-137 on-line key management (ETCS),UNISIG/ERA,UNISIG-SUBSET-137-ERTMS-ETCS-On-line-Key-Management-FFFIS,RSA;ECDH,standard,none,rail-etcs,UNISIG SUBSET-137 — ERTMS/ETCS On-line Key Management FFFIS,https://www.era.europa.eu/system/files/2023-01/sos3_index083_-_subset-137_v100.pdf,era-rail,,yes,UNISIG/ERA,0.9,2026-07-29,active,,
Media / Entertainment / DRM,AACS-Common-Crypto,AACS common cryptographic elements,AACS LA,AACS-Introduction-and-Common-Cryptographic-Elements-Book-Rev,RSA;ECDSA,standard,none,media-drm,AACS Introduction and Common Cryptographic Elements Book (Rev 0.953),https://aacsla.com/wp-content/uploads/2019/02/AACS_Spec_Common_Final_0953.pdf,aacs,,yes,AACS LA,0.9,2026-07-29,active,,
Education / Research,W3C-VC-DM-2.0,W3C Verifiable Credentials Data Model 2.0,W3C,W3C-Verifiable-Credentials-Data-Model-v2-0,ECDSA,standard,in-progress,edu-credentials,W3C Verifiable Credentials Data Model v2.0,https://www.w3.org/TR/vc-data-model-2.0/,w3c,,yes,W3C,0.9,2026-07-29,active,,
Telecommunications,GSMA-PQ.01,GSMA PQ.01 Post-Quantum Telco Network Impact Assessment,GSMA,GSMA-PQ01,RSA;ECDH;ECDSA;ML-KEM;ML-DSA,industry-report,published,telco-transport;telco-certs,GSMA PQ.01 — Post Quantum Telco Network Impact Assessment Whitepaper v1.0 (2023-02-17),https://www.gsma.com/newsroom/wp-content/uploads/PQ.1-Post-Quantum-Telco-Network-Impact-Assessment-Whitepaper-Version1.0.pdf,gsma,,no,GSMA,0.85,2026-07-29,active,,
Cross-Industry,ENISA-Hybrid-PQC,ENISA hybridization of traditional crypto with PQC — standardisation status,ENISA,ENISA-Hybridization-Standardisation-Status,RSA;ECDH;ECDSA;ML-KEM;ML-DSA;FrodoKEM,industry-report,published,cross-pki;cross-vpn,ENISA — Hybridization of Traditional Cryptographic Mechanisms with PQC: Standardisation Status (2026-04-30),https://certification.enisa.europa.eu/document/download/02f54596-6a99-4c9e-88c4-8c711ebff9c1_en?filename=ENISA%20report%20-%20Hybridization%20of%20traditional%20cryptographic%20mechanisms%20with%20PQC%20-%20Standardisation%20Status%20-%2030%20April%202026%20.pdf,enisa,,no,ENISA,0.85,2026-07-29,active,,
Healthcare / Pharmaceutical,ONC-170.315-d7,ONC Health IT Certification § 170.315(d)(7) End-User Device Encryption,ONC,ONC-Health-IT-Certification-Criterion-170-315-d-7-End-User-D,AES,standard,none,hlth-devices,ONC Health IT Certification Companion Guide — § 170.315(d)(7) End-User Device Encryption,https://www.healthit.gov/test-method/end-user-device-encryption,hhs,,yes,ONC,0.9,2026-07-29,active,,
Healthcare / Pharmaceutical,ONC-170.315-d8,ONC Health IT Certification § 170.315(d)(8) Integrity,ONC,ONC-Health-IT-Certification-Criterion-170-315-d-8-Integrity,SHA,standard,published,hlth-ehr,ONC Health IT Certification — § 170.315(d)(8) Integrity (45 CFR 170.210(c)(2)),https://www.healthit.gov/test-method/integrity,hhs,,yes,ONC,0.9,2026-07-29,active,,
Healthcare / Pharmaceutical,ONC-170.315-d9,ONC Health IT Certification § 170.315(d)(9) Trusted Connection,ONC,ONC-Health-IT-Certification-Criterion-170-315-d-9-Trusted-Co,SHA,standard,published,hlth-ehr,ONC Health IT Certification — § 170.315(d)(9) Trusted Connection (45 CFR 170.210(c)(2)),https://www.healthit.gov/test-method/trusted-connection,hhs,,yes,ONC,0.9,2026-07-29,active,,
Internet of Things (IoT),Matter-1.6,Matter 1.6 Core Specification,Connectivity Standards Alliance,Matter-1-6-Core-Specification,ECDSA;AES;SHA,standard,none,,"Matter 1.6 Core Specification (Connectivity Standards Alliance, 2026-06)",https://csa-iot.org/wp-content/uploads/2026/06/23-27349-011_Matter-1.6-Core-Specification.pdf,csa-iot,,yes,Connectivity Standards Alliance,0.9,2026-07-29,active,,
Telecommunications,ATIS-5G-Quantum,ATIS — Preparing 5G for the Quantum Era,ATIS,ATIS-Preparing-5G-for-the-Quantum-Era-An-Analysis-of-3GPP-Ar,RSA;ECDSA;ECDH;ML-KEM;ML-DSA,guidance,in-progress,telco-suci;telco-transport,ATIS — Preparing 5G for the Quantum Era: An Analysis of 3GPP Architecture (2025-02),https://cdn.atis.org/atis.org/2025/02/25152429/Preparing-5G-for-the-Quantum-Era-WP-V9.pdf,atis,,no,ATIS,0.85,2026-07-29,active,,
Aerospace / Aviation,RFC-5280-aero,Internet X.509 Public Key Infrastructure Certificate and CRL Profile,IETF,RFC 5280,RSA,standard,in-progress,aero-avionics-pki,Internet X.509 Public Key Infrastructure Certificate and CRL Profile,https://www.rfc-editor.org/rfc/rfc5280.html,ietf,,no,IETF,0.9,2026-08-13,active,,
Aerospace / Aviation,RFC-9881,Algorithm Identifiers for ML-DSA in X.509 PKI,IETF,RFC 9881,ECDSA;ML-DSA;RSA,standard,published,aero-avionics-pki,Algorithm Identifiers for ML-DSA in X.509 PKI,https://www.rfc-editor.org/rfc/rfc9881.html,ietf,,partial,IETF,0.9,2026-08-13,active,,
Automotive / Connected Vehicles,AUTOSAR-CP-SWS-CryptoDriver-R23-11,AUTOSAR Classic Platform R23-11 — Specification of Crypto Driver,AUTOSAR,AUTOSAR-CP-SWS-CryptoDriver-R23-11,ECDH;ECDSA,standard,none,auto-invehicle,AUTOSAR Classic Platform R23-11 — Specification of Crypto Driver,https://www.autosar.org/fileadmin/standards/R23-11/CP/AUTOSAR_CP_SWS_CryptoDriver.pdf,autosar,,no,AUTOSAR,0.9,2026-08-13,active,,
Automotive / Connected Vehicles,FIPS-204-auto,Module-Lattice-Based Digital Signature Standard (ML-DSA),NIST,FIPS 204,ML-DSA,standard,published,auto-secure-boot,Module-Lattice-Based Digital Signature Standard (ML-DSA),https://nvlpubs.nist.gov/nistpubs/FIPS/NIST.FIPS.204.pdf,nist-csrc,,yes,NIST,0.9,2026-08-13,active,,
Automotive / Connected Vehicles,NIST-SP-800-208,Recommendation for Stateful Hash-Based Signature Schemes,NIST,NIST SP 800-208,LMS;XMSS,standard,published,auto-secure-boot,Recommendation for Stateful Hash-Based Signature Schemes,https://nvlpubs.nist.gov/nistpubs/SpecialPublications/NIST.SP.800-208.pdf,nist-csrc,,yes,NIST,0.9,2026-08-13,active,,
Automotive / Connected Vehicles,RFC-9881-auto,Algorithm Identifiers for ML-DSA in X.509 PKI,IETF,RFC 9881,ECDSA;ML-DSA,standard,published,auto-v2x,Algorithm Identifiers for ML-DSA in X.509 PKI,https://www.rfc-editor.org/rfc/rfc9881.html,ietf,,partial,IETF,0.9,2026-08-13,active,,
Automotive / Connected Vehicles,RFC-9846-The-Transport-Layer-Security-TL,RFC 9846 — The Transport Layer Security (TLS) Protocol Version 1.3,IETF,RFC-9846-The-Transport-Layer-Security-TLS-Protocol-Version-1,ECDH;ECDSA;RSA;X25519,standard,none,auto-telematics,RFC 9846 — The Transport Layer Security (TLS) Protocol Version 1.3,https://www.rfc-editor.org/rfc/rfc9846.html,ietf,,yes,IETF,0.9,2026-08-13,active,,
Automotive / Connected Vehicles,UEFI-SPEC-2.10-SecureBoot,Unified Extensible Firmware Interface (UEFI) Specification Release 2.11,UEFI Forum,UEFI-SPEC-2.10-SecureBoot,ECDSA;RSA,standard,none,auto-secure-boot,Unified Extensible Firmware Interface (UEFI) Specification Release 2.11,https://uefi.org/sites/default/files/resources/UEFI_Spec_Final_2.11.pdf,uefi-forum,,partial,UEFI Forum,0.9,2026-08-13,active,,
Automotive / Connected Vehicles,draft-ietf-tls-ecdhe-mlkem-05,Post-quantum hybrid ECDHE-MLKEM Key Agreement for TLS 1.3 (draft-ietf-tls-ecdhe-mlkem-05),IETF,draft-ietf-tls-ecdhe-mlkem-05,ML-KEM;ECDH;X25519,standard,in-progress,auto-telematics,Post-quantum hybrid ECDHE-MLKEM Key Agreement for TLS 1.3 (draft-ietf-tls-ecdhe-mlkem-05),https://www.ietf.org/archive/id/draft-ietf-tls-ecdhe-mlkem-05.html,ietf-internet-drafts,,no,IETF,0.9,2026-08-13,active,,
Cloud Computing / Data Centers,FIPS-203-cloud,Module-Lattice-Based Key-Encapsulation Mechanism Standard (ML-KEM),NIST,FIPS 203,ML-KEM,standard,published,cloud-backup,Module-Lattice-Based Key-Encapsulation Mechanism Standard (ML-KEM),https://nvlpubs.nist.gov/nistpubs/FIPS/NIST.FIPS.203.pdf,nist-csrc,,yes,NIST,0.9,2026-08-13,active,,
Cloud Computing / Data Centers,PKCS11-V32-OS-OASIS,PKCS #11 Specification Version 3.2 (OASIS Standard),OASIS,PKCS11-V32-OS-OASIS,ECDSA;ML-DSA;ML-KEM;RSA,standard,published,cloud-hsm-roots,PKCS #11 Specification Version 3.2 (OASIS Standard),https://docs.oasis-open.org/pkcs11/pkcs11-spec/v3.2/os/pkcs11-spec-v3.2-os.html,oasis,,partial,OASIS,0.9,2026-08-13,active,,
Cloud Computing / Data Centers,RFC-9151,Commercial National Security Algorithm (CNSA) Suite Profile for TLS and DTLS 1.2 and 1.3,IETF,RFC 9151,ECDH;RSA,standard,none,cloud-backup,Commercial National Security Algorithm (CNSA) Suite Profile for TLS and DTLS 1.2 and 1.3,https://www.rfc-editor.org/rfc/rfc9151.html,ietf,,no,IETF,0.9,2026-08-13,active,,
Critical Infrastructure / Energy,IETF-RFC-7296,Internet Key Exchange Protocol Version 2 (IKEv2),IETF,IETF RFC 7296,RSA,standard,none,energy-pipeline,Internet Key Exchange Protocol Version 2 (IKEv2),https://www.rfc-editor.org/rfc/rfc7296.html,ietf,,yes,IETF,0.9,2026-08-13,active,,
Critical Infrastructure / Energy,RFC-5280-energy,Internet X.509 Public Key Infrastructure Certificate and CRL Profile,IETF,RFC 5280,RSA,standard,in-progress,energy-ami,Internet X.509 Public Key Infrastructure Certificate and CRL Profile,https://www.rfc-editor.org/rfc/rfc5280.html,ietf,,no,IETF,0.9,2026-08-13,active,,
Critical Infrastructure / Energy,RFC-8784,Mixing Preshared Keys in IKEv2 for Post-quantum Security,IETF,RFC 8784,ECDH,standard,none,energy-pipeline,Mixing Preshared Keys in IKEv2 for Post-quantum Security,https://www.rfc-editor.org/rfc/rfc8784.html,ietf,,no,IETF,0.9,2026-08-13,active,,
Critical Infrastructure / Energy,RFC-9151-energy,Commercial National Security Algorithm (CNSA) Suite Profile for TLS and DTLS 1.2 and 1.3,IETF,RFC 9151,ECDH;ECDSA;RSA,standard,none,energy-scada,Commercial National Security Algorithm (CNSA) Suite Profile for TLS and DTLS 1.2 and 1.3,https://www.rfc-editor.org/rfc/rfc9151.html,ietf,,no,IETF,0.9,2026-08-13,active,,
Critical Infrastructure / Energy,RFC-9881-energy,Algorithm Identifiers for ML-DSA in X.509 PKI,IETF,RFC 9881,ECDSA;RSA,standard,published,energy-ami,Algorithm Identifiers for ML-DSA in X.509 PKI,https://www.rfc-editor.org/rfc/rfc9881.html,ietf,,partial,IETF,0.9,2026-08-13,active,,
Critical Infrastructure / Energy,draft-ietf-lamps-pq-composite-kem-19,Composite ML-KEM for use in X.509 PKI (draft-ietf-lamps-pq-composite-kem-19),IETF,draft-ietf-lamps-pq-composite-kem-19,ECDH;ECDSA;RSA,standard,in-progress,energy-ami,Composite ML-KEM for use in X.509 PKI (draft-ietf-lamps-pq-composite-kem-19),https://www.ietf.org/archive/id/draft-ietf-lamps-pq-composite-kem-19.html,ietf-internet-drafts,,no,IETF,0.9,2026-08-17,active,,
Critical Infrastructure / Energy,draft-wang-ipsecme-kem-auth-ikev2-03,KEM based Authentication for IKEv2 with Post-quantum Security,IETF,draft-wang-ipsecme-kem-auth-ikev2-03,ML-KEM,standard,in-progress,energy-pipeline,KEM based Authentication for IKEv2 with Post-quantum Security,https://datatracker.ietf.org/doc/draft-wang-ipsecme-kem-auth-ikev2/03/,ietf,,partial,IETF,0.9,2026-08-13,active,,
Cryptocurrency / Blockchain,BIP-340,BIP-340: Schnorr Signatures for secp256k1,Bitcoin BIP,BIP-340,ECDSA,standard,none,crypto-consensus,BIP-340: Schnorr Signatures for secp256k1,https://github.com/bitcoin/bips/blob/master/bip-0340.mediawiki,bitcoin-core,,no,Bitcoin BIP,0.9,2026-08-13,active,,
Cryptocurrency / Blockchain,FIPS-204-crypto,Module-Lattice-Based Digital Signature Standard (ML-DSA),NIST,FIPS 204,ML-DSA,standard,published,crypto-consensus,Module-Lattice-Based Digital Signature Standard (ML-DSA),https://nvlpubs.nist.gov/nistpubs/FIPS/NIST.FIPS.204.pdf,nist-csrc,,yes,NIST,0.9,2026-08-13,active,,
Cryptocurrency / Blockchain,PKCS11-V32-OS-OASIS-crypto,PKCS #11 Specification Version 3.2 (OASIS Standard),OASIS,PKCS11-V32-OS-OASIS,ECDH;ECDSA;ML-KEM;RSA,standard,published,crypto-custody,PKCS #11 Specification Version 3.2 (OASIS Standard),https://docs.oasis-open.org/pkcs11/pkcs11-spec/v3.2/os/pkcs11-spec-v3.2-os.html,oasis,,partial,OASIS,0.9,2026-08-13,active,,
Cryptocurrency / Blockchain,SEC2-v2,SEC 2 v2: Recommended Elliptic Curve Domain Parameters,SECG,SEC2-v2,ECDSA,standard,none,crypto-tx-signing,SEC 2 v2: Recommended Elliptic Curve Domain Parameters,https://www.secg.org/sec2-v2.pdf,secg,,no,SECG,0.9,2026-08-13,active,,
Education / Research,RFC-5280-edu,Internet X.509 Public Key Infrastructure Certificate and CRL Profile,IETF,RFC 5280,RSA,standard,in-progress,edu-federation,Internet X.509 Public Key Infrastructure Certificate and CRL Profile,https://www.rfc-editor.org/rfc/rfc5280.html,ietf,,no,IETF,0.9,2026-08-13,active,,
Education / Research,RFC-9881-edu,Algorithm Identifiers for ML-DSA in X.509 PKI,IETF,RFC 9881,ECDSA;RSA,standard,published,edu-federation,Algorithm Identifiers for ML-DSA in X.509 PKI,https://www.rfc-editor.org/rfc/rfc9881.html,ietf,,partial,IETF,0.9,2026-08-13,active,,
Education / Research,RFC-9846-The-Transport-Layer-Security-TL-edu,RFC 9846 — The Transport Layer Security (TLS) Protocol Version 1.3,IETF,RFC-9846-The-Transport-Layer-Security-TLS-Protocol-Version-1,ECDH;ECDSA;RSA,standard,none,edu-sis;edu-research-data,RFC 9846 — The Transport Layer Security (TLS) Protocol Version 1.3,https://www.rfc-editor.org/rfc/rfc9846.html,ietf,,yes,IETF,0.9,2026-08-13,active,,
Education / Research,draft-ietf-tls-ecdhe-mlkem-05-edu,Post-quantum hybrid ECDHE-MLKEM Key Agreement for TLS 1.3 (draft-ietf-tls-ecdhe-mlkem-05),IETF,draft-ietf-tls-ecdhe-mlkem-05,ML-KEM;ECDH;X25519,standard,in-progress,edu-sis;edu-research-data,Post-quantum hybrid ECDHE-MLKEM Key Agreement for TLS 1.3 (draft-ietf-tls-ecdhe-mlkem-05),https://www.ietf.org/archive/id/draft-ietf-tls-ecdhe-mlkem-05.html,ietf-internet-drafts,,no,IETF,0.9,2026-08-13,active,,
Finance & Banking,KMIP-V2-1-OASIS,Key Management Interoperability Protocol (KMIP) Version 2.1,OASIS,KMIP-V2-1-OASIS,ECDH;RSA,standard,in-progress,fin-hsm,Key Management Interoperability Protocol (KMIP) Version 2.1,https://docs.oasis-open.org/kmip/kmip-spec/v2.1/os/kmip-spec-v2.1-os.html,oasis,,partial,OASIS,0.9,2026-08-13,active,,
Finance & Banking,PKCS11-V32-OS-OASIS-fin,PKCS #11 Specification Version 3.2 (OASIS Standard),OASIS,PKCS11-V32-OS-OASIS,ECDH;ML-KEM;RSA,standard,published,fin-hsm,PKCS #11 Specification Version 3.2 (OASIS Standard),https://docs.oasis-open.org/pkcs11/pkcs11-spec/v3.2/os/pkcs11-spec-v3.2-os.html,oasis,,partial,OASIS,0.9,2026-08-13,active,,
Finance & Banking,RFC-5280-fin,Internet X.509 Public Key Infrastructure Certificate and CRL Profile,IETF,RFC 5280,RSA,standard,in-progress,fin-interbank,Internet X.509 Public Key Infrastructure Certificate and CRL Profile,https://www.rfc-editor.org/rfc/rfc5280.html,ietf,,no,IETF,0.9,2026-08-13,active,,
Finance & Banking,RFC-9881-fin,Algorithm Identifiers for ML-DSA in X.509 PKI,IETF,RFC 9881,ECDSA;ML-DSA;RSA,standard,published,fin-interbank,Algorithm Identifiers for ML-DSA in X.509 PKI,https://www.rfc-editor.org/rfc/rfc9881.html,ietf,,partial,IETF,0.9,2026-08-13,active,,
Finance & Banking,RFC-9846-The-Transport-Layer-Security-TL-fin,RFC 9846 — The Transport Layer Security (TLS) Protocol Version 1.3,IETF,RFC-9846-The-Transport-Layer-Security-TLS-Protocol-Version-1,ECDH;ECDSA;RSA;X25519,standard,none,fin-customer,RFC 9846 — The Transport Layer Security (TLS) Protocol Version 1.3,https://www.rfc-editor.org/rfc/rfc9846.html,ietf,,yes,IETF,0.9,2026-08-13,active,,
Finance & Banking,draft-ietf-tls-ecdhe-mlkem-05-fin,Post-quantum hybrid ECDHE-MLKEM Key Agreement for TLS 1.3 (draft-ietf-tls-ecdhe-mlkem-05),IETF,draft-ietf-tls-ecdhe-mlkem-05,ML-KEM;ECDH;X25519,standard,in-progress,fin-customer,Post-quantum hybrid ECDHE-MLKEM Key Agreement for TLS 1.3 (draft-ietf-tls-ecdhe-mlkem-05),https://www.ietf.org/archive/id/draft-ietf-tls-ecdhe-mlkem-05.html,ietf-internet-drafts,,no,IETF,0.9,2026-08-13,active,,
Hardware Security Modules,NIST-SP-800-208-hsm,Recommendation for Stateful Hash-Based Signature Schemes,NIST,NIST SP 800-208,LMS;XMSS,standard,published,hsm-roots,Recommendation for Stateful Hash-Based Signature Schemes,https://nvlpubs.nist.gov/nistpubs/SpecialPublications/NIST.SP.800-208.pdf,nist-csrc,,yes,NIST,0.9,2026-08-13,active,,
Hardware Security Modules,TCG-TPM-V185-Part1,TCG TPM 2.0 Library Specification V185 — Part 1: Architecture,TCG,TCG-TPM-V185-Part1,ECDSA;ML-DSA;RSA,standard,published,hsm-roots,TCG TPM 2.0 Library Specification V185 — Part 1: Architecture,https://trustedcomputinggroup.org/wp-content/uploads/Trusted-Platform-Module-2.0-Library-Part-1-Architecture_Version-185_pub.pdf,tcg,,yes,TCG,0.9,2026-08-13,active,,
Hardware Security Modules,UEFI-SPEC-2.10-SecureBoot-hsm,Unified Extensible Firmware Interface (UEFI) Specification Release 2.11,UEFI Forum,UEFI-SPEC-2.10-SecureBoot,ECDSA;RSA,standard,none,hsm-roots,Unified Extensible Firmware Interface (UEFI) Specification Release 2.11,https://uefi.org/sites/default/files/resources/UEFI_Spec_Final_2.11.pdf,uefi-forum,,partial,UEFI Forum,0.9,2026-08-13,active,,
Healthcare / Pharmaceutical,RFC-5280-hlth,Internet X.509 Public Key Infrastructure Certificate and CRL Profile,IETF,RFC 5280,RSA,standard,in-progress,hlth-supply,Internet X.509 Public Key Infrastructure Certificate and CRL Profile,https://www.rfc-editor.org/rfc/rfc5280.html,ietf,,no,IETF,0.9,2026-08-13,active,,
Healthcare / Pharmaceutical,RFC-9881-hlth,Algorithm Identifiers for ML-DSA in X.509 PKI,IETF,RFC 9881,ECDSA;RSA,standard,published,hlth-supply,Algorithm Identifiers for ML-DSA in X.509 PKI,https://www.rfc-editor.org/rfc/rfc9881.html,ietf,,partial,IETF,0.9,2026-08-13,active,,
IT Industry / Software,FIPS-205-it,Stateless Hash-Based Digital Signature Standard (SLH-DSA),NIST,FIPS 205,SLH-DSA,standard,published,it-libraries,Stateless Hash-Based Digital Signature Standard (SLH-DSA),https://nvlpubs.nist.gov/nistpubs/FIPS/NIST.FIPS.205.pdf,nist-csrc,,yes,NIST,0.9,2026-08-13,active,,
IT Industry / Software,RFC-9846-The-Transport-Layer-Security-TL-it,RFC 9846 — The Transport Layer Security (TLS) Protocol Version 1.3,IETF,RFC-9846-The-Transport-Layer-Security-TLS-Protocol-Version-1,ECDH;ECDSA;RSA;X25519,standard,none,it-libraries,RFC 9846 — The Transport Layer Security (TLS) Protocol Version 1.3,https://www.rfc-editor.org/rfc/rfc9846.html,ietf,,yes,IETF,0.9,2026-08-13,active,,
IT Industry / Software,Sigstore-Algorithm-Registry,Sigstore Algorithm Registry (architecture-docs),OpenSSF,Sigstore-Algorithm-Registry,ECDSA;ML-DSA,standard,published,it-supplychain,Sigstore Algorithm Registry (architecture-docs),https://github.com/sigstore/architecture-docs/blob/main/algorithm-registry.md,sigstore,,no,OpenSSF,0.9,2026-08-13,active,,
IT Industry / Software,draft-ietf-tls-ecdhe-mlkem-05-it,Post-quantum hybrid ECDHE-MLKEM Key Agreement for TLS 1.3 (draft-ietf-tls-ecdhe-mlkem-05),IETF,draft-ietf-tls-ecdhe-mlkem-05,ML-KEM;ECDH;X25519,standard,in-progress,it-libraries,Post-quantum hybrid ECDHE-MLKEM Key Agreement for TLS 1.3 (draft-ietf-tls-ecdhe-mlkem-05),https://www.ietf.org/archive/id/draft-ietf-tls-ecdhe-mlkem-05.html,ietf-internet-drafts,,no,IETF,0.9,2026-08-13,active,,
IT Industry / Software,draft-ietf-tls-mldsa-04,Use of ML-DSA in TLS 1.3 (draft-ietf-tls-mldsa-04),IETF,draft-ietf-tls-mldsa-04,ML-DSA,standard,in-progress,it-libraries,Use of ML-DSA in TLS 1.3 (draft-ietf-tls-mldsa-04),https://www.ietf.org/archive/id/draft-ietf-tls-mldsa-04.html,ietf-internet-drafts,,no,IETF,0.9,2026-08-13,active,,
Insurance,RFC-9846-The-Transport-Layer-Security-TL-ins,RFC 9846 — The Transport Layer Security (TLS) Protocol Version 1.3,IETF,RFC-9846-The-Transport-Layer-Security-TLS-Protocol-Version-1,ECDH;ECDSA;RSA,standard,none,ins-policyholder-data,RFC 9846 — The Transport Layer Security (TLS) Protocol Version 1.3,https://www.rfc-editor.org/rfc/rfc9846.html,ietf,,yes,IETF,0.9,2026-08-13,active,,
Insurance,draft-ietf-tls-ecdhe-mlkem-05-ins,Post-quantum hybrid ECDHE-MLKEM Key Agreement for TLS 1.3 (draft-ietf-tls-ecdhe-mlkem-05),IETF,draft-ietf-tls-ecdhe-mlkem-05,ML-KEM;ECDH;X25519,standard,in-progress,ins-policyholder-data,Post-quantum hybrid ECDHE-MLKEM Key Agreement for TLS 1.3 (draft-ietf-tls-ecdhe-mlkem-05),https://www.ietf.org/archive/id/draft-ietf-tls-ecdhe-mlkem-05.html,ietf-internet-drafts,,no,IETF,0.9,2026-08-13,active,,
Internet of Things (IoT),RFC-5280-iot,Internet X.509 Public Key Infrastructure Certificate and CRL Profile,IETF,RFC 5280,RSA,standard,in-progress,iot-provisioning,Internet X.509 Public Key Infrastructure Certificate and CRL Profile,https://www.rfc-editor.org/rfc/rfc5280.html,ietf,,no,IETF,0.9,2026-08-13,active,,
Internet of Things (IoT),RFC-9052,CBOR Object Signing and Encryption (COSE): Structures and Process,IETF,RFC 9052,ECDSA,standard,none,iot-firmware,CBOR Object Signing and Encryption (COSE): Structures and Process,https://www.rfc-editor.org/rfc/rfc9052.html,ietf,,no,IETF,0.9,2026-08-13,active,,
Internet of Things (IoT),RFC-9053,CBOR Object Signing and Encryption (COSE): Initial Algorithms,IETF,RFC 9053,ECDSA;LMS,standard,published,iot-firmware,CBOR Object Signing and Encryption (COSE): Initial Algorithms,https://www.rfc-editor.org/rfc/rfc9053.html,ietf,,partial,IETF,0.9,2026-08-13,active,,
Internet of Things (IoT),RFC-9151-iot,Commercial National Security Algorithm (CNSA) Suite Profile for TLS and DTLS 1.2 and 1.3,IETF,RFC 9151,ECDSA;RSA,standard,none,iot-industrial,Commercial National Security Algorithm (CNSA) Suite Profile for TLS and DTLS 1.2 and 1.3,https://www.rfc-editor.org/rfc/rfc9151.html,ietf,,no,IETF,0.9,2026-08-13,active,,
Internet of Things (IoT),RFC-9881-iot,Algorithm Identifiers for ML-DSA in X.509 PKI,IETF,RFC 9881,ECDSA;ML-DSA;RSA,standard,published,iot-provisioning,Algorithm Identifiers for ML-DSA in X.509 PKI,https://www.rfc-editor.org/rfc/rfc9881.html,ietf,,partial,IETF,0.9,2026-08-13,active,,
Internet of Things (IoT),draft-ietf-cose-falcon-04,FN-DSA for JOSE and COSE,IETF,draft-ietf-cose-falcon-04,ML-DSA,standard,in-progress,iot-firmware,FN-DSA for JOSE and COSE,https://datatracker.ietf.org/doc/draft-ietf-cose-falcon/04/,ietf,,partial,IETF,0.9,2026-08-13,active,,
Legal / Notary / eSignature,RFC-7515,JSON Web Signature (JWS),IETF,RFC 7515,ECDSA;RSA,standard,none,leg-wallet,JSON Web Signature (JWS),https://www.rfc-editor.org/rfc/rfc7515.html,ietf,,partial,IETF,0.9,2026-08-13,active,,
Legal / Notary / eSignature,RFC-7519,JSON Web Token (JWT),IETF,RFC 7519,ECDH;ECDSA;RSA,standard,none,leg-wallet,JSON Web Token (JWT),https://www.rfc-editor.org/rfc/rfc7519.html,ietf,,partial,IETF,0.9,2026-08-13,active,,
Legal / Notary / eSignature,draft-ietf-jose-pqc-kem,Use of Post-Quantum Key Encapsulation Mechanisms in JOSE and COSE,IETF,draft-ietf-jose-pqc-kem,ECDH;ML-DSA;RSA,standard,in-progress,leg-wallet,Use of Post-Quantum Key Encapsulation Mechanisms in JOSE and COSE,https://www.ietf.org/archive/id/draft-ietf-jose-pqc-kem-05.txt,ietf,,partial,IETF,0.9,2026-08-13,active,,
Media / Entertainment / DRM,CI-Plus-Spec-v1.3.2,CI Plus Specification v1.3.2 — Content Security Extensions to the Common Interface,CI Plus LLP,CI-Plus-Spec-v1.3.2,RSA,standard,none,media-broadcast,CI Plus Specification v1.3.2 — Content Security Extensions to the Common Interface,https://www.ci-plus.com/wp-content/uploads/2019/02/ci-plus_specification_v1.3.2.pdf,dvb,,no,CI Plus LLP,0.9,2026-08-13,active,,
Media / Entertainment / DRM,RFC-9846-The-Transport-Layer-Security-TL-media,RFC 9846 — The Transport Layer Security (TLS) Protocol Version 1.3,IETF,RFC-9846-The-Transport-Layer-Security-TLS-Protocol-Version-1,ECDH;ECDSA;RSA;X25519,standard,none,media-streaming,RFC 9846 — The Transport Layer Security (TLS) Protocol Version 1.3,https://www.rfc-editor.org/rfc/rfc9846.html,ietf,,yes,IETF,0.9,2026-08-13,active,,
Media / Entertainment / DRM,draft-ietf-tls-ecdhe-mlkem-05-media,Post-quantum hybrid ECDHE-MLKEM Key Agreement for TLS 1.3 (draft-ietf-tls-ecdhe-mlkem-05),IETF,draft-ietf-tls-ecdhe-mlkem-05,ML-KEM;ECDH;X25519,standard,in-progress,media-streaming,Post-quantum hybrid ECDHE-MLKEM Key Agreement for TLS 1.3 (draft-ietf-tls-ecdhe-mlkem-05),https://www.ietf.org/archive/id/draft-ietf-tls-ecdhe-mlkem-05.html,ietf-internet-drafts,,no,IETF,0.9,2026-08-13,active,,
Payment Card Industry,FIPS-205-Mastercard,Stateless Hash-Based Digital Signature Standard (SLH-DSA),NIST,FIPS 205,SLH-DSA,standard,published,Mastercard-PQC-industry-awareness-payment-ecosystem-quantum,Stateless Hash-Based Digital Signature Standard (SLH-DSA),https://nvlpubs.nist.gov/nistpubs/FIPS/NIST.FIPS.205.pdf,nist-csrc,,yes,NIST,0.9,2026-08-13,active,,
Payment Card Industry,RFC-9151-pci,Commercial National Security Algorithm (CNSA) Suite Profile for TLS and DTLS 1.2 and 1.3,IETF,RFC 9151,ECDH;RSA,standard,none,pci-terminals,Commercial National Security Algorithm (CNSA) Suite Profile for TLS and DTLS 1.2 and 1.3,https://www.rfc-editor.org/rfc/rfc9151.html,ietf,,no,IETF,0.9,2026-08-13,active,,
Payment Card Industry,RFC-9846-The-Transport-Layer-Security-TL-pci,RFC 9846 — The Transport Layer Security (TLS) Protocol Version 1.3,IETF,RFC-9846-The-Transport-Layer-Security-TLS-Protocol-Version-1,ECDH;ECDSA;RSA,standard,none,pci-ecommerce;Mastercard-PQC-industry-awareness-payment-ecosystem-quantum,RFC 9846 — The Transport Layer Security (TLS) Protocol Version 1.3,https://www.rfc-editor.org/rfc/rfc9846.html,ietf,,yes,IETF,0.9,2026-08-13,active,,
Payment Card Industry,draft-ietf-tls-ecdhe-mlkem-05-pci,Post-quantum hybrid ECDHE-MLKEM Key Agreement for TLS 1.3 (draft-ietf-tls-ecdhe-mlkem-05),IETF,draft-ietf-tls-ecdhe-mlkem-05,ML-KEM;ECDH;X25519,standard,in-progress,pci-ecommerce;Mastercard-PQC-industry-awareness-payment-ecosystem-quantum,Post-quantum hybrid ECDHE-MLKEM Key Agreement for TLS 1.3 (draft-ietf-tls-ecdhe-mlkem-05),https://www.ietf.org/archive/id/draft-ietf-tls-ecdhe-mlkem-05.html,ietf-internet-drafts,,no,IETF,0.9,2026-08-13,active,,
Payment Card Industry,draft-ietf-tls-mldsa-04-Mastercard,Use of ML-DSA in TLS 1.3 (draft-ietf-tls-mldsa-04),IETF,draft-ietf-tls-mldsa-04,ML-DSA,standard,in-progress,Mastercard-PQC-industry-awareness-payment-ecosystem-quantum,Use of ML-DSA in TLS 1.3 (draft-ietf-tls-mldsa-04),https://www.ietf.org/archive/id/draft-ietf-tls-mldsa-04.html,ietf-internet-drafts,,no,IETF,0.9,2026-08-13,active,,
Rail / Transit,RFC-5280-rail,Internet X.509 Public Key Infrastructure Certificate and CRL Profile,IETF,RFC 5280,RSA,standard,in-progress,rail-ptc,Internet X.509 Public Key Infrastructure Certificate and CRL Profile,https://www.rfc-editor.org/rfc/rfc5280.html,ietf,,no,IETF,0.9,2026-08-13,active,,
Rail / Transit,RFC-9881-rail,Algorithm Identifiers for ML-DSA in X.509 PKI,IETF,RFC 9881,ECDSA;RSA,standard,published,rail-ptc,Algorithm Identifiers for ML-DSA in X.509 PKI,https://www.rfc-editor.org/rfc/rfc9881.html,ietf,,partial,IETF,0.9,2026-08-13,active,,
Rail / Transit,RFC-9846-The-Transport-Layer-Security-TL-rail,RFC 9846 — The Transport Layer Security (TLS) Protocol Version 1.3,IETF,RFC-9846-The-Transport-Layer-Security-TLS-Protocol-Version-1,ECDSA;RSA,standard,none,rail-frmcs,RFC 9846 — The Transport Layer Security (TLS) Protocol Version 1.3,https://www.rfc-editor.org/rfc/rfc9846.html,ietf,,yes,IETF,0.9,2026-08-13,active,,
Rail / Transit,draft-ietf-tls-ecdhe-mlkem-05-rail,Post-quantum hybrid ECDHE-MLKEM Key Agreement for TLS 1.3 (draft-ietf-tls-ecdhe-mlkem-05),IETF,draft-ietf-tls-ecdhe-mlkem-05,ML-KEM;ECDH;X25519,standard,in-progress,rail-frmcs,Post-quantum hybrid ECDHE-MLKEM Key Agreement for TLS 1.3 (draft-ietf-tls-ecdhe-mlkem-05),https://www.ietf.org/archive/id/draft-ietf-tls-ecdhe-mlkem-05.html,ietf-internet-drafts,,no,IETF,0.9,2026-08-13,active,,
Retail & E-Commerce,RFC-9846-The-Transport-Layer-Security-TL-retail,RFC 9846 — The Transport Layer Security (TLS) Protocol Version 1.3,IETF,RFC-9846-The-Transport-Layer-Security-TLS-Protocol-Version-1,ECDH;ECDSA;RSA;X25519,standard,none,retail-checkout,RFC 9846 — The Transport Layer Security (TLS) Protocol Version 1.3,https://www.rfc-editor.org/rfc/rfc9846.html,ietf,,yes,IETF,0.9,2026-08-13,active,,
Retail & E-Commerce,draft-ietf-tls-ecdhe-mlkem-05-retail,Post-quantum hybrid ECDHE-MLKEM Key Agreement for TLS 1.3 (draft-ietf-tls-ecdhe-mlkem-05),IETF,draft-ietf-tls-ecdhe-mlkem-05,ML-KEM;ECDH;X25519,standard,in-progress,retail-checkout,Post-quantum hybrid ECDHE-MLKEM Key Agreement for TLS 1.3 (draft-ietf-tls-ecdhe-mlkem-05),https://www.ietf.org/archive/id/draft-ietf-tls-ecdhe-mlkem-05.html,ietf-internet-drafts,,no,IETF,0.9,2026-08-13,active,,
Supply Chain / Logistics,RFC-5280-supply,Internet X.509 Public Key Infrastructure Certificate and CRL Profile,IETF,RFC 5280,RSA,standard,in-progress,supply-maritime;supply-customs,Internet X.509 Public Key Infrastructure Certificate and CRL Profile,https://www.rfc-editor.org/rfc/rfc5280.html,ietf,,no,IETF,0.9,2026-08-13,active,,
Supply Chain / Logistics,RFC-7515-supply,JSON Web Signature (JWS),IETF,RFC 7515,ECDSA;RSA,standard,none,supply-ebl,JSON Web Signature (JWS),https://www.rfc-editor.org/rfc/rfc7515.html,ietf,,partial,IETF,0.9,2026-08-13,active,,
Supply Chain / Logistics,RFC-9881-supply,Algorithm Identifiers for ML-DSA in X.509 PKI,IETF,RFC 9881,ECDSA;RSA,standard,published,supply-maritime;supply-customs,Algorithm Identifiers for ML-DSA in X.509 PKI,https://www.rfc-editor.org/rfc/rfc9881.html,ietf,,partial,IETF,0.9,2026-08-13,active,,
Water / Wastewater,IETF-RFC-7296-water,Internet Key Exchange Protocol Version 2 (IKEv2),IETF,IETF RFC 7296,RSA,standard,none,water-scada;water-dams,Internet Key Exchange Protocol Version 2 (IKEv2),https://www.rfc-editor.org/rfc/rfc7296.html,ietf,,yes,IETF,0.9,2026-08-13,active,,
Water / Wastewater,RFC-5280-water,Internet X.509 Public Key Infrastructure Certificate and CRL Profile,IETF,RFC 5280,RSA,standard,in-progress,water-ami,Internet X.509 Public Key Infrastructure Certificate and CRL Profile,https://www.rfc-editor.org/rfc/rfc5280.html,ietf,,no,IETF,0.9,2026-08-13,active,,
Water / Wastewater,RFC-8784-water,Mixing Preshared Keys in IKEv2 for Post-quantum Security,IETF,RFC 8784,ECDH,standard,none,water-scada;water-dams,Mixing Preshared Keys in IKEv2 for Post-quantum Security,https://www.rfc-editor.org/rfc/rfc8784.html,ietf,,no,IETF,0.9,2026-08-13,active,,
Water / Wastewater,RFC-9881-water,Algorithm Identifiers for ML-DSA in X.509 PKI,IETF,RFC 9881,ECDSA;RSA,standard,published,water-ami,Algorithm Identifiers for ML-DSA in X.509 PKI,https://www.rfc-editor.org/rfc/rfc9881.html,ietf,,partial,IETF,0.9,2026-08-13,active,,
Water / Wastewater,draft-ietf-ipsecme-ikev2-pqc-auth-08,Post-Quantum Authentication in IKEv2 using ML-DSA and SLH-DSA,IETF,draft-ietf-ipsecme-ikev2-pqc-auth-08,ECDSA;RSA,standard,in-progress,water-scada,Post-Quantum Authentication in IKEv2 using ML-DSA and SLH-DSA,https://datatracker.ietf.org/doc/draft-ietf-ipsecme-ikev2-pqc-auth/,ietf,,no,IETF,0.9,2026-08-13,active,,
Water / Wastewater,draft-ietf-lamps-pq-composite-kem-19-water,Composite ML-KEM for use in X.509 PKI (draft-ietf-lamps-pq-composite-kem-19),IETF,draft-ietf-lamps-pq-composite-kem-19,ECDH;ECDSA;RSA,standard,in-progress,water-ami,Composite ML-KEM for use in X.509 PKI (draft-ietf-lamps-pq-composite-kem-19),https://www.ietf.org/archive/id/draft-ietf-lamps-pq-composite-kem-19.html,ietf-internet-drafts,,no,IETF,0.9,2026-08-17,active,,
Aerospace / Aviation,IACR-2024-046-Aviation-Quantum-Secure,Quantum-Secure Hybrid Communication for Aviation Infrastructure,IACR ePrint,IACR-2024-046-Aviation-Quantum-Secure,ECDH;ECDSA;ML-KEM,research,published,aero-atc-datalink,Quantum-Secure Hybrid Communication for Aviation Infrastructure,https://eprint.iacr.org/2024/046,iacr-eprint,,no,IACR ePrint,0.7,2026-08-13,active,,
Critical Infrastructure / Energy,arXiv-2602-21524-Quantum-Attacks-Nuclear,"Quantum Attacks Targeting Nuclear Power Plants: Threat Analysis, Defense and Mitigation Strategies",arXiv,arXiv-2602-21524-Quantum-Attacks-Nuclear,ECDSA;RSA,research,published,energy-nuclear,"Quantum Attacks Targeting Nuclear Power Plants: Threat Analysis, Defense and Mitigation Strategies",https://arxiv.org/abs/2602.21524,arxiv-crypto,,no,arXiv,0.7,2026-08-13,active,,
Healthcare / Pharmaceutical,BLE-Key-Negotiation-Downgrade-2020,Key Negotiation Downgrade Attacks on Bluetooth and Bluetooth Low Energy,USENIX / ACM,BLE-Key-Negotiation-Downgrade-2020,ECDH,research,none,hlth-implants,Key Negotiation Downgrade Attacks on Bluetooth and Bluetooth Low Energy,https://www.cs.ox.ac.uk/files/12712/3394497.pdf,oxford-cs,,yes,USENIX / ACM,0.7,2026-08-13,active,,
Healthcare / Pharmaceutical,BLE-Low-Entropy-Key-Negotiation-2019,Low Entropy Key Negotiation Attacks on Bluetooth and Bluetooth Low Energy,USENIX / ACM,BLE-Low-Entropy-Key-Negotiation-2019,ECDH,research,none,hlth-implants,Low Entropy Key Negotiation Attacks on Bluetooth and Bluetooth Low Energy,https://eprint.iacr.org/2019/933.pdf,iacr,,yes,USENIX / ACM,0.7,2026-08-13,active,,
Payment Card Industry,EMVCo-Quantum-Position-Statement,EMVCo Position Statement: Quantum Computing and EMV Chip Cryptography,EMVCo,EMVCo-Quantum-Position-Statement,RSA,industry-report,none,pci-emv,EMVCo Position Statement: Quantum Computing and EMV Chip Cryptography,https://www.emvco.com/knowledge-hub/emvco-position-statement-quantum-computing-and-emv-chip-cryptography/,emvco,,no,EMVCo,0.7,2026-08-13,active,,
Payment Card Industry,RU-Nijmegen-EMV-Course-Notes,EMV — Radboud University Digital Security course notes (Erik Poll),Radboud University Nijmegen,RU-Nijmegen-EMV-Course-Notes,RSA,courseware,none,pci-emv,EMV — Radboud University Digital Security course notes (Erik Poll),https://www.cs.ru.nl/~erikpoll/spp/EMV_lecture.pdf,radboud-university,,no,Radboud University Nijmegen,0.7,2026-08-13,active,,
