software_name,cpe_uri,cpe_vendor,cpe_product,match_confidence,status,nvd_url,last_verified_date,deprecated_at,deprecated_reason,product_id,cpe_coverage_flag,data_quality_notes
.NET 10 PQC,,,,,not_found,,,,,net-10-pqc,,
.NET System.Security.Cryptography,,,,,not_found,,,,,net-system-security-cryptography,,
01 Quantum IronCAP,,,,,not_found,,,,,01-quantum-ironcap,,
10.512,,,,,not_found,,,,,stsafe-v100-tpm,,
1Password,,,,,not_found,,,,,1password,,
9.512,,,,,not_found,,,,,st33ktpm2x-stsafe-tpm,,
@noble/curves,,,,,not_found,,,,,noble-curves,,
@noble/hashes,,,,,not_found,,,,,noble-hashes,,
A10 Networks Thunder ADC,,,,,not_found,,,,,a10-networks-thunder-adc,,
AdGuard DNS,cpe:2.3:a:adguard-dns:adguard_dns:2.2:*:*:*:*:*:*:*,adguard-dns,adguard_dns,exact,matched,https://nvd.nist.gov/products/cpe/search#results?namingFormat=2.3&keyword=adguard%20dns,2026-08-07,,,adguard-dns,,
Adobe Acrobat Sign,,,,,not_found,,,,,adobe-acrobat-sign,,
Adva FSP 3000 S-Flex,,,,,not_found,,2026-04-01,2026-07-11,not in regen,adva-fsp-3000-s-flex,cpe_not_found_pending_nvd,'Adva FSP 3000 S-Flex' not yet indexed in NVD CPE dictionary. PQC-specific products are emerging; re-verify when NVD CPE 2.3 coverage expands. Consider submitting CPE request via https://nvd.nist.gov/products/cpe/request-cpe
Adva Network Security FSP 3000 S-Flex,,,,,not_found,,,,,adva-network-security-fsp-3000-s-flex,,
Africa Quantum Consortium PQC,,,,,not_found,,,,,africa-quantum-consortium-pqc,,
age (file encryption),,,,,not_found,,,,,filesottile-age-encryption,,
age-plugin-pqkem,,,,,not_found,,,,,age-plugin-pqkem,,
Aigis Reference Implementation,,,,,not_found,,,,,aigis-reference-implementation,,
AIMer Reference Implementation,,,,,not_found,,,,,aimer-reference-implementation,,
Akamai Connected Cloud,,,,,not_found,,,,,akamai-connected-cloud,,
Akamai Edge,,,,,not_found,,,,,akamai-edge,,
Akamai PQC Edge,,,,,not_found,,,,,akamai-pqc-edge,,
Algorand,,,,,not_found,,,,,algorand,,
Algorand FALCON Mainnet,,,,,not_found,,,,,algorand-falcon-mainnet,,
Alibaba Cloud Crypto,,,,,not_found,,,,,Alibaba-Cloud-Crypto,,
Alibaba Cloud GVSM,,,,,not_found,,,,,alibaba-cloud-gvsm,,
Alpine Linux,cpe:2.3:o:alpinelinux:alpine_linux:-:*:*:*:*:*:*:*,alpinelinux,alpine_linux,exact,matched,https://nvd.nist.gov/products/cpe/search#results?namingFormat=2.3&keyword=alpine%20linux,2026-08-07,,,alpine-linux,,
Amazon CloudFront,cpe:2.3:a:amazon:amazon_cloudfront:-:*:*:*:*:*:*:*,amazon,amazon_cloudfront,exact,matched,https://nvd.nist.gov/products/cpe/search#results?namingFormat=2.3&keyword=amazon%20cloudfront,2026-04-01,2026-07-11,not in regen,amazon-cloudfront,cpe_matched,"CPE verified. Source: NVD, 2026-05-06."
Amazon CloudFront Post-Quantum TLS,,,,,not_found,,,,,amazon-cloudfront-pqc,,
Amazon Cognito,,,,,not_found,,,,,amazon-cognito,,
Amazon EKS,,,,,not_found,,,,,amazon-eks,,
Amazon Web Services (AWS),,,,,not_found,,,2026-09-24,"catalogue product ""Amazon Web Services (AWS)"" is deprecated",,,
AMD SEV-SNP (Secure Encrypted Virtualization),,,,,not_found,,,,,amd-sev-snp-secure-encrypted-virtualization,,
AMD Versal Adaptive SoC,,,,,not_found,,,,,amd-versal-adaptive-soc,,
American Binary Ambit Client,,,,,not_found,,,,,american-binary-ambit-client,,
Anchorage Digital,,,,,not_found,,,,,anchorage-digital,,
Android 16,,,,,not_found,,,,,android-16,,
Android 17 PQC,,,,,not_found,,,,,android-17-pqc,,
Angela CryptoModule Cryptographic Algorithm Library,,,,,not_found,,,,,angela-cryptomodule-cryptographic-algorithm-library,,
ANKATech ANKASecure,,,,,not_found,,,,,ankatech-ankasecure,,
AnyDesk Remote Desktop,,,,,not_found,,,,,anydesk-remote-desktop,,
Apache Guacamole,cpe:2.3:a:apache:guacamole:0.8.3:*:*:*:*:*:*:*,apache,guacamole,exact,matched,https://nvd.nist.gov/products/cpe/search#results?namingFormat=2.3&keyword=apache%20guacamole,2026-08-07,,,apache-guacamole,,
Apache HTTP Server,cpe:2.3:a:apache:http_server:1.2:*:*:*:*:*:*:*,apache,http_server,exact,matched,https://nvd.nist.gov/products/cpe/search#results?namingFormat=2.3&keyword=apache%20http_server,2026-08-07,,,apache-http-server,,
Apache Tomcat,cpe:2.3:a:apache:tomcat:-:*:*:*:*:*:*:*,apache,tomcat,exact,matched,https://nvd.nist.gov/products/cpe/search#results?namingFormat=2.3&keyword=apache%20tomcat,2026-08-07,,,apache-tomcat,,
Apache Traffic Server,cpe:2.3:a:apache:traffic_server:2.0.0:*:*:*:*:*:*:*,apache,traffic_server,exact,matched,https://nvd.nist.gov/products/cpe/search#results?namingFormat=2.3&keyword=apache%20traffic%20server,2026-08-07,,,apache-traffic-server,,
Apple codesign,,,,,not_found,,,,,apple-codesign,,
Apple PQ3 / CoreCrypto,,,,,not_found,,,,,apple-pq3-corecrypto,,
Apple Safari,cpe:2.3:a:apple:safari:-:*:*:*:*:*:*:*,apple,safari,exact,matched,https://nvd.nist.gov/products/cpe/search#results?namingFormat=2.3&keyword=apple%20safari,2026-08-07,,,apple-safari,,
Applivery UEM PQC,,,,,not_found,,,,,applivery-uem-pqc,,
AppViewX CERT+,,,,,not_found,,,,,appviewx-cert,,
AppViewX Spring 2026,,,,,not_found,,,2026-09-24,"catalogue product ""AppViewX Spring 2026"" is deprecated",,,
Aptos,cpe:2.3:a:aptosfoundation:aptos:1.4.3:*:*:*:*:*:*:*,aptosfoundation,aptos,exact,matched,https://nvd.nist.gov/products/cpe/search#results?namingFormat=2.3&keyword=aptos%20aptos,2026-08-07,,,aptos,,
Arch Linux,,,,,not_found,,,,,arch-linux,,
archTIS Cryptographic Library,,,,,not_found,,,,,archtis-cryptographic-library,,
Arctera Cryptographic Module for Java,,,,,not_found,,,,,arctera-cryptographic-module-for-java,,
Arista EOS (Extensible Operating System),,,,,not_found,,,,,arista-eos-extensible-operating-system,,
ARM Confidential Compute Architecture (CCA),,,,,not_found,,,,,arm-confidential-compute-architecture-cca,,
ARM Trusted Firmware (TF-A),cpe:2.3:a:arm:trusted_firmware-a:-:*:*:*:*:*:*:*,arm,trusted_firmware-a,partial,partial,https://nvd.nist.gov/products/cpe/search#results?namingFormat=2.3&keyword=arm%20trusted%20firmware%20%28tf-a%29,2026-08-07,,,arm-trusted-firmware-tf-a,,
ARM TrustZone,,,,,not_found,,,,,arm-trustzone,,
Arqit 6WIND Telco PQC,,,,,not_found,,,,,arqit-6wind-telco-pqc,,
Arqit Encryption Intelligence,,,,,not_found,,,,,arqit-encryption-intelligence,,
Arqit QuantumCloud,,,,,not_found,,,,,arqit-quantumcloud,,
Ascertia ADSS PKI Server,,,,,not_found,,,,,ascertia-adss-pki-server,,
Ascertia ADSS Server/SAM,,,,,not_found,,,,,ascertia-adss-server-sam,,
Ascertia ADSS Signing Server,,,,,not_found,,,,,ascertia-adss-signing-server,,
ASI-HSM AHX5 KNET Cryptographic Module,,,,,not_found,,,,,ASI-HSM-AHX5-KNET-Cryptographic-Module,,
ASUS Post-Quantum Cryptography Module,,,,,not_found,,,,,asus-post-quantum-cryptography-module,,
ASUSTOR ADM 5.1 PQC,,,,,not_found,,,,,asustor-adm-5-1-pqc,,
ASUSTOR Post-Quantum Cryptography Module,,,,,not_found,,,,,asustor-post-quantum-cryptography-module,,
AsyncSSH,cpe:2.3:a:asyncssh_project:asyncssh:0.1.0:*:*:*:*:*:*:*,asyncssh_project,asyncssh,exact,matched,https://nvd.nist.gov/products/cpe/search#results?namingFormat=2.3&keyword=asyncssh%20asyncssh,2026-08-07,,,asyncssh,,
AT&T Business Quantum-Resilient SD-WAN (Cisco 8000 Series Secure Router),,,,,not_found,,,,,Preparing-for-The-Quantum-Era-AT-T-Busin,,
Auth0 (Okta Customer Identity),,,,,not_found,,,,,auth0-okta-customer-identity,,
AUTOCRYPT PKI-Vehicles,,,,,not_found,,,,,autocrypt-pki-vehicles,,
Avalanche,,,,,not_found,,,,,avalanche,,
AWS API Gateway PQC,,,,,not_found,,,,,aws-api-gateway-pqc,,
AWS Application Load Balancer (ALB),,,,,not_found,,,,,aws-application-load-balancer-alb,,
AWS Certificate Manager,,,,,not_found,,,,,aws-certificate-manager,,
AWS CloudHSM,,,,,not_found,,,,,aws-cloudhsm,,
AWS Identity and Access Management (IAM),,,,,not_found,,,,,aws-identity-and-access-management-iam,,
AWS Key Management Service Cryptographic Algorithm Library,,,,,not_found,,,,,AWS-Key-Management-Service-Cryptographic,,
AWS KMS,,,,,not_found,,,,,aws-kms,,
AWS KMS (Cloud Gateway),,,,,not_found,,,,,aws-kms-cloud-gateway,,
AWS Payments Cryptography PQC,,,,,not_found,,,,,aws-payments-cryptography-pqc,,
AWS Private CA PQC,,,,,not_found,,,,,aws-private-ca-pqc,,
AWS s2n-tls,,,,,not_found,,,,,aws-s2n-tls,,
AWS Secrets Manager,,,,,not_found,,,,,aws-secrets-manager,,
AWS Transfer Family,,,,,not_found,,,,,aws-transfer-family,,
AWS-LC,cpe:2.3:a:amazon:aws-lc-sys:-:*:*:*:*:rust:*:*,amazon,aws-lc-sys,exact,matched,https://nvd.nist.gov/products/cpe/search#results?namingFormat=2.3&keyword=amazon%20aws-lc,2026-08-07,,,aws-lc,,
Azure AKS,,,,,not_found,,,,,azure-aks,,
Azure Dedicated HSM (Marvell LiquidSecurity),,,,,not_found,,,,,,,
Azure DevOps,,,,,not_found,,,,,azure-devops,,
Azure Key Vault,,,,,not_found,,,,,azure-key-vault,,
Azure Managed HSM,,,,,not_found,,,,,azure-managed-hsm,,
Barracuda Email Protection,,,,,not_found,,,,,barracuda-email-protection,,
BERTEN MLDS-B235,,,,,not_found,,,,,berten-mlds-b235,,
BERTEN MLKE-B135,,,,,not_found,,,,,berten-mlke-b135,,
Best PQC MLKEM,,,,,not_found,,,,,best-pqc-mlkem,,
BeyondTrust Pathfinder Platform,,,,,not_found,,,,,beyondtrust-pathfinder-platform,,
Bitcoin Core,cpe:2.3:a:bitcoincore:bitcoin_core:0.16.2:*:*:*:*:*:*:*,bitcoincore,bitcoin_core,exact,matched,https://nvd.nist.gov/products/cpe/search#results?namingFormat=2.3&keyword=bitcoin%20core,2026-08-07,,,bitcoin-core,,
BitGo,,,,,not_found,,,,,bitgo,,
BitLocker (Windows),,,,,not_found,,,,,bitlocker-windows,,
Bitvise SSH Server,,,,,not_found,,,,,bitvise-ssh-server,,
Bitwarden,cpe:2.3:a:bitwarden:server:1.0.0:*:*:*:*:*:*:*,bitwarden,server,partial,partial,https://nvd.nist.gov/products/cpe/search#results?namingFormat=2.3&keyword=bitwarden%20bitwarden,2026-08-07,,,bitwarden,,
BlackBerry Certicom Security Builder FIPS Module,,,,,not_found,,,,,blackberry-certicom-security-builder-fips-module,,
BlackBerry QNX Hypervisor 8.0 for Safety,,,,,not_found,,,,,blackberry-qnx-hypervisor-8,,
Blocare PQC Module,,,,,not_found,,,,,blocare-pqc-module,,
BoringCrypto,,,,,not_found,,,,,boringcrypto,,
BoringSSL,cpe:2.3:a:google:chrome:0.2.149.29:*:*:*:*:*:*:*,google,chrome,exact,matched,https://nvd.nist.gov/products/cpe/search#results?namingFormat=2.3&keyword=google%20chrome,2026-08-07,,,boringssl,,
Botan,cpe:2.3:a:botan_project:botan:1.10.0:*:*:*:*:*:*:*,botan_project,botan,exact,matched,https://nvd.nist.gov/products/cpe/search#results?namingFormat=2.3&keyword=botan%20botan,2026-09-02,,,botan,,
Bouncy Castle,cpe:2.3:a:bouncycastle:legion-of-the-bouncy-castle-java-crytography-api:1.36:*:*:*:*:*:*:*,bouncycastle,legion-of-the-bouncy-castle-java-crytography-api,exact,matched,https://nvd.nist.gov/products/cpe/search#results?namingFormat=2.3&keyword=bouncy%20castle,2026-08-07,,,bouncy-castle-java,,
Bouncy Castle C# .NET,,,,,not_found,,,,,bouncy-castle-c-net,,
Bouncy Castle C\# / Java,,,,,not_found,,,,,bouncy-castle-java,,
Bouncy Castle Java,cpe:2.3:a:bouncycastle:legion-of-the-bouncy-castle-java-crytography-api:1.36:*:*:*:*:*:*:*,bouncycastle,legion-of-the-bouncy-castle-java-crytography-api,exact,matched,https://nvd.nist.gov/products/cpe/search#results?namingFormat=2.3&keyword=bouncy%20castle%20java,2026-09-07,,,bouncy-castle-java,,
Bouncy Castle Java LTS,cpe:2.3:a:bouncycastle:bouncy_castle_for_java_lts:2.73.0:*:*:*:*:*:*:*,bouncycastle,bouncy_castle_for_java_lts,partial,partial,https://nvd.nist.gov/products/cpe/search#results?namingFormat=2.3&keyword=bouncy%20castle%20java%20lts,2026-09-07,,,bouncy-castle-java-lts,,
Bradesco IBM Quantum Safe,,,,,not_found,,,,,bradesco-ibm-quantum-safe,,
Brave Browser,cpe:2.3:a:brave:browser:1.9.56:*:*:*:*:android:*:*,brave,browser,exact,matched,https://nvd.nist.gov/products/cpe/search#results?namingFormat=2.3&keyword=brave%20browser,2026-08-07,,,brave-browser,,
Broadcom Avi (NSX ALB),,,,,not_found,,,,,broadcom-avi-nsx-alb,,
Broadcom Emulex SecureHBA,,,,,not_found,,,,,broadcom-emulex-securehba,,
Broadcom PGP Cryptographic Engine,,,,,not_found,,,,,Broadcom-PGP-Cryptographic-Engine,,
Broadcom Symantec DLP,,,,,not_found,,,,,broadcom-symantec-dlp,,
Broadcom Symantec SES,,,,,not_found,,,,,broadcom-symantec-ses,,
BTQ Bitcoin Quantum,,,,,not_found,,,,,btq-bitcoin-quantum,,
BTQ Bitcoin Quantum Testnet,,,,,not_found,,,,,btq-bitcoin-quantum-testnet,,
C-DOT ML-KEM Cryptographic Algorithms,,,,,not_found,,,,,c-dot-ml-kem-cryptographic-algorithms,,
C-DOT Quantum CEM Encryptor,,,,,not_found,,,,,c-dot-quantum-cem-encryptor,,
Caddy Server,,,,,not_found,,,,,caddy-server,,
Cardano,,,,,not_found,,,,,cardano,,
CAST KiviPQC-KEM,,,,,not_found,,,,,cast-kivipqc-kem,,
CATO Networks SASE,,,,,not_found,,,,,cato-networks-sase,,
CBOMkit,,,,,not_found,,,,,ibm-cbomkit,,
cdxgen,,,,,not_found,,,,,cyclonedx-cdxgen,,
Cellcrypt PQC Communications,,,,,not_found,,,,,cellcrypt-pqc-communications,,
CentOS Stream,cpe:2.3:o:centos:stream:8:*:*:*:*:*:*:*,centos,stream,exact,matched,https://nvd.nist.gov/products/cpe/search#results?namingFormat=2.3&keyword=centos%20stream,2026-08-07,,,centos-stream,,
Certicom Code Signing and Key Management Server,,,,,not_found,,,,,certicom-pqc-code-signing,,
CGI Momentum Java Cryptographic Module,,,,,not_found,,,,,cgi-momentum-java-cryptographic-module,,
Chainguard FIPS Provider for OpenSSL (NEON),,,,,not_found,,,,,Chainguard-FIPS-Provider-for-OpenSSL-NEO,,
Chainguard FIPS Provider for OpenSSL (SHA3_ASM),,,,,not_found,,,,,Chainguard-FIPS-Provider-for-OpenSSL-SHA,,
Chainguard FIPS Provider for OpenSSL (SHA3_AVX2),,,,,not_found,,,,,Chainguard-FIPS-Provider-for-OpenSSL-SHA-2,,
Chainguard FIPS Provider for OpenSSL (SHA3_AVX512),,,,,not_found,,,,,Chainguard-FIPS-Provider-for-OpenSSL-SHA-3,,
Chainguard FIPS Provider for OpenSSL (SHA3_AVX512VL),,,,,not_found,,,,,Chainguard-FIPS-Provider-for-OpenSSL-SHA-4,,
Chainguard FIPS Provider for OpenSSL (SHA3_CE),,,,,not_found,,,,,Chainguard-FIPS-Provider-for-OpenSSL-SHA-5,,
Chainguard FIPS Provider for OpenSSL (SHA_AVX),,,,,not_found,,,,,Chainguard-FIPS-Provider-for-OpenSSL-SHA-6,,
Chainguard FIPS Provider for OpenSSL (SHA_SHANI),,,,,not_found,,,,,Chainguard-FIPS-Provider-for-OpenSSL-SHA-7,,
Chainguard FIPS Provider for OpenSSL (SHA_SSSE3),,,,,not_found,,,,,Chainguard-FIPS-Provider-for-OpenSSL-SHA-8,,
Check Point Quantum,cpe:2.3:h:checkpoint:quantum_security_management:-:*:*:*:*:*:*:*,checkpoint,quantum_security_management,partial,partial,https://nvd.nist.gov/products/cpe/search#results?namingFormat=2.3&keyword=check%20point%20quantum,2026-08-07,,,check-point-quantum,,
Checkmarx One,,,,,not_found,,,,,checkmarx-one,,
Chelpis Quantum PQC (Taiwan),,,,,not_found,,,,,chelpis-quantum-pqc-taiwan,,
China Telecom Quantum Group,,,,,not_found,,,,,china-telecom-quantum-group,,
ChromeOS,,,,,not_found,,,,,chromeos,,
chrony (NTS-KE),,,,,not_found,,,,,chrony-ntpd,,
Ciena WaveLogic 6 Extreme,,,,,not_found,,,,,ciena-wavelogic-6-extreme,,
Cilium Service Mesh PQC,,,,,not_found,,,,,cilium-service-mesh-pqc,,
CipherLinq,,,,,not_found,,,,,CipherLinq,,
CipherPlus PQC Cryptographic Module,,,,,not_found,,,,,cipherplus-pqc-cryptographic-module,,
CIQ Rocky Linux CAVP PQC,,,,,not_found,,,,,ciq-rocky-linux-cavp-pqc,,
CIRCL,cpe:2.3:a:secretcircle:secret_circle_-_talk_freely:2.2.00.26:*:*:*:*:android:*:*,secretcircle,secret_circle_-_talk_freely,exact,matched,https://nvd.nist.gov/products/cpe/search#results?namingFormat=2.3&keyword=circl%20circl,2026-08-07,,,circl,,
CircleCI,,,,,not_found,,,,,circleci,,
CISA PQC Migration Framework,,,,,not_found,,,,,cisa-pqc-migration-framework,,
Cisco AI Defense (formerly Robust Intelligence Platform),,,,,not_found,,,,,robust-intelligence-cisco-ai-defense,,
Cisco ASA (Adaptive Security Appliance),,,,,not_found,,,,,cisco-asa-adaptive-security-appliance,,
Cisco Catalyst 9500 PQC,,,,,not_found,,,,,cisco-catalyst-9500-pqc,,
Cisco Catalyst Center,cpe:2.3:a:cisco:dna_center:1.2.5:*:*:*:*:*:*:*,cisco,dna_center,partial,partial,https://nvd.nist.gov/products/cpe/search#results?namingFormat=2.3&keyword=cisco%20catalyst%20center,2026-08-07,,,cisco-catalyst-center,,
Cisco Identity Services Engine (ISE),cpe:2.3:h:cisco:identity_services_engine:-:*:*:*:*:*:*:*,cisco,identity_services_engine,exact,matched,https://nvd.nist.gov/products/cpe/search#results?namingFormat=2.3&keyword=cisco%20identity%20services%20engine%20%28ise%29,2026-08-07,,,cisco-identity-services-engine-ise,,
Cisco IOS XE PQC,,,,,not_found,,,,,cisco-ios-xe-pqc,,
Cisco IOS XR,cpe:2.3:o:cisco:ios_xr_for_crs-1:-:*:*:*:*:*:*:*,cisco,ios_xr_for_crs-1,exact,matched,https://nvd.nist.gov/products/cpe/search#results?namingFormat=2.3&keyword=cisco%20ios%20xr,2026-08-07,,,cisco-ios-xr,,
Cisco Meraki MX (Cloud-Managed Firewall),,,,,not_found,,,,,cisco-meraki-mx-cloud-managed-firewall,,
Cisco Secure Client (AnyConnect),,,,,not_found,,,,,cisco-secure-client-anyconnect,,
Cisco Webex,cpe:2.3:a:cisco:webex_recording_format_player:27.21.10:*:*:*:*:*:*:*,cisco,webex_recording_format_player,exact,matched,https://nvd.nist.gov/products/cpe/search#results?namingFormat=2.3&keyword=cisco%20webex,2026-08-07,,,cisco-webex,,
citadel_pqcrypto,,,,,not_found,,,,,citadel-pqcrypto,,
Citrix ADC (NetScaler),,,,,not_found,,,,,citrix-adc-netscaler,,
Citrix CVAD,,,,,not_found,,,,,citrix-virtual-apps-and-desktops,,
Citrix Virtual Apps and Desktops,cpe:2.3:a:citrix:virtual_apps_and_desktops:1903:*:*:*:ltsr:*:*:*,citrix,virtual_apps_and_desktops,exact,matched,https://nvd.nist.gov/products/cpe/search#results?namingFormat=2.3&keyword=citrix%20virtual%20apps%20and%20desktops,2026-08-07,,,citrix-virtual-apps-and-desktops,,
Claroty Platform,,,,,not_found,,,,,claroty-platform,,
Classic McEliece Reference,,,,,not_found,,,,,classic-mceliece-reference,,
CLEAR Cryptosystem,,,,,not_found,,,,,clear-cryptosystem,,
Cloudera Cryptographic Module for Java,,,,,not_found,,,,,cloudera-cryptographic-module-for-java,,
Cloudflare CIRCL,cpe:2.3:a:cloudflare:circl:1.3.3:*:*:*:*:go:*:*,cloudflare,circl,exact,matched,https://nvd.nist.gov/products/cpe/search#results?namingFormat=2.3&keyword=cloudflare%20circl,2026-08-07,,,cloudflare-circl,,
Cloudflare Edge Network,,,,,not_found,,,,,cloudflare-edge-network,,
Cloudflare Zero Trust,,,,,not_found,,,,,cloudflare-zero-trust,,
Cloudian-FJA (FIPS Java API),,,,,not_found,,,,,Cloudian-FJA-FIPS-Java-API,,
CockroachDB Encryption,,,,,not_found,,,,,cockroachdb-encryption,,
Code Siren Post-Quantum Cryptographic (PQC) Library,,,,,not_found,,,,,code-siren-post-quantum-cryptographic-pqc-library,,
Codebat ML-DSA Cryptographic Engine,,,,,not_found,,,,,codebat-ml-dsa-cryptographic-engine,,
Codegic Khatim PKI Server,,,,,not_found,,,,,codegic-khatim-pki-server,,
Codegic Khatim Sign Server,,,,,not_found,,,,,codegic-khatim-sign-server,,
Cohesity DataCloud,,,,,not_found,,,,,cohesity-datacloud,,
Coinbase Custody,,,,,not_found,,,,,coinbase-custody,,
Commvault Cloud,,,,,not_found,,,,,commvault-cloud,,
composite_mkcert,,,,,not_found,,,,,pqctoday-composite-mkcert,,
Confluent Cloud Kafka PQC,,,,,not_found,,,,,confluent-cloud-kafka-pqc,,
Copper.co,,,,,not_found,,,,,copper-co,,
coreboot,cpe:2.3:o:coreboot:coreboot:4.13:*:*:*:*:*:*:*,coreboot,coreboot,exact,matched,https://nvd.nist.gov/products/cpe/search#results?namingFormat=2.3&keyword=coreboot%20coreboot,2026-08-07,,,coreboot,,
CoreDNS PQC DNSSEC,,,,,not_found,,,,,coredns-pqc-dnssec,,
Cosmian covercrypt,,,,,not_found,,,,,cosmian-covercrypt,,
Cosmian KMS,,,,,not_found,,,,,cosmian-kms,,
Cosmos/Tendermint,,,,,not_found,,,,,cosmos-tendermint,,
Cranium AI Security Platform,,,,,not_found,,,,,cranium-ai-security-platform,,
CREDEBL,,,,,not_found,,,,,credebl,,
CrowdStrike Falcon,cpe:2.3:a:crowdstrike:falcon:6.31.14505.0:*:*:*:*:*:*:*,crowdstrike,falcon,exact,matched,https://nvd.nist.gov/products/cpe/search#results?namingFormat=2.3&keyword=crowdstrike%20falcon,2026-08-07,,,crowdstrike-falcon,,
Crucible,,,,,not_found,,,,,crucible,,
Crypto Quantique QDID Platform,,,,,not_found,,,,,crypto-quantique-qdid-platform,,
Crypto++ (cryptopp),,,,,not_found,,,,,crypto-cryptopp,,
Crypto4A QxEDGE,,,,,not_found,,,,,crypto4a-qxedge,,
Crypto4A QxHSM,,,,,not_found,,,,,crypto4a-qxhsm,,
Crypto4A QxVault,,,,,not_found,,,,,crypto4a-qxvault,,
Cryptographic library NesLib 6.11.0 on ST31R480 A01 référence NesLib version 6.11,,,,,not_found,,,,,Cryptographic-library-NESLIB-6-11-3-on-S,,
Cryptographic library NESLIB 6.11.3 on ST31R480 A01 (version 6.11.3)(ANSSI-CC-2025/26),,,,,not_found,,,,,Cryptographic-library-NESLIB-6-11-3-on-S,,
Cryptographic library NESLIB 6.11.3 on ST31R480 B01 (version 6.11.3) (ANSSI-CC-2025/27),,,,,not_found,,,,,Cryptographic-library-NESLIB-6-11-3-on-S-2,,
Cryptographic library NesLib 6.11.6 on ST33K1M5A and ST33K1M5M B04 Version : 6.11.6 / B04 (EUCC-3090-2026-17),,,,,not_found,,,,,Cryptographic-library-NesLib-6-11-6-on-S,,
Cryptographic library NesLib 6.11.6 on ST33K1M5C and ST33K1M5T C03 Version : 6.11.6 / C03 (EUCC-3090-2026-16),,,,,not_found,,,,,Cryptographic-library-NesLib-6-11-6-on-S-2,,
cryptography (pyca/cryptography),,,,,not_found,,,,,python-cryptography,,
Cryptomathic CKMS,,,,,not_found,,,,,cryptomathic-ckms,,
Cryptomathic CrystalKey 360,,,,,not_found,,,,,cryptomathic-crystalkey-360,,
CryptoNext COMPASS Network Probe,,,,,not_found,,,,,cryptonext-compass-network-probe,,
CryptoNext COMPASS Probe,,,,,not_found,,,,,cryptonext-compass-network-probe,,
CryptoNext Quantum-Safe Library,,,,,not_found,,,,,cryptonext-quantum-safe-library,,
CryptoNext Quantum-Safe Library (C-QSL),,,,,not_found,,,,,cryptonext-quantum-safe-library-c-qsl,,
CryptoScan,,,,,not_found,,,,,CryptoScan,,
Cryptosense Analyzer,,,,,not_found,,,,,cryptosense-analyzer,,
CryptPad PQC Collaboration,,,,,not_found,,,,,cryptpad-pqc-collaboration,,
Cryptsoft KMIP & PKCS#11 SDK,,,,,not_found,,,,,cryptsoft,,
CRYSTALS Reference Implementations,,,,,not_found,,,,,crystals-reference-implementations,,
CTERA Crypto Module (Java),,,,,not_found,,,,,ctera-crypto-module-java,,
curl PQC,,,,,not_found,,,,,curl-pqc,,
CyberArk Conjur,cpe:2.3:a:cyberark:conjur_service_broker:-:*:*:*:*:pivotal_cloud_foundry:*:*,cyberark,conjur_service_broker,exact,matched,https://nvd.nist.gov/products/cpe/search#results?namingFormat=2.3&keyword=cyberark%20conjur,2026-08-07,,,cyberark-conjur,,
Cyberint (Check Point),,,,,not_found,,,,,cyberint-check-point,,
CyberZero Quantanaut,,,,,not_found,,,,,cyberzero-quantanaut,,
CZERTAINLY,,,,,not_found,,,,,czertainly,,
Dashlane,cpe:2.3:a:dashlane:dashlane:-:*:*:*:*:windows:*:*,dashlane,dashlane,exact,matched,https://nvd.nist.gov/products/cpe/search#results?namingFormat=2.3&keyword=dashlane%20dashlane,2026-08-07,,,dashlane,,
Debian 12 (Bookworm),,,,,not_found,,,,,debian-12-bookworm,,
Debian 13 (Trixie),,,,,not_found,,,,,debian-13-trixie,,
Delinea Secret Server,cpe:2.3:a:delinea:secret_server:10.9.000002:*:*:*:*:*:*:*,delinea,secret_server,exact,matched,https://nvd.nist.gov/products/cpe/search#results?namingFormat=2.3&keyword=delinea%20secret%20server,2026-08-07,,,delinea-secret-server,,
Dell BSAFE Crypto Module for C,cpe:2.3:a:dell:bsafe_crypto-module-for-c:3.0:*:*:*:*:*:*:*,dell,bsafe_crypto-module-for-c,exact,matched,https://nvd.nist.gov/products/cpe/search#results?namingFormat=2.3&keyword=dell%20bsafe%20crypto%20module%20for%20c,2026-08-07,,,dell-bsafe-crypto-module-for-c,,
Dell BSAFE Crypto-J,cpe:2.3:a:dell:bsafe_crypto-j:-:*:*:*:*:*:*:*,dell,bsafe_crypto-j,exact,matched,https://nvd.nist.gov/products/cpe/search#results?namingFormat=2.3&keyword=dell%20bsafe%20crypto-j,2026-08-07,,,dell-bsafe-crypto-j,,
Dell PowerStore OS 4.0,,,,,not_found,,,,,dell-powerstore-os-4-0,,
Descope Customer & Agentic Identity Platform,,,,,not_found,,,,,descope-platform,,
DFNS,,,,,not_found,,,,,dfns,,
DigiCert CertCentral,,,,,not_found,,,,,digicert-certcentral,,
DigiCert Device Trust Manager,,,,,not_found,,,,,digicert-device-trust-manager,,
DigiCert ONE,,,,,not_found,,,,,digicert-one,,
DigiCert SigningHub,,,,,not_found,,,,,digicert-signinghub,,
DigiCert Software Trust Manager,,,,,not_found,,,,,digicert-software-trust-manager,,
DigiCert Trust Lifecycle Manager,,,,,not_found,,,,,digicert-trust-lifecycle-manager,,
DigiCert TrustCore SDK,,,,,not_found,,,,,digicert-trustcore-sdk,,
DINAMO Hardware Security Module Cryptographic Library,,,,,not_found,,,,,DINAMO-Hardware-Security-Module-Cryptogr,,
Docker Engine 28.0,cpe:2.3:a:docker:engine:28.0.4:*:*:*:*:*:*:*,docker,engine,exact,matched,https://nvd.nist.gov/products/cpe/search#results?namingFormat=2.3&keyword=docker%20engine%2028.0,2026-08-07,,,docker-engine-28-0,,
DocuSign Intelligent Agreement Management (eSignature + CLM),,,,,not_found,,,,,docusign-iam,,
Dogtag Certificate System,,,,,not_found,,,,,dogtag-certificate-system,,
Dragos Platform,cpe:2.3:a:dragos:dragos_platform:2.2.1:*:*:*:*:*:*:*,dragos,dragos_platform,exact,matched,https://nvd.nist.gov/products/cpe/search#results?namingFormat=2.3&keyword=dragos%20platform,2026-08-07,,,dragos-platform,,
Druva Data Resiliency Cloud,,,,,not_found,,,,,druva-data-resiliency-cloud,,
DuckDuckGo Browser,,,,,not_found,,,,,duckduckgo-browser,,
Dyber QuantaTPM,,,,,not_found,,,,,dyber-quantatpm,,
E& Nokia Quantum-Safe Network,,,,,not_found,,,,,e-nokia-quantum-safe-network,,
Easy-RSA,,,,,not_found,,,,,easyrsa-openvpn,,
Eclipse Jetty,cpe:2.3:a:eclipse:jetty:9.3.0:m2:*:*:*:*:*:*,eclipse,jetty,exact,matched,https://nvd.nist.gov/products/cpe/search#results?namingFormat=2.3&keyword=eclipse%20jetty,2026-08-07,,,eclipse-jetty,,
Eclipse Mosquitto,cpe:2.3:a:eclipse:mosquitto:0.1:*:*:*:*:*:*:*,eclipse,mosquitto,exact,matched,https://nvd.nist.gov/products/cpe/search#results?namingFormat=2.3&keyword=eclipse%20mosquitto,2026-08-07,,,eclipse-mosquitto,,
EigenQ Quantum Encryption Module (QEM),,,,,not_found,,,,,eigenq-quantum-encryption-module-qem,,
EJBCA,,,,,not_found,,,,,ejbca,,
Elastic Stack (ELK),,,,,not_found,,,,,elastic-stack-elk,,
Element (Matrix Protocol),,,,,not_found,,,,,element-matrix-protocol,,
Enquantum PQC Accelerator,,,,,not_found,,,,,enquantum-pqc-accelerator,,
Entrust Cryptographic Platform,,,,,not_found,,,,,entrust-cryptographic-platform,,
Entrust Cryptographic Security Platform,,,,,not_found,,,,,entrust-cryptographic-security-platform,,
Entrust Identity as a Service (IDaaS),,,,,not_found,,,,,entrust-identity-as-a-service-idaas,,
Entrust KeyControl,,,,,not_found,,,,,entrust-keycontrol,,
Entrust nShield,cpe:2.3:h:entrust:nshield_5c:-:*:*:*:*:*:*:*,entrust,nshield_5c,exact,matched,https://nvd.nist.gov/products/cpe/search#results?namingFormat=2.3&keyword=entrust%20nshield,2026-08-07,,,entrust-nshield,,
Entrust PKI,,,,,not_found,,,,,entrust-pki,,
Envoy Proxy,cpe:2.3:a:envoyproxy:envoy:1.13.6:*:*:*:*:*:*:*,envoyproxy,envoy,partial,partial,https://nvd.nist.gov/products/cpe/search#results?namingFormat=2.3&keyword=envoy%20proxy,2026-08-07,,,envoy-proxy,,
Ericsson Quantum-Safe 5G,,,,,not_found,,,,,ericsson-quantum-safe-5g,,
ESCRYPT Automotive PQC Solutions,,,,,not_found,,,,,escrypt-automotive-pqc-solutions,,
essendi xc,,,,,not_found,,,,,essendi-xc,,
Ethereum (Geth),,,,,not_found,,,,,ethereum-geth,,
EUDI Reference Wallet,,,,,not_found,,,,,eudi-reference-wallet,,
EVERTRUST HORIZON,,,,,not_found,,,,,evertrust-horizon,,
EVERTRUST STREAM,,,,,not_found,,,,,evertrust-stream,,
Eviden IDnomic PKI,,,,,not_found,,,,,eviden-idnomic-pki,,
Eviden PQC HSMaaS,,,,,not_found,,,,,eviden-pqc-hsmaas,,
Eviden Trustway Proteccio NetHSM,,,,,not_found,,,,,eviden-trustway-proteccio-nethsm,,
evolutionQ BasejumpQDN,,,,,not_found,,,,,evolutionq-basejumpqdn,,
evolutionQ BasejumpSKI,,,,,not_found,,,,,evolutionq-basejumpski,,
ExeQuantum,,,,,not_found,,,,,exequantum,,
ExpressVPN Lightway,,,,,not_found,,,,,expressvpn-lightway,,
F5 ADSP PQC,,,,,not_found,,,,,f5-adsp-pqc,,
F5 BIG-IP,cpe:2.3:h:f5:big-ip:-:*:*:*:*:*:*:*,f5,big-ip,exact,matched,https://nvd.nist.gov/products/cpe/search#results?namingFormat=2.3&keyword=f5%20big-ip,2026-08-07,,,f5-big-ip,,
F5 BIG-IP Post-Quantum Cryptography,,,,,not_found,,,,,f5-big-ip-pqc,,
Falcon Reference Implementation,,,,,not_found,,,,,falcon-reference-implementation,,
Fastly Edge Cloud,,,,,not_found,,,,,fastly-edge-cloud,,
Fastly PQC CDN,,,,,not_found,,,,,fastly-pqc-cdn,,
Fedora Linux,cpe:2.3:a:fedoraproject:fedora_extra_packages_for_enterprise_linux:7.0:*:*:*:*:*:*:*,fedoraproject,fedora_extra_packages_for_enterprise_linux,exact,matched,https://nvd.nist.gov/products/cpe/search#results?namingFormat=2.3&keyword=fedora%20linux,2026-08-07,,,fedora-linux,,
FENASBAC Pix PQC Research,,,,,not_found,,,,,fenasbac-pix-pqc-research,,
FileVault (macOS),,,,,not_found,,,,,filevault-macos,,
Fireblocks,,,,,not_found,,,,,fireblocks,,
FIS Modern Banking,,,,,not_found,,,,,fis-modern-banking,,
Forcepoint DLP,,,,,not_found,,,,,forcepoint-dlp,,
ForgeRock Access Management (AM),cpe:2.3:a:forgerock:access_management:5.0.0:*:*:*:*:*:*:*,forgerock,access_management,exact,matched,https://nvd.nist.gov/products/cpe/search#results?namingFormat=2.3&keyword=forgerock%20access%20management%20%28am%29,2026-08-07,,,forgerock-access-management,,
Fortanix Data Security Manager,,,,,not_found,,,,,fortanix-data-security-manager,,
Fortanix PQC Central,,,,,not_found,,,,,fortanix-pqc-central,,
Fortinet FortiAuthenticator,cpe:2.3:a:fortinet:fortiauthenticator:3.0.0:*:*:*:*:*:*:*,fortinet,fortiauthenticator,exact,matched,https://nvd.nist.gov/products/cpe/search#results?namingFormat=2.3&keyword=fortinet%20fortiauthenticator,2026-08-07,,,fortinet-fortiauthenticator,,
Fortinet FortiGate (FortiOS),,,,,not_found,,,,,fortinet-fortigate-fortios,,
Fortinet FortiGate-Rugged,,,,,not_found,,,,,fortinet-fortigate-rugged,,
Fortinet FortiManager,cpe:2.3:o:fortinet:fortimanager_firmware:5.0.3:*:*:*:*:*:*:*,fortinet,fortimanager_firmware,exact,matched,https://nvd.nist.gov/products/cpe/search#results?namingFormat=2.3&keyword=fortinet%20fortimanager,2026-08-07,,,fortinet-fortimanager,,
Fortinet FortiOS,cpe:2.3:o:fortinet:fortios:4.3.10:*:*:*:*:*:*:*,fortinet,fortios,exact,matched,https://nvd.nist.gov/products/cpe/search#results?namingFormat=2.3&keyword=fortinet%20fortios,2026-08-07,,,fortinet-fortios,,
Fortinet FortiWeb,cpe:2.3:a:fortinet:fortiweb:5.0.4:*:*:*:*:*:*:*,fortinet,fortiweb,exact,matched,https://nvd.nist.gov/products/cpe/search#results?namingFormat=2.3&keyword=fortinet%20fortiweb,2026-08-07,,,fortinet-fortiweb,,
FortiPQC Software Library,,,,,not_found,,,,,fortipqc-software-library,,
Forward Edge-AI Isidore Quantum,,,,,not_found,,,,,forward-edge-ai-isidore-quantum,,
Forward Edge-AI Space Router,,,,,not_found,,,,,forward-edge-ai-space-router,,
FreeBSD,cpe:2.3:o:freebsd:freebsd:-:*:*:*:*:*:*:*,freebsd,freebsd,exact,matched,https://nvd.nist.gov/products/cpe/search#results?namingFormat=2.3&keyword=freebsd%20freebsd,2026-08-07,,,freebsd,,
FreeRTOS,,,,,not_found,,,,,freertos,,
Fujitsu PQC Networks,,,,,not_found,,,,,fujitsu-pqc-networks,,
FusionAuth,cpe:2.3:a:fusionauth:fusionauth:1.0.13:*:*:*:*:*:*:*,fusionauth,fusionauth,exact,matched,https://nvd.nist.gov/products/cpe/search#results?namingFormat=2.3&keyword=fusionauth%20fusionauth,2026-08-07,,,fusionauth,,
Futurex Cloud,,,,,not_found,,,,,futurex-cloud,,
Futurex CryptoHub,,,,,not_found,,,,,futurex-cryptohub,,
Futurex GSP4000 Hardware Security Module,,,,,not_found,,,,,futurex-gsp4000-hardware-security-module,,
Futurex Vectera Plus,,,,,not_found,,,,,futurex-vectera-plus,,
G+D Quantum-Safe SIM Platform,,,,,not_found,,,,,g-d-quantum-safe-sim-platform,,
Galileo AI Observability and Eval Platform,,,,,not_found,,,,,galileo-ai-platform,,
Garantir GaraTrust,,,,,not_found,,,,,garantir-garatrust,,
GCP Secret Manager,,,,,not_found,,,,,gcp-secret-manager,,
General Dynamics Mission,,,,,not_found,,,,,general-dynamics-mission,,
Genua Quantum-Resistant VPN,,,,,not_found,,,,,genua-quantum-resistant-vpn,,
Giesecke+Devrient PQC ID Card,,,,,not_found,,,,,giesecke-devrient-pqc-id-card,,
GitHub Actions,cpe:2.3:a:github:runner:2.298.2:*:*:*:*:*:*:*,github,runner,partial,partial,https://nvd.nist.gov/products/cpe/search#results?namingFormat=2.3&keyword=github%20actions,2026-08-07,,,github-actions,,
GitHub Copilot Security,,,,,not_found,,,,,github-copilot-security,,
GitHub SSH PQC,,,,,not_found,,,,,github-ssh-pqc,,
GitLab CI/CD,,,,,not_found,,,2026-09-24,"catalogue product ""GitLab CI/CD"" is deprecated",,,
GlobalSign Atlas CLM,,,,,not_found,,,,,globalsign-atlas-clm,,
GlobalSign Digital Signing Service,,,,,not_found,,,,,globalsign-digital-signing-service,,
Gmail / Google Workspace,,,,,not_found,,,,,gmail-google-workspace,,
GnuPG,cpe:2.3:a:gnupg:gnupg:1.4.3:*:*:*:*:*:*:*,gnupg,gnupg,exact,matched,https://nvd.nist.gov/products/cpe/search#results?namingFormat=2.3&keyword=gnupg%20gnupg,2026-08-07,,,gnupg,,
GnuTLS,cpe:2.3:a:gnu:gnutls:-:*:*:*:*:*:*:*,gnu,gnutls,exact,matched,https://nvd.nist.gov/products/cpe/search#results?namingFormat=2.3&keyword=gnu%20gnutls,2026-08-07,,,gnutls,,
Go stdlib crypto/mlkem,,,,,not_found,,,,,go-stdlib-crypto-mlkem,,
go-jose v4,,,,,not_found,,,,,go-jose-v4,,
Google ALTS,,,,,not_found,,,,,google-alts,,
Google Chrome,cpe:2.3:a:google:chrome:0.2.149.29:*:*:*:*:*:*:*,google,chrome,exact,matched,https://nvd.nist.gov/products/cpe/search#results?namingFormat=2.3&keyword=google%20chrome,2026-08-07,,,google-chrome,,
Google Cloud CDN,,,,,not_found,,,,,google-cloud-cdn,,
Google Cloud HSM,,,,,not_found,,,,,google-cloud-hsm,,
Google Cloud KMS,,,,,not_found,,,,,google-cloud-kms,,
Google Cloud KMS (Cloud Gateway),,,,,not_found,,,,,google-cloud-kms-cloud-gateway,,
Google Cloud Platform (GCP),,,,,not_found,,,,,google-cloud-platform-gcp,,
Google GKE,,,,,not_found,,,,,google-gke,,
Google OpenTitan,,,,,not_found,,,,,google-opentitan,,
Google Tink,cpe:2.3:a:google:tink:1.0.0:*:*:*:*:*:*:*,google,tink,exact,matched,https://nvd.nist.gov/products/cpe/search#results?namingFormat=2.3&keyword=google%20tink,2026-09-07,,,google-tink,,
GPG Code Signing,,,,,not_found,,,,,gpg-code-signing,,
HAETAE Reference Implementation,,,,,not_found,,,,,haetae-reference-implementation,,
HAProxy,cpe:2.3:a:haproxy:haproxy:1.4.20:*:*:*:*:*:*:*,haproxy,haproxy,exact,matched,https://nvd.nist.gov/products/cpe/search#results?namingFormat=2.3&keyword=haproxy%20haproxy,2026-08-07,,,haproxy,,
hash-sigs,,,,,not_found,,,,,hash-sigs,,
HashiCorp Boundary,cpe:2.3:a:hashicorp:boundary:0.1.8:*:*:*:*:*:*:*,hashicorp,boundary,exact,matched,https://nvd.nist.gov/products/cpe/search#results?namingFormat=2.3&keyword=hashicorp%20boundary,2026-08-07,,,hashicorp-boundary,,
HashiCorp Consul Connect (Service Mesh),,,,,not_found,,,,,hashicorp-consul-connect-service-mesh,,
HashiCorp Vault,cpe:2.3:a:hashicorp:vault:0.1.0:*:*:*:*:*:*:*,hashicorp,vault,exact,matched,https://nvd.nist.gov/products/cpe/search#results?namingFormat=2.3&keyword=hashicorp%20vault,2026-08-07,,,hashicorp-vault,,
HashiCorp Vault Transit,,,,,not_found,,,,,hashicorp-vault-transit,,
HAWK Reference Implementation,,,,,not_found,,,,,hawk-reference-implementation,,
hbs-lms,,,,,not_found,,,,,hbs-lms,,
Hex Trust Institutional Custody,,,,,not_found,,,,,hex-trust-custody,,
HID Global Cryptographic Module,,,,,not_found,,,,,hid-global-cryptographic-module,,
HiddenLayer Model Scanner,,,,,not_found,,,,,hiddenlayer-model-scanner,,
Higher Ground CipherLinq,,,,,not_found,,,,,Higher-Ground-CipherLinq,,
Hikvision FIPS Provider,,,,,not_found,,,,,Hikvision-FIPS-Provider,,
HIPAA (Quantum Security Rule),,,,,not_found,,2026-04-01,2026-07-11,not in regen,hipaa-quantum-security-rule,cpe_not_found_pending_nvd,'HIPAA (Quantum Security Rule)' not yet indexed in NVD CPE dictionary. PQC-specific products are emerging; re-verify when NVD CPE 2.3 coverage expands. Consider submitting CPE request via https://nvd.nist.gov/products/cpe/request-cpe
HiPKI SafGuard 2000 PQC Library,,,,,not_found,,,,,HiPKI-SafGuard-2000-PQC-Library,,
Hitachi DoMobile,,,,,not_found,,,,,hitachi-domobile,,
HNDL Simulator (hndl-dev),,,,,not_found,,,,,hndl-simulator-hndl-dev,,
HP Endpoint Security Controller Cryptographic Library,,,,,not_found,,,,,hp-endpoint-security-controller-cryptographic-library,,
HP Enterprise Printers PQC,,,,,not_found,,,,,hp-enterprise-printers-pqc,,
HPE Alletra MP,,,,,not_found,,,,,hpe-alletra-mp,,
HPE Aruba ArubaOS-CX,cpe:2.3:o:hpe:arubaos-cx:10.06.0001:*:*:*:*:*:*:*,hpe,arubaos-cx,exact,matched,https://nvd.nist.gov/products/cpe/search#results?namingFormat=2.3&keyword=hpe%20aruba%20arubaos-cx,2026-08-07,,,hpe-aruba-arubaos-cx,,
HPE Cryptographic Module,,,,,not_found,,,,,HPE-Cryptographic-Module,,
HPE ProLiant Gen12,,,,,not_found,,,,,hpe-proliant-gen12,,
HQC Algorithm,,,,,not_found,,,,,hqc-algorithm,,
HQC Reference Implementation,,,,,not_found,,,,,hqc-reference-implementation,,
Huawei PQC Network Security,,,,,not_found,,,,,huawei-pqc-network-security,,
HYCU Cryptographic Library Module,,,,,not_found,,,,,HYCU-Cryptographic-Library-Module,,
Hyland OnBase,cpe:2.3:a:hyland:onbase:18.0.0.0:*:*:*:*:*:*:*,hyland,onbase,exact,matched,https://nvd.nist.gov/products/cpe/search#results?namingFormat=2.3&keyword=hyland%20onbase,2026-08-07,,,hyland-onbase,,
Hyperledger Aries (ACA-Py),,,,,not_found,,,,,hyperledger-aries-aca-py,,
Hyperledger Besu,,,,,not_found,,,,,hyperledger-besu,,
Hyperledger Fabric,cpe:2.3:a:hyperledger:fabric:1.4.0:*:*:*:*:*:*:*,hyperledger,fabric,exact,matched,https://nvd.nist.gov/products/cpe/search#results?namingFormat=2.3&keyword=hyperledger%20fabric,2026-08-07,,,hyperledger-fabric,,
Hyperledger Fabric 3.0 PQC,,,,,not_found,,,,,hyperledger-fabric-3-0-pqc,,
I4P Trident HSM,,,,,not_found,,,,,i4p-trident-hsm,,
IBM Aspera,cpe:2.3:a:ibm:aspera_application_platform_on_demand:-:*:*:*:*:*:*:*,ibm,aspera_application_platform_on_demand,exact,matched,https://nvd.nist.gov/products/cpe/search#results?namingFormat=2.3&keyword=ibm%20aspera,2026-08-07,,,ibm-aspera,,
IBM Cloud HSM (Utimaco),,,,,not_found,,2026-04-01,2026-07-11,not in regen,ibm-cloud-hsm-utimaco,cpe_not_found_pending_nvd,'IBM Cloud HSM (Utimaco)' not yet indexed in NVD CPE dictionary. PQC-specific products are emerging; re-verify when NVD CPE 2.3 coverage expands. Consider submitting CPE request via https://nvd.nist.gov/products/cpe/request-cpe
IBM Db2,cpe:2.3:a:ibm:db2:-:*:*:*:*:*:*:*,ibm,db2,exact,matched,https://nvd.nist.gov/products/cpe/search#results?namingFormat=2.3&keyword=ibm%20db2,2026-08-07,,,ibm-db2,,
IBM Guardium Key Lifecycle Manager,cpe:2.3:a:ibm:security_guardium_key_lifecycle_manager:4.1.0:*:*:*:*:*:*:*,ibm,security_guardium_key_lifecycle_manager,exact,matched,https://nvd.nist.gov/products/cpe/search#results?namingFormat=2.3&keyword=ibm%20guardium%20key%20lifecycle%20manager,2026-08-07,,,ibm-guardium-key-lifecycle-manager,,
IBM Guardium Quantum Safe,,,,,not_found,,,,,ibm-guardium-quantum-safe,,
IBM Guardium Safe,,,,,not_found,,,,,ibm-guardium-quantum-safe,,
IBM Hyper Protect Crypto Services,,,,,not_found,,,,,ibm-hyper-protect-crypto,,
IBM LinuxONE PQC,,,,,not_found,,,,,ibm-linuxone-pqc,,
IBM MQ,cpe:2.3:a:ibm:websphere_mq:-:*:*:*:*:*:*:*,ibm,websphere_mq,exact,matched,https://nvd.nist.gov/products/cpe/search#results?namingFormat=2.3&keyword=ibm%20mq,2026-08-07,,,ibm-mq,,
IBM Quantum Safe Migration Orchestrator,,,,,not_found,,,,,IBM-Quantum-Safe-Migration-Orchestrator,,
IBM Quantum Safe Toolkit,,,,,not_found,,,,,ibm-quantum-safe-toolkit,,
IBM Security Guardium Data Protection,,,,,not_found,,,,,ibm-security-guardium-data-protection,,
IBM Storage Scale 5.2,cpe:2.3:a:ibm:storage_scale:5.2.3.0:*:*:*:*:*:*:*,ibm,storage_scale,exact,matched,https://nvd.nist.gov/products/cpe/search#results?namingFormat=2.3&keyword=ibm%20storage%20scale%205.2,2026-08-07,,,ibm-storage-scale-5-2,,
IBM z/OS Cryptographic Services (ICSF),,,,,not_found,,,,,ibm-z-os-cryptographic-services-icsf,,
IBM z/VSE,,,,,not_found,,,,,ibm-z-vse,,
IBM z16 Crypto Express 8S,,,,,not_found,,,,,ibm-z16-crypto-express-8s,,
IBM z17 Quantum Safe,,,,,not_found,,,,,ibm-z17-quantum-safe,,
ID Quantique Cerberis XGR QKD,,,,,not_found,,,2026-09-24,"catalogue product ""ID Quantique Cerberis XGR QKD"" is deprecated",,,
ID Quantique Quantis QRNG,,,,,not_found,,,,,id-quantique-quantis-qrng,,
IDEMIA Digital Identity Platform,,,,,not_found,,,,,idemia-digital-identity-platform,,
IDEMIA PQC Accelerator,,,,,not_found,,,,,idemia-pqc-accelerator,,
IDEMIA PQC Secure Element,,,,,not_found,,,,,idemia-pqc-secure-element,,
IDEMIA Sphere Cryptographic Library,,,,,not_found,,,,,IDEMIA-Sphere-Cryptographic-Library,,
Imperva WAF,,,,,not_found,,,,,imperva-waf,,
Infineon AURIX TC49 PQC,,,,,not_found,,,,,infineon-aurix-tc49-pqc,,
Infineon IFX_CCI_00007Ah/8Fh Crypto Suite,,,,,not_found,,,,,Infineon-IFX-CCI-00007Ah-8Fh-Crypto-Suit,,
Infineon OPTIGA TPM SLB 9672,,,,,not_found,,,,,infineon-optiga-tpm-slb-9672,,
Infineon PSOC Control C3 PQC,,,,,not_found,,,,,infineon-psoc-control-c3-pqc,,
Infineon TEGRION SLC27 PQC,,,,,not_found,,,,,infineon-tegrion-slc27-pqc,,
Infineon TEGRION SLI22 Automotive,,,,,not_found,,,,,infineon-tegrion-sli22-automotive,,
InformaCast Advanced and Fusion Server Java Crypto Library,,,,,not_found,,,,,InformaCast-Advanced-and-Fusion-Server-J,,
InfoSec Global AgileSec,,,,,not_found,,,,,infosecglobal-agilesec,,
Intel Platform Trust Technology (PTT),,,,,not_found,,,,,intel-platform-trust-technology-ptt,,
Intel TDX (Trust Domain Extensions),,,,,not_found,,,,,intel-tdx-trust-domain-extensions,,
Internxt Drive PQC,,,,,not_found,,,,,internxt-drive-pqc,,
Inturai PQ Station ESP32,,,,,not_found,,,,,inturai-pq-station-esp32,,
iOS 26 / macOS 26,,,,,not_found,,,,,ios-26-macos-26,,
IOTA,,,,,not_found,,,,,iota,,
IP Cores PQC1,,,,,not_found,,,,,ip-cores-pqc1,,
IronCore Labs SaaS Shield,,,,,not_found,,,,,ironcore-labs-saas-shield,,
ISARA Advance,,,,,not_found,,,,,isara-advance,,
ISARA Radiate,,,,,not_found,,,,,isara-radiate,,
ISC BIND 9.21,cpe:2.3:a:isc:bind:9.21.0:*:*:*:-:*:*:*,isc,bind,exact,matched,https://nvd.nist.gov/products/cpe/search#results?namingFormat=2.3&keyword=isc%20bind%209.21,2026-08-07,,,isc-bind-9-21,,
Istio Service Mesh,,,,,not_found,,,,,istio-service-mesh,,
ITE LAx-551x Embedded Controller with PQC Cryptographic Engine,,,,,not_found,,,,,ITE-LAx-551x-Embedded-Controller-with-PQ,,
Ivanti Neurons for MDM,,,,,not_found,,,,,ivanti-neurons-for-mdm,,
IVPN,cpe:2.3:a:ivpn:ivpn:2.6.6120.33863:*:*:*:*:windows:*:*,ivpn,ivpn,exact,matched,https://nvd.nist.gov/products/cpe/search#results?namingFormat=2.3&keyword=ivpn%20ivpn,2026-08-07,,,ivpn,,
Jamf Pro,cpe:2.3:a:jamf:jamf:8.5:*:*:*:pro:*:*:*,jamf,jamf,partial,partial,https://nvd.nist.gov/products/cpe/search#results?namingFormat=2.3&keyword=jamf%20pro,2026-08-07,,,jamf-pro,,
Java 24 PQC Runtime,,,,,not_found,,,,,java-24-pqc-runtime,,
Java jarsigner (JDK),,,,,not_found,,,,,java-jarsigner-jdk,,
Jenkins,,,,,not_found,,,,,jenkins,,
JEP 527: Post-Quantum Hybrid Key Exchange for TLS 1.3,,,,,not_found,,,,,JEP-527-Post-Quantum-Hybrid-Key-Exchange,,
JetBrains TeamCity 2026.1,cpe:2.3:a:jetbrains:teamcity:2026.1:*:*:*:*:*:*:*,jetbrains,teamcity,exact,matched,https://nvd.nist.gov/products/cpe/search#results?namingFormat=2.3&keyword=jetbrains%20teamcity%202026.1,2026-08-07,,,jetbrains-teamcity-2026-1,,
JFrog Artifactory,cpe:2.3:a:jfrog:artifactory:1.0:*:*:*:*:jenkins:*:*,jfrog,artifactory,exact,matched,https://nvd.nist.gov/products/cpe/search#results?namingFormat=2.3&keyword=jfrog%20artifactory,2026-08-07,,,jfrog-artifactory,,
Jmem PUF-Embedded Quantum-Safe PQCryptoEngine,,,,,not_found,,,,,Jmem-PUF-Embedded-Quantum-Safe-PQCryptoE,,
jose4j,cpe:2.3:a:jose4j_project:jose4j:0.9.3:*:*:*:*:*:*:*,jose4j_project,jose4j,exact,matched,https://nvd.nist.gov/products/cpe/search#results?namingFormat=2.3&keyword=jose4j%20jose4j,2026-08-07,,,jose4j,,
jsonwebtoken (auth0),,,,,not_found,,,,,jsonwebtoken-auth0,,
JumpCloud Directory Platform,,,,,not_found,,,,,jumpcloud-directory-platform,,
Juniper Junos OS,cpe:2.3:o:juniper:junos:12.3x48:-:*:*:*:*:*:*,juniper,junos,exact,matched,https://nvd.nist.gov/products/cpe/search#results?namingFormat=2.3&keyword=juniper%20junos%20os,2026-08-07,,,juniper-junos-os,,
Juniper SRX Series Firewalls,,,,,not_found,,,,,juniper-srx-series-firewalls,,
Kaseya FIPS Cryptographic Module for Java,,,,,not_found,,,,,Kaseya-FIPS-Cryptographic-Module-for-Jav,,
Keeper Security,cpe:2.3:a:keepersecurity:keeper:16.10.2:*:*:*:*:*:*:*,keepersecurity,keeper,partial,partial,https://nvd.nist.gov/products/cpe/search#results?namingFormat=2.3&keyword=keeper%20security,2026-08-07,,,keeper-security,,
Keycloak,cpe:2.3:a:keycloak:keycloak-nodejs-auth-utils:2.5.0:*:*:*:*:*:*:*,keycloak,keycloak-nodejs-auth-utils,exact,matched,https://nvd.nist.gov/products/cpe/search#results?namingFormat=2.3&keyword=keycloak%20keycloak,2026-08-07,,,keycloak,,
Keyfactor 2026 Trends,,,,,not_found,,,2026-09-24,"catalogue product ""Keyfactor 2026 Trends"" is deprecated",,,
Keyfactor AgileSec Analytics,,,,,not_found,,,,,keyfactor-agilesec-analytics,,
Keyfactor Command,cpe:2.3:a:keyfactor:command:10.5.0:*:*:*:*:*:*:*,keyfactor,command,exact,matched,https://nvd.nist.gov/products/cpe/search#results?namingFormat=2.3&keyword=keyfactor%20command,2026-08-07,,,keyfactor-command,,
Keyfactor EJBCA,cpe:2.3:a:keyfactor:ejbca:8.0.0:*:*:*:*:*:*:*,keyfactor,ejbca,exact,matched,https://nvd.nist.gov/products/cpe/search#results?namingFormat=2.3&keyword=keyfactor%20ejbca,2026-08-07,,,keyfactor-ejbca,,
Keysight CyPerf,,,,,not_found,,,,,keysight-cyperf,,
Keysight Inspector,,,,,not_found,,,,,keysight-inspector,,
KIOXIA FIPS TC58NC1137GTC Crypto Sub-Chip Class A1,,,,,not_found,,,,,KIOXIA-FIPS-TC58NC1137GTC-Crypto-Sub-Chi,,
Kiteworks PQC File Sharing,,,,,not_found,,,,,kiteworks-pqc-file-sharing,,
KiviCore PQC IP Cores,,,,,not_found,,,,,kivicore-pqc-ip-cores,,
Kloudfuse Java Cryptographic Module,,,,,not_found,,,,,Kloudfuse-Java-Cryptographic-Module,,
kmip-go (ThalesGroup),,,,,not_found,,,,,thalesgroup-kmip-go,,
Komainu Custody,,,,,not_found,,,,,komainu-custody,,
Kong API Gateway,,,,,not_found,,,,,kong-api-gateway,,
Kryptonite Shipovnik PQC Signature (Russia),,,,,not_found,,,,,kryptonite-shipovnik-pqc-signature-russia,,
Kryptus kNET HSM PQC,,,,,not_found,,,,,kryptus-knet-hsm-pqc,,
Kubernetes,cpe:2.3:a:kubernetes:kubernetes:-:*:*:*:*:*:*:*,kubernetes,kubernetes,exact,matched,https://nvd.nist.gov/products/cpe/search#results?namingFormat=2.3&keyword=kubernetes%20kubernetes,2026-08-07,,,kubernetes,,
Kudelski IoT Security Platform,,,,,not_found,,,,,kudelski-iot-security-platform,,
Lakera Guard,,,,,not_found,,,,,lakera-guard,,
Landis+Gyr SEALSQ Smart Grid PKI,,,,,not_found,,,,,landis-gyr-sealsq-smart-grid-pki,,
Lattice MachXO5-NX,,,,,not_found,,,,,lattice-machxo5-nx,,
ldnsutils (NLnetLabs ldns),,,,,not_found,,,,,nlnetlabs-ldnsutils,,
leancrypto,cpe:2.3:a:leancrypto:leancrypto:1.7.1:*:*:*:*:*:*:*,leancrypto,leancrypto,exact,matched,https://nvd.nist.gov/products/cpe/search#results?namingFormat=2.3&keyword=leancrypto%20leancrypto,2026-08-07,,,leancrypto,,
Ledger Enterprise,,,,,not_found,,,,,ledger-enterprise,,
Ledger SDK Post-Quantum Cryptography,,,,,not_found,,,,,Ledger-SDK-Post-Quantum-Cryptography,,
Let's Encrypt,,,,,not_found,,,,,let-s-encrypt,,
libbitcoinpqc,,,,,not_found,,,,,libbitcoinpqc,,
libcrux,,,,,not_found,,,,,cryspen-libcrux,,
libgcrypt,,,,,not_found,,,,,libgcrypt,,
liboqs,cpe:2.3:a:openquantumsafe:liboqs:0.10.1:-:*:*:*:*:*:*,openquantumsafe,liboqs,exact,matched,https://nvd.nist.gov/products/cpe/search#results?namingFormat=2.3&keyword=openquantumsafe%20liboqs,2026-08-07,,,liboqs,,
liboqs-rust (oqs crate),,,,,not_found,,,,,liboqs-rust-oqs-crate,,
libpqsecure,,,,,not_found,,,,,libpqsecure,,
Libpqsecure-rs,,,,,not_found,,,,,Libpqsecure-rs,,
LibreSSL,cpe:2.3:a:openbsd:libressl:2.1.1:*:*:*:*:*:*:*,openbsd,libressl,exact,matched,https://nvd.nist.gov/products/cpe/search#results?namingFormat=2.3&keyword=openbsd%20libressl,2026-08-07,,,libressl,,
Libreswan,cpe:2.3:a:libreswan:libreswan:3.5:*:*:*:*:*:*:*,libreswan,libreswan,exact,matched,https://nvd.nist.gov/products/cpe/search#results?namingFormat=2.3&keyword=libreswan%20libreswan,2026-08-07,,,libreswan,,
libsodium,,,,,not_found,,,,,libsodium,,
libssh,cpe:2.3:a:libssh:libssh:0.5.2:*:*:*:*:*:*:*,libssh,libssh,exact,matched,https://nvd.nist.gov/products/cpe/search#results?namingFormat=2.3&keyword=libssh%20libssh,2026-08-07,,,libssh,,
libtpms,cpe:2.3:a:libtpms_project:libtpms:-:*:*:*:*:*:*:*,libtpms_project,libtpms,exact,matched,https://nvd.nist.gov/products/cpe/search#results?namingFormat=2.3&keyword=libtpms%20libtpms,2026-08-07,,,libtpms,,
Linkerd,cpe:2.3:a:linkerd:linkerd:2.13.0:*:*:*:stable:kubernetes:*:*,linkerd,linkerd,exact,matched,https://nvd.nist.gov/products/cpe/search#results?namingFormat=2.3&keyword=linkerd%20linkerd,2026-08-07,,,linkerd,,
Linux IMA/EVM,,,,,not_found,,,,,linux-ima-evm,,
Linux LUKS / dm-crypt,,,,,not_found,,,,,linux-luks-dm-crypt,,
LS2 HSM Family,,,,,not_found,,,,,LS2-HSM-Family,,
LTO-10 PQC-Ready Tape,,,,,not_found,,,,,lto-10-pqc-ready-tape,,
MadQuantum-CM (Spain),,,,,not_found,,,,,madquantum-cm-spain,,
Mandiant (Google Cloud),,,,,not_found,,,,,mandiant-google-cloud,,
MariaDB Server,,,,,not_found,,,,,mariadb-server,,
Marvell LiquidSecurity 2,,,,,not_found,,,,,marvell-liquidsecurity-2,,
Mastercard Quantum-Resistant Contactless,,,,,not_found,,,,,mastercard-quantum-resistant-contactless,,
Mavenir Cloud RAN,,,,,not_found,,,,,mavenir-cloud-ran,,
MAYO Reference Implementation,,,,,not_found,,,,,mayo-reference-implementation,,
Mbed TLS,,,,,not_found,,,,,mbed-tls,,
mbedTLS,cpe:2.3:a:mbed:mbedtls:1.3.10:*:*:*:*:*:*:*,mbed,mbedtls,exact,matched,https://nvd.nist.gov/products/cpe/search#results?namingFormat=2.3&keyword=mbedtls%20mbedtls,2026-08-07,,,mbed-tls,,
Metaco Harmonize,,,,,not_found,,,,,metaco-harmonize,,
Microchip ATECC608B,,,,,not_found,,,,,microchip-atecc608b,,
Microchip CryptoAutomotive TA100,,,,,not_found,,,,,microchip-cryptoautomotive-ta100,,
Microchip MEC175xB PQC Controllers,,,,,not_found,,,,,microchip-mec175xb-pqc-controllers,,
Microchip PolarFire,,,,,not_found,,,,,microchip-polarfire,,
Microsoft 365,cpe:2.3:a:microsoft:dynamics_365:8.0:*:*:*:*:*:*:*,microsoft,dynamics_365,exact,matched,https://nvd.nist.gov/products/cpe/search#results?namingFormat=2.3&keyword=microsoft%20365,2026-08-07,,,microsoft-365,,
Microsoft AD CS,,,,,not_found,,,,,microsoft-ad-cs,,
Microsoft Azure,cpe:2.3:a:microsoft:azure_active_directory_connect:1.1.524.0:*:*:*:*:*:*:*,microsoft,azure_active_directory_connect,exact,matched,https://nvd.nist.gov/products/cpe/search#results?namingFormat=2.3&keyword=microsoft%20azure,2026-08-07,,,microsoft-azure,,
Microsoft Defender for Endpoint,cpe:2.3:a:microsoft:defender_for_endpoint:-:*:*:*:*:-:*:*,microsoft,defender_for_endpoint,exact,matched,https://nvd.nist.gov/products/cpe/search#results?namingFormat=2.3&keyword=microsoft%20defender%20for%20endpoint,2026-08-07,,,microsoft-defender-for-endpoint,,
Microsoft Edge,cpe:2.3:a:microsoft:edge:-:*:*:*:*:*:*:*,microsoft,edge,exact,matched,https://nvd.nist.gov/products/cpe/search#results?namingFormat=2.3&keyword=microsoft%20edge,2026-08-07,,,microsoft-edge,,
Microsoft Entra External ID,,,,,not_found,,,,,microsoft-entra-external-id,,
Microsoft Entra ID,,,,,not_found,,,,,microsoft-entra-id,,
Microsoft Entra Verified ID,,,,,not_found,,,,,microsoft-entra-verified-id,,
Microsoft Hyper-V,cpe:2.3:o:microsoft:windows_server_2008:-:-:*:*:datacenter_without_hyper-v:*:itanium:*,microsoft,windows_server_2008,partial,partial,https://nvd.nist.gov/products/cpe/search#results?namingFormat=2.3&keyword=microsoft%20hyper-v,2026-08-07,,,microsoft-hyper-v,,
Microsoft Intune,cpe:2.3:a:microsoft:intune_endpoint_protection:-:*:*:*:*:*:*:*,microsoft,intune_endpoint_protection,exact,matched,https://nvd.nist.gov/products/cpe/search#results?namingFormat=2.3&keyword=microsoft%20intune,2026-08-07,,,microsoft-intune,,
Microsoft PQCrypto-LWEKE,,,,,not_found,,,,,microsoft-pqcrypto-lweke,,
Microsoft RDS,,,,,not_found,,,,,microsoft-rds,,
Microsoft Remote Desktop Services (RDS),,,,,not_found,,,,,microsoft-remote-desktop-services-rds,,
Microsoft Research Post-Quantum TLS,,,,,not_found,,,,,Microsoft-Research-Post-Quantum-TLS,,
Microsoft SignTool,,,,,not_found,,,,,microsoft-signtool,,
Microsoft SymCrypt,cpe:2.3:a:microsoft:symcrypt:103.11.0:*:*:*:*:*:*:*,microsoft,symcrypt,exact,matched,https://nvd.nist.gov/products/cpe/search#results?namingFormat=2.3&keyword=microsoft%20symcrypt,2026-08-07,,,microsoft-symcrypt,,
MikroTik RouterOS,cpe:2.3:o:mikrotik:routeros:5.15:*:*:*:*:*:*:*,mikrotik,routeros,exact,matched,https://nvd.nist.gov/products/cpe/search#results?namingFormat=2.3&keyword=mikrotik%20routeros,2026-08-07,,,mikrotik-routeros,,
Mimecast Cloud Integrated,,,,,not_found,,,,,mimecast-cloud-integrated,,
Minimus Cryptographic Module for Java,,,,,not_found,,,,,Minimus-Cryptographic-Module-for-Java,,
MinIO Enterprise,cpe:2.3:a:miniorange:oauth_single_sign_on:48.4.9:*:*:*:enterprise:wordpress:*:*,miniorange,oauth_single_sign_on,partial,partial,https://nvd.nist.gov/products/cpe/search#results?namingFormat=2.3&keyword=minio%20enterprise,2026-08-07,,,minio-enterprise,,
ML-DSA-OSH: Open-Source Hardware Implementation of ML-DSA,,,,,not_found,,,,,ML-DSA-OSH-open-source-hardware-implemen,,
mlkem-native,,,,,not_found,,,,,mlkem-native,,
mls-rs (AWS),,,,,not_found,,,,,mls-rs,,
mlspp,,,,,not_found,,,,,mlspp,,
MongoDB Queryable Encryption,,,,,not_found,,,,,mongodb-queryable-encryption,,
Mozilla Firefox,cpe:2.3:a:mozilla:firefox:-:*:*:*:*:*:*:*,mozilla,firefox,exact,matched,https://nvd.nist.gov/products/cpe/search#results?namingFormat=2.3&keyword=mozilla%20firefox,2026-08-07,,,mozilla-firefox,,
Mozilla NSS,cpe:2.3:a:mozilla:nss:3.20.1:*:*:*:*:*:*:*,mozilla,nss,exact,matched,https://nvd.nist.gov/products/cpe/search#results?namingFormat=2.3&keyword=mozilla%20nss,2026-08-07,,,mozilla-nss,,
mtc (Merkle Tree Certificates CLI),,,,,not_found,,,,,bwesterb-mtc,,
MTG AG CARA,,,,,not_found,,,,,mtg-ag-cara,,
MTG AG CLM,,,,,not_found,,,,,mtg-ag-clm,,
MTG AG KMS,,,,,not_found,,,,,mtg-ag-kms,,
Mullvad VPN App,,,,,not_found,,,,,mullvad-vpn-app,,
MySQL Community Server,cpe:2.3:a:mysql:mysql_community_server:-:*:*:*:*:*:*:*,mysql,mysql_community_server,exact,matched,https://nvd.nist.gov/products/cpe/search#results?namingFormat=2.3&keyword=mysql%20community%20server,2026-08-07,,,mysql-community-server,,
MySQL Enterprise Encryption,,,,,not_found,,,,,mysql-enterprise-encryption,,
N-able FIPS Cryptographic Module Java 140-3,,,,,not_found,,,,,N-able-FIPS-Cryptographic-Module-Java-14,,
NEC 5G Core,,,,,not_found,,,,,nec-5g-core,,
NESLIB Cryptographic Library (incl. NesLib_PQML),,,,,not_found,,,,,neslib-cryptographic-library-incl-neslib-pqml,,
NetApp ONTAP 9.16,cpe:2.3:a:netapp:ontap:9.16.1:-:*:*:*:*:*:*,netapp,ontap,exact,matched,https://nvd.nist.gov/products/cpe/search#results?namingFormat=2.3&keyword=netapp%20ontap%209.16,2026-08-07,,,netapp-ontap-9-16,,
NetSfere PQC Messaging,,,,,not_found,,,,,netsfere-pqc-messaging,,
Netskope Intelligent DLP,,,,,not_found,,,,,netskope-intelligent-dlp,,
Netskope One PQC,,,,,not_found,,,,,netskope-one-pqc,,
Nexus Group Certificate Manager,,,,,not_found,,,,,nexus-group-certificate-manager,,
Nginx,,,,,not_found,,,,,nginx,,
NGINX Plus,,,,,not_found,,,,,nginx-plus,,
NGINX Plus R33 PQC,,,,,not_found,,,,,nginx-plus-r33-pqc,,
Nimbus JOSE+JWT,,,,,not_found,,,,,nimbus-jose-jwt,,
NixOS,cpe:2.3:o:nixos:nix:0.5:*:*:*:*:*:*:*,nixos,nix,exact,matched,https://nvd.nist.gov/products/cpe/search#results?namingFormat=2.3&keyword=nixos%20nixos,2026-08-07,,,nixos,,
noble-post-quantum,,,,,not_found,,,,,noble-post-quantum,,
Node.js,cpe:2.3:a:nodejs:node.js:0.10.18:*:*:*:*:*:*:*,nodejs,node.js,exact,matched,https://nvd.nist.gov/products/cpe/search#results?namingFormat=2.3&keyword=nodejs%20node.js,2026-08-07,,,node-js,,
Nokia Quantum-Safe Networks,,,,,not_found,,,,,nokia-quantum-safe-networks,,
Nokia Quantum-Safe Railways,,,,,not_found,,,,,nokia-quantum-safe-railways,,
NordVPN,cpe:2.3:a:nordvpn:nordvpn:6.14.28.0:*:*:*:*:*:*:*,nordvpn,nordvpn,exact,matched,https://nvd.nist.gov/products/cpe/search#results?namingFormat=2.3&keyword=nordvpn%20nordvpn,2026-08-07,,,nordvpn,,
Notary Project,cpe:2.3:a:notaryproject:notation:1.0.0:rc1:*:*:*:go:*:*,notaryproject,notation,partial,partial,https://nvd.nist.gov/products/cpe/search#results?namingFormat=2.3&keyword=notary%20project,2026-08-07,,,notary-project,,
Novachips NV7X Controller (P2-series SSD),,,,,not_found,,,,,novachips-nv7x-controller-p2-series-ssd,,
Nozomi Networks Guardian,cpe:2.3:a:nozominetworks:guardian:19.0.4:*:*:*:*:*:*:*,nozominetworks,guardian,exact,matched,https://nvd.nist.gov/products/cpe/search#results?namingFormat=2.3&keyword=nozomi%20networks%20guardian,2026-08-07,,,nozomi-networks-guardian,,
ns-3 Network Simulator,,,,,not_found,,,,,ns3-network-simulator,,
NSS (Mozilla),,,,,not_found,,,,,nss-mozilla,,
NTRU+ Reference Implementation,,,,,not_found,,,,,ntru-reference-implementation,,
NTT PQC Secure Transport,,,,,not_found,,,,,ntt-pqc-secure-transport,,
Nutanix AHV,cpe:2.3:o:nutanix:ahv:-:*:*:*:*:*:*:*,nutanix,ahv,exact,matched,https://nvd.nist.gov/products/cpe/search#results?namingFormat=2.3&keyword=nutanix%20ahv,2026-08-07,,,nutanix-ahv,,
Nuvoton Cryptographic Library 3.0,,,,,not_found,,,,,Nuvoton-Cryptographic-Library-3-0,,
Nuvoton Cryptographic Library 3.3,,,,,not_found,,,,,Nuvoton-Cryptographic-Library-3-3,,
Nuvoton NCT6694B Cryptographic Engine,,,,,not_found,,,,,nuvoton-nct6694b-cryptographic-engine,,
Nvidia cuPQC,,,,,not_found,,,,,nvidia-cupqc,,
NVIDIA cuPQC SDK,,,,,not_found,,,,,nvidia-cupqc-sdk,,
NXP EdgeLock SE051H,,,,,not_found,,,,,nxp-edgelock-se051h,,
NXP i.MX 94 PQC Processor,,,,,not_found,,,,,nxp-i-mx-94-pqc-processor,,
NXP JCOP 4.5 P71D600,,,,,not_found,,,,,nxp-jcop-4-5-p71d600,,
NXP OrangeBox 2.0 PQC,,,,,not_found,,,,,nxp-orangebox-2-0-pqc,,
NXP S32K5 Automotive PQC MCU,,,,,not_found,,,,,nxp-s32k5-automotive-pqc-mcu,,
NXP SE051 Secure Element,,,,,not_found,,,,,nxp-se051-secure-element,,
OAuth 2.0 / OpenID Connect (OIDC),,,,,not_found,,,,,oauth-2-0-openid-connect-oidc,,
Okta Integration Network,,,,,not_found,,,,,okta-integration-network,,
Okta Workforce Identity,,,,,not_found,,,,,okta-workforce-identity,,
Open Policy Agent (OPA),cpe:2.3:a:openpolicyagent:open_policy_agent:0.9.2:*:*:*:*:*:*:*,openpolicyagent,open_policy_agent,partial,partial,https://nvd.nist.gov/products/cpe/search#results?namingFormat=2.3&keyword=open%20policy%20agent%20%28opa%29,2026-08-07,,,open-policy-agent-opa,,
Open Quantum Safe liboqs,cpe:2.3:a:openquantumsafe:liboqs:0.10.1:-:*:*:*:*:*:*,openquantumsafe,liboqs,exact,matched,https://nvd.nist.gov/products/cpe/search#results?namingFormat=2.3&keyword=open%20quantum%20safe%20liboqs,2026-08-07,,,liboqs,,
OpenBao,cpe:2.3:a:openbao:openbao:2.0.0:-:*:*:*:*:*:*,openbao,openbao,exact,matched,https://nvd.nist.gov/products/cpe/search#results?namingFormat=2.3&keyword=openbao%20openbao,2026-08-07,,,openbao,,
OpenMLS,,,,,not_found,,,,,openmls,,
OpenPGP.js,,,,,not_found,,,,,openpgp-js,,
OpenQKDNetwork,,,,,not_found,,,,,openqkdnetwork-qkd-net,,
OpenSSH,cpe:2.3:a:openbsd:openssh:-:*:*:*:*:*:*:*,openbsd,openssh,exact,matched,https://nvd.nist.gov/products/cpe/search#results?namingFormat=2.3&keyword=openbsd%20openssh,2026-08-07,,,openssh,,
OpenSSL,cpe:2.3:a:openssl:openssl:-:*:*:*:*:*:*:*,openssl,openssl,exact,matched,https://nvd.nist.gov/products/cpe/search#results?namingFormat=2.3&keyword=openssl%20openssl,2026-09-07,,,openssl,,
OpenSSL 3.5.0,cpe:2.3:a:openssl:openssl:3.5.0:-:*:*:*:*:*:*,openssl,openssl,partial,partial,https://nvd.nist.gov/products/cpe/search#results?namingFormat=2.3&keyword=openssl%203.5.0,2026-08-07,,,openssl-3-5-0,,
openSUSE Leap,cpe:2.3:o:opensuse_project:leap:42.2:*:*:*:*:*:*:*,opensuse_project,leap,exact,matched,https://nvd.nist.gov/products/cpe/search#results?namingFormat=2.3&keyword=opensuse%20leap,2026-08-07,,,opensuse-leap,,
OpenText Content Cloud,,,,,not_found,,,,,opentext-content-cloud,,
OpenVPN,cpe:2.3:a:openvpn:openvpn:-:*:*:*:*:*:*:*,openvpn,openvpn,exact,matched,https://nvd.nist.gov/products/cpe/search#results?namingFormat=2.3&keyword=openvpn%20openvpn,2026-08-07,,,openvpn,,
OpenWrt,cpe:2.3:o:openwrt:lede:17.01:*:*:*:*:*:*:*,openwrt,lede,partial,partial,https://nvd.nist.gov/products/cpe/search#results?namingFormat=2.3&keyword=openwrt%20openwrt,2026-08-07,,,openwrt,,
Opera Browser PQC,,,,,not_found,,,,,opera-browser-pqc,,
opgpkcs11 (openpgp-pkcs11-sequoia bridge),,,,,not_found,,,,,pqctoday-opgpkcs11,,
OPNsense,cpe:2.3:a:opnsense:opnsense:16.1.16:*:*:*:*:*:*:*,opnsense,opnsense,exact,matched,https://nvd.nist.gov/products/cpe/search#results?namingFormat=2.3&keyword=opnsense%20opnsense,2026-08-07,,,opnsense,,
"OQS Docker Images (nginx, curl, haproxy)",,,,,not_found,,,,,oqs-docker-images-nginx-curl-haproxy,,
OQS-OpenSSL Provider,,,,,not_found,,,,,oqs-openssl-provider,,
oqs-provider,,,,,not_found,,,,,oqs-provider,,
Oracle AI Database 26ai,,,,,not_found,,,,,oracle-ai-database-26ai,,
Oracle Key Vault,,,,,not_found,,,,,oracle-key-vault,,
Oracle Linux 9.7,,,,,not_found,,,,,oracle-linux-9-7,,
Oracle OpenSSL FIPS Provider,,,,,not_found,,,,,Oracle-OpenSSL-FIPS-Provider,,
Orange Business PQC WAN,,,,,not_found,,,,,orange-business-pqc-wan,,
OSR PQC Solutions,,,,,not_found,,,,,osr-pqc-solutions,,
osslsigncode,cpe:2.3:a:osslsigncode_project:osslsigncode:2.3:*:*:*:*:*:*:*,osslsigncode_project,osslsigncode,exact,matched,https://nvd.nist.gov/products/cpe/search#results?namingFormat=2.3&keyword=osslsigncode%20osslsigncode,2026-08-07,,,osslsigncode,,
OVHcloud QRNG SSL,,,,,not_found,,,,,ovhcloud-qrng-ssl,,
PacketLight PQC Optical Encryption,,,,,not_found,,,,,packetlight-pqc-optical-encryption,,
Palo Alto Cortex XDR,cpe:2.3:a:paloaltonetworks:cortex_xdr_agent:5.0:*:*:*:*:*:*:*,paloaltonetworks,cortex_xdr_agent,partial,partial,https://nvd.nist.gov/products/cpe/search#results?namingFormat=2.3&keyword=palo%20alto%20cortex%20xdr,2026-08-07,,,palo-alto-cortex-xdr,,
Palo Alto GlobalProtect,cpe:2.3:a:paloaltonetworks:globalprotect:1.1.7:*:*:*:*:*:*:*,paloaltonetworks,globalprotect,exact,matched,https://nvd.nist.gov/products/cpe/search#results?namingFormat=2.3&keyword=palo%20alto%20globalprotect,2026-08-07,,,palo-alto-globalprotect,,
Palo Alto PAN-OS,cpe:2.3:o:paloaltonetworks:pan-os:5.1.10:*:*:*:*:*:*:*,paloaltonetworks,pan-os,exact,matched,https://nvd.nist.gov/products/cpe/search#results?namingFormat=2.3&keyword=palo%20alto%20pan-os,2026-08-07,,,palo-alto-pan-os,,
Palo Alto Prisma SASE,,,,,not_found,,,,,palo-alto-prisma-sase,,
Palo Alto Quantum-Safe Security,,,,,not_found,,,,,palo-alto-quantum-safe-security,,
Paradym (Animo Solutions),,,,,not_found,,,,,paradym-animo-solutions,,
Paramiko (Python SSH),,,,,not_found,,,,,paramiko-python-ssh,,
Patero PQC Gateway,,,,,not_found,,,,,patero-pqc-gateway,,
Payara Server,,,,,not_found,,,,,payara-server,,
pfSense Community Edition,cpe:2.3:a:pfsense:pfsense:2.2.6:*:*:*:community:*:*:*,pfsense,pfsense,partial,partial,https://nvd.nist.gov/products/cpe/search#results?namingFormat=2.3&keyword=pfsense%20community%20edition,2026-08-07,,,pfsense-community-edition,,
PhioTX,,,,,not_found,,,2026-09-24,"catalogue product ""PhioTX"" is deprecated",,,
Ping Identity PingFederate,cpe:2.3:a:pingidentity:pingfederate:6.10.1:*:*:*:*:*:*:*,pingidentity,pingfederate,exact,matched,https://nvd.nist.gov/products/cpe/search#results?namingFormat=2.3&keyword=ping%20identity%20pingfederate,2026-08-07,,,ping-identity-pingfederate,,
pkcs11-provider (pqctoday composite),,,,,not_found,,,,,pqctoday-pkcs11-provider,,
Playwright,,,,,not_found,,,,,microsoft-playwright,,
Polkadot/Substrate,,,,,not_found,,,,,polkadot-substrate,,
Postfix 3.10 PQC,,,,,not_found,,,,,postfix-3-10-pqc,,
PostgreSQL,cpe:2.3:a:postgresql:postgresql:-:*:*:*:*:*:*:*,postgresql,postgresql,exact,matched,https://nvd.nist.gov/products/cpe/search#results?namingFormat=2.3&keyword=postgresql%20postgresql,2026-08-07,,,postgresql,,
PostgreSQL pgcrypto,,,,,not_found,,,,,postgresql-pgcrypto,,
PowerDNS PQC DNSSEC,,,,,not_found,,,,,powerdns-pqc-dnssec,,
PQ Code Package,,,,,not_found,,,,,pq-code-package,,
pqc-flow,,,,,not_found,,,,,pqc-flow,,
PQC-LEO,,,,,not_found,,,,,pqc-leo,,
PQCA mldsa-native,,,,,not_found,,,,,PQCA-mldsa-native,,
pQCee CNG Provider,,,,,not_found,,,,,pqcee-cng-provider,,
PQChat Quantum-Safe Messaging,,,,,not_found,,,,,pqchat-quantum-safe-messaging,,
PQClean,cpe:2.3:a:pqclean_project:pqclean:-:*:*:*:*:*:*:*,pqclean_project,pqclean,exact,matched,https://nvd.nist.gov/products/cpe/search#results?namingFormat=2.3&keyword=pqclean%20pqclean,2026-08-07,,,pqclean,,
pqcrypto,,,,,not_found,,,,,pqcrypto,,
pqcrypto Python Library,,,,,not_found,,,,,pqcrypto-python-library,,
PQCryptoLib-Core,,,,,not_found,,,,,pqcryptolib-core,,
pqcscan,,,,,not_found,,,,,pqcscan,,
pqctoday-kmip,,,,,not_found,,,,,pqctoday-kmip,,
pqctoday-tpm,,,,,not_found,,,,,pqctoday-tpm,,
pqm4,,,,,not_found,,,,,pqm4,,
PQMagic (Shanghai Jiao Tong University),,,,,not_found,,,,,pqmagic-shanghai-jiao-tong-university,,
PQMicroLib-Core,,,,,not_found,,,,,pqmicrolib-core,,
PQnet,,,,,not_found,,,,,PQnet,,
PQPerform-Lattice,,,,,not_found,,,,,pqperform-lattice,,
PQSecure libpqsecure-rs,,,,,not_found,,,,,PQSecure-libpqsecure-rs,,
PQSecure Technologies HW IP,,,,,not_found,,,,,pqsecure-technologies-hw-ip,,
PQSecure-Agility,,,,,not_found,,,,,PQSecure-Agility,,
PQShield Core,,,,,not_found,,,,,pqcryptolib-core,,
PQShield PQE2E Messaging SDK,,,,,not_found,,,2026-09-24,"catalogue product ""PQShield PQE2E Messaging SDK"" is deprecated",,,
PQShield PQSDK,,,,,not_found,,,,,pqshield-pqsdk,,
Procivis One,,,,,not_found,,,,,procivis-one,,
Project Eleven Solana PQC,,,,,not_found,,,,,project-eleven-solana-pqc,,
Prometheus,cpe:2.3:a:prometheus:prometheus:0.2.0:*:*:*:*:*:*:*,prometheus,prometheus,exact,matched,https://nvd.nist.gov/products/cpe/search#results?namingFormat=2.3&keyword=prometheus%20prometheus,2026-08-07,,,prometheus,,
Proofpoint Aegis,,,,,not_found,,,,,proofpoint-aegis,,
Protect AI Guardian,,,,,not_found,,,,,protect-ai-guardian,,
Proton Mail,,,,,not_found,,,,,proton-mail,,
Proton Mail PQC OpenPGP,,,,,not_found,,,,,proton-mail-pqc-openpgp,,
Proton VPN,,,,,not_found,,,,,proton-vpn,,
PUFpqc,,,,,not_found,,,,,pufpqc,,
Pure Storage Purity//FA 6.6,cpe:2.3:a:purestorage:purity\/\/fa:6.6.0:*:*:*:*:*:*:*,purestorage,purity\/\/fa,partial,partial,https://nvd.nist.gov/products/cpe/search#results?namingFormat=2.3&keyword=pure%20storage%20purity//fa%206.6,2026-08-07,,,pure-storage-purity-fa-6-6,,
PuTTY,,,,,not_found,,,,,putty,,
PyCryptodome,,,,,not_found,,,,,pycryptodome,,
PyJWT,cpe:2.3:a:pyjwt_project:pyjwt:0.1.6:*:*:*:*:*:*:*,pyjwt_project,pyjwt,exact,matched,https://nvd.nist.gov/products/cpe/search#results?namingFormat=2.3&keyword=pyjwt%20pyjwt,2026-08-07,,,pyjwt,,
Python ssl module (CPython stdlib),,,,,not_found,,,,,python-ssl-module,,
Q-CORE Q-Scanner,,,,,not_found,,,,,q-core-q-scanner,,
QAN XLINK PQC,,,,,not_found,,,,,qan-xlink-pqc,,
QApp PQC TLS Gateway (Russia),,,,,not_found,,,,,qapp-pqc-tls-gateway-russia,,
QASM Cryptographic Module,,,,,not_found,,,,,QASM-Cryptographic-Module,,
Qatar QC2 Quantum Center,,,,,not_found,,,,,qatar-qc2-quantum-center,,
Qinvicta TwinStar,,,,,not_found,,,,,qinvicta-twinstar,,
QKDNetSim,,,,,not_found,,,,,qkdnetsim-module,,
QNu Labs QShield,,,,,not_found,,,,,qnu-labs-qshield,,
QPKI,,,,,not_found,,,,,QPKI,,
QRL,,,,,not_found,,,,,qrl,,
QRL 2.0 (Quantum Resistant Ledger),,,,,not_found,,,,,qrl-2-0-quantum-resistant-ledger,,
Qrypt BLAST SDK,,,,,not_found,,,,,qrypt-blast-sdk,,
Qrypt VPN for NVIDIA Jetson,,,,,not_found,,,,,qrypt-vpn-for-nvidia-jetson,,
Qualcomm Snapdragon SPU,,,,,not_found,,,,,qualcomm-snapdragon-spu,,
Qualcomm Snapdragon Trusted Execution Environment,,,,,not_found,,,,,qualcomm-snapdragon-trusted-execution-environment,,
Qualys Cloud Platform,cpe:2.3:a:qualys:private_cloud_platform:10.24.0.0:*:*:*:*:*:*:*,qualys,private_cloud_platform,exact,matched,https://nvd.nist.gov/products/cpe/search#results?namingFormat=2.3&keyword=qualys%20cloud%20platform,2026-08-07,,,qualys-cloud-platform,,
Quantinuum Quantum Origin,,,,,not_found,,,,,quantinuum-quantum-origin,,
Quantropi QiSpace STM32,,,,,not_found,,,,,quantropi-qispace-stm32,,
Quantum Bridge DSKE,,,,,not_found,,,,,quantum-bridge-dske,,
Quantum Corporation Cryptographic Module,,,,,not_found,,,,,Quantum-Corporation-Cryptographic-Module,,
Quantum eMotion Sentry-Q,,,,,not_found,,,,,quantum-emotion-sentry-q,,
Quantum Leap Africa (AIMS),,,,,not_found,,,,,quantum-leap-africa-aims,,
Quantum Secure Encryption Corp. QPA v2,,,,,not_found,,,,,Quantum-Secure-Encryption-Corp-QPA-v2,,
Quantum Xchange PhioTX,,,,,not_found,,,,,Quantum-Xchange-PhioTX,,
Quantum Xchange Platform,,,,,not_found,,,,,quantum-xchange-platform,,
QuantumCTek PQC Chip,,,,,not_found,,,,,quantumctek-pqc-chip,,
QuintessenceLabs qSOC,,,,,not_found,,,,,quintessencelabs-qsoc,,
QuintessenceLabs qStream,,,,,not_found,,,,,quintessencelabs-qstream,,
Quranium PQC Blockchain,,,,,not_found,,,,,quranium-pqc-blockchain,,
QuSecure QuProtect R3,,,,,not_found,,,,,qusecure-quprotect-r3,,
QuSecure QuProtect Tactical,,,,,not_found,,,,,qusecure-quprotect-tactical,,
QVerse,,,,,not_found,,,,,qverse,,
R3 Corda,cpe:2.3:a:r3:corda:4.1:*:*:*:open_source:*:*:*,r3,corda,exact,matched,https://nvd.nist.gov/products/cpe/search#results?namingFormat=2.3&keyword=r3%20corda,2026-08-07,,,r3-corda,,
Radiant Logic Cryptographic Module for Java,,,,,not_found,,,,,radiant-logic-cryptographic-module-for-java,,
Rakuten Symphony (Symworld),,,,,not_found,,,,,rakuten-symphony-symworld,,
Rambus QSE IP,,,,,not_found,,,,,rambus-qse-ip,,
Rapid7 InsightVM,cpe:2.3:a:rapid7:insightvm:6.4.31:*:*:*:*:*:*:*,rapid7,insightvm,exact,matched,https://nvd.nist.gov/products/cpe/search#results?namingFormat=2.3&keyword=rapid7%20insightvm,2026-08-07,,,rapid7-insightvm,,
Realtek RTS5916,,,,,not_found,,,,,realtek-rts5916,,
Recorded Future,,,,,not_found,,,,,recorded-future,,
Red Hat Ansible Automation Platform,cpe:2.3:a:redhat:ansible_automation_platform:1.2:*:*:*:*:*:*:*,redhat,ansible_automation_platform,exact,matched,https://nvd.nist.gov/products/cpe/search#results?namingFormat=2.3&keyword=red%20hat%20ansible%20automation%20platform,2026-08-07,,,red-hat-ansible-automation-platform-pqc,,
Red Hat Certificate System 11.0,,,,,not_found,,,,,red-hat-certificate-system-11,,
Red Hat Enterprise Linux 10 PQC,,,,,not_found,,,,,red-hat-enterprise-linux-10-pqc,,
Red Hat Enterprise Linux 10.2,,,,,not_found,,,,,red-hat-enterprise-linux-10-2,,
Red Hat Enterprise Linux 9,cpe:2.3:o:redhat:enterprise_linux:9.0:*:*:*:*:*:*:*,redhat,enterprise_linux,exact,matched,https://nvd.nist.gov/products/cpe/search#results?namingFormat=2.3&keyword=red%20hat%20enterprise%20linux%209,2026-08-07,,,red-hat-enterprise-linux-9,,
Red Hat Enterprise Linux 9.8,,,,,not_found,,,,,red-hat-enterprise-linux-9-8,,
Red Hat OpenShift,cpe:2.3:a:redhat:openshift:2.0.5:*:enterprise:*:*:*:*:*,redhat,openshift,exact,matched,https://nvd.nist.gov/products/cpe/search#results?namingFormat=2.3&keyword=red%20hat%20openshift,2026-08-07,,,red-hat-openshift,,
Red Hat OpenShift Service Mesh PQC,,,,,not_found,,,,,red-hat-openshift-service-mesh-pqc,,
Red Hat Trusted Artifact Signer,,,,,not_found,,,,,red-hat-trusted-artifact-signer-pqc,,
Redis,,,,,not_found,,,,,redis,,
Renesas Veridify PQC for RA MCUs,,,,,not_found,,,,,renesas-veridify-pqc-for-ra-mcus,,
Resquant Crypto Accelerator,,,,,not_found,,,,,resquant-crypto-accelerator,,
Rocky Linux,cpe:2.3:o:rockylinux:rocky_linux:8.4:*:*:*:*:*:*:*,rockylinux,rocky_linux,exact,matched,https://nvd.nist.gov/products/cpe/search#results?namingFormat=2.3&keyword=rocky%20linux,2026-08-07,,,rocky-linux,,
Rosenpass,cpe:2.3:a:rosenpass:rosenpass:0.2.1:-:*:*:*:rust:*:*,rosenpass,rosenpass,exact,matched,https://nvd.nist.gov/products/cpe/search#results?namingFormat=2.3&keyword=rosenpass%20rosenpass,2026-08-07,,,rosenpass,,
RPM Signing (rpm-sign),,,,,not_found,,,,,rpm-signing-rpm-sign,,
Rubrik Security Cloud,,,,,not_found,,,,,rubrik-security-cloud,,
RustCrypto ml-dsa,,,,,not_found,,,,,rustcrypto-ml-dsa,,
RustCrypto ml-kem,,,,,not_found,,,,,rustcrypto-ml-kem,,
RustCrypto SLH-DSA,,,,,not_found,,,,,rustcrypto-slh-dsa-2,,
RustCrypto slh-dsa,,,,,not_found,,2026-07-14,2026-07-14,not in regen,,,
rustls,cpe:2.3:a:rustls_project:rustls:0.1.0:*:*:*:*:*:*:*,rustls_project,rustls,exact,matched,https://nvd.nist.gov/products/cpe/search#results?namingFormat=2.3&keyword=rustls%20rustls,2026-08-07,,,rustls,,
SafeLogic CryptoComply,,,,,not_found,,,,,safelogic-cryptocomply,,
SailPoint Identity Security Cloud,,,,,not_found,,,,,sailpoint-identity-security-cloud,,
SAML 2.0,cpe:2.3:a:samlify_project:samlify:2.0.0:*:*:*:*:*:*:*,samlify_project,samlify,partial,partial,https://nvd.nist.gov/products/cpe/search#results?namingFormat=2.3&keyword=saml%202.0,2026-08-07,,,saml-2-0,,
Samsung Knox Quantum-Safe,,,,,not_found,,,,,samsung-knox-quantum-safe,,
Samsung Networks 5G Core,,,,,not_found,,,,,samsung-networks-5g-core,,
Samsung S3SSE2A eSE,,,,,not_found,,,,,samsung-s3sse2a-ese,,
Samsung SDS S-CAPE PQC Platform,,,,,not_found,,,,,samsung-sds-s-cape-pqc-platform,,
SandboxAQ AQtive Guard,,,,,not_found,,,,,sandboxaq-aqtive-guard,,
SandboxAQ Sandwich,,,,,not_found,,,,,sandboxaq-sandwich,,
Sansec csmsc1 Cryptographic Module,,,,,not_found,,,,,sansec-csmsc1-cryptographic-module,,
SAP Cryptographic Library,,,,,not_found,,,,,sap-cryptographic-library,,
SAP Cryptographic Library 8.6 PQC,,,,,not_found,,,,,sap-cryptographic-library-8-6-pqc,,
Saviynt Cryptographic Module,,,,,not_found,,,,,saviynt-cryptographic-module,,
Scality RING9,,,,,not_found,,,,,scality-ring9,,
SEALSQ QS7001,,,,,not_found,,,,,sealsq-qs7001,,
SEALSQ Quantum Shield QS7001,,,,,not_found,,,,,sealsq-quantum-shield,,
SEALSQ QVault TPM,,,,,not_found,,,,,sealsq-qvault-tpm,,
SECQAI Q-Locked TPM (Taiwan/TSMC),,,,,not_found,,,,,secqai-q-locked-tpm-taiwan-tsmc,,
Sectigo 2026 Predictions,,,,,not_found,,,2026-09-24,"catalogue product ""Sectigo 2026 Predictions"" is deprecated",,,
Sectigo Cert Manager 2026,,,,,not_found,,,,,sectigo-cert-manager-2026,,
Sectigo Certificate Manager,,,,,not_found,,,,,sectigo-certificate-manager,,
Sectigo Certificate Manager (SCM),,,,,not_found,,,,,sectigo-certificate-manager-scm,,
Secunet SINA PQC Components,,,,,not_found,,,,,secunet-sina-pqc-components,,
Secure-IC PQC Solutions,,,,,not_found,,,,,Secure-IC-PQC-Solutions,,
Secure-IC Securyzr,,,,,not_found,,,,,secure-ic-securyzr,,
SecureMachines Prastaara Quantum Cryptographic Suite,,,,,not_found,,,,,SecureMachines-Prastaara-Quantum-Cryptog,,
Securosys CloudHSM,,,,,not_found,,,,,securosys-cloudhsm,,
Securosys Primus CyberVault PQC,,,,,not_found,,,,,securosys-primus-cybervault-pqc,,
Securosys Primus HSM,,,,,not_found,,,,,securosys-primus-hsm,,
Senetas CN7000 Series,,,,,not_found,,,,,senetas-cn7000-series,,
SeQUeNCe,,,,,not_found,,,,,sequence-quantum-toolbox,,
Sequoia-PGP PQC,,,,,not_found,,,,,sequoia-pgp-pqc,,
Sequre Quantum (Chile),,,,,not_found,,,,,sequre-quantum-chile,,
Session Protocol V2 PQC,,,,,not_found,,,,,session-protocol-v2-pqc,,
Shinewave Post-Quantum Cryptography Module for IoT Gateways,,,,,not_found,,,,,shinewave-post-quantum-cryptography-module-for-iot-gateways,,
Siemens SINEMA Remote Connect,cpe:2.3:a:siemens:sinema_remote_connect:-:*:*:*:*:*:*:*,siemens,sinema_remote_connect,exact,matched,https://nvd.nist.gov/products/cpe/search#results?namingFormat=2.3&keyword=siemens%20sinema%20remote%20connect,2026-08-07,,,siemens-sinema-remote-connect,,
Signal,,,,,not_found,,,,,signal,,
Signiant Media Shuttle,,,,,not_found,,,,,signiant-media-shuttle,,
SignQuantum PQC E-Signature,,,,,not_found,,,,,signquantum-pqc-e-signature,,
SignServer,,,,,not_found,,,,,signserver,,
sigstore/cosign,,,,,not_found,,,,,sigstore-cosign,,
Silvus Crypto Module,,,,,not_found,,,,,silvus-crypto-module,,
SimpleX Chat PQC,,,,,not_found,,,,,simplex-chat-pqc,,
Singtel Quantum-Safe Network,,,,,not_found,,,,,singtel-quantum-safe-network,,
SK Telecom 5G PQC SIM,,,,,not_found,,,,,sk-telecom-5g-pqc-sim,,
SL-FJA3 (SafeLogic FIPS Java API),,,,,not_found,,,,,SL-FJA3-SafeLogic-FIPS-Java-API,,
smallstep Certificate Authority,,,,,not_found,,,,,smallstep-certificate-authority,,
SMAUG-T Reference Implementation,,,,,not_found,,,,,smaug-t-reference-implementation,,
Snort IDS/IPS,,,,,not_found,,,,,snort-ids-ips,,
SOC 2 (Quantum Trust Criteria),,,,,not_found,,,,,soc-2-quantum-trust-criteria,,
SoftHSM2,,,,,not_found,,,,,softhsm2,,
softhsmv3 (pqctoday-hsm fork),,,,,not_found,,,,,pqctoday-hsm-softhsmv3,,
Solana,cpe:2.3:a:solana:rbpf:0.2.14:*:*:*:*:*:*:*,solana,rbpf,partial,partial,https://nvd.nist.gov/products/cpe/search#results?namingFormat=2.3&keyword=solana%20solana,2026-08-07,,,solana,,
SolarWinds Java Cryptographic Library,,,,,not_found,,,,,solarwinds-java-cryptographic-library,,
Sonatype Nexus,cpe:2.3:a:sonatype:nexus:2.7.1:*:*:*:*:*:*:*,sonatype,nexus,exact,matched,https://nvd.nist.gov/products/cpe/search#results?namingFormat=2.3&keyword=sonatype%20nexus,2026-08-07,,,sonatype-nexus,,
SonicWall NSa / TZ (SonicOS),,,,,not_found,,,,,sonicwall-sonicos,,
Sophos XGS,,,,,not_found,,,,,sophos-xgs,,
SOPS (Secrets OPerationS),,,,,not_found,,,,,getsops-sops,,
SOTI MobiControl,,,,,not_found,,,,,soti-mobicontrol,,
Sphereon SSI SDK,,,,,not_found,,,,,sphereon-ssi-sdk,,
Spherity CARO Pharma PQC,,,,,not_found,,,,,spherity-caro-pharma-pqc,,
SPHINCS+ Reference,,,,,not_found,,,,,sphincs-reference,,
Splunk Enterprise,cpe:2.3:a:splunk:splunk:6.1.3:*:*:*:enterprise:*:*:*,splunk,splunk,partial,partial,https://nvd.nist.gov/products/cpe/search#results?namingFormat=2.3&keyword=splunk%20enterprise,2026-08-07,,,splunk-enterprise,,
Spring Security OAuth2,,,,,not_found,,,,,spring-security-oauth2,,
SpruceID,,,,,not_found,,,,,spruceid,,
SQL Server TDE/Always Encrypted,,,,,not_found,,,,,sql-server-tde-always-encrypted,,
ssh-audit,,,,,not_found,,,,,jtesta-ssh-audit,,
SSLyze,,,,,not_found,,,,,sslyze,,
ST33KTPM2X (STSAFE-TPM),,,,,not_found,,,,,st33ktpm2x-stsafe-tpm,,
STMicroelectronics ST33KTPM,,,,,not_found,,,,,stmicroelectronics-st33ktpm,,
STMicroelectronics ST54M Post-Quantum Security Chip,,,,,not_found,,,,,STMicroelectronics-ST54M-Post-Quantum-Se,,
STMicroelectronics X-CUBE-PQC,,,,,not_found,,,,,stmicroelectronics-x-cube-pqc,,
strongSwan,cpe:2.3:a:strongswan:strongswan:2.1.2:*:*:*:*:*:*:*,strongswan,strongswan,exact,matched,https://nvd.nist.gov/products/cpe/search#results?namingFormat=2.3&keyword=strongswan%20strongswan,2026-08-07,,,strongswan,,
STSAFE-V100-TPM,,,,,not_found,,,,,stsafe-v100-tpm,,
STV Post-Quantum Secure Drones,,,,,not_found,,,,,stv-post-quantum-secure-drones,,
Stytch Authentication Platform,,,,,not_found,,,,,stytch-platform,,
Sui,,,,,not_found,,,,,sui,,
SUPERCOP,,,,,not_found,,,,,supercop,,
Surfshark,,,,,not_found,,,,,surfshark,,
Suricata IDS/IPS,,,,,not_found,,,,,suricata-ids-ips,,
SUSE Linux Enterprise Server (SLES),cpe:2.3:o:suse:linux_enterprise_server:12:*:*:*:ltss:*:*:*,suse,linux_enterprise_server,exact,matched,https://nvd.nist.gov/products/cpe/search#results?namingFormat=2.3&keyword=suse%20linux%20enterprise%20server%20%28sles%29,2026-08-07,,,suse-linux-enterprise-server-sles,,
SUSE Rancher Kubernetes Cryptographic Library,,,,,not_found,,,,,SUSE-Rancher-Kubernetes-Cryptographic-Li,,
SWIFT Quantum-Safe Messaging,,,,,not_found,,,,,swift-quantum-safe-messaging,,
swtpm,cpe:2.3:a:swtpm_project:swtpm:0.7.0:-:*:*:*:*:*:*,swtpm_project,swtpm,exact,matched,https://nvd.nist.gov/products/cpe/search#results?namingFormat=2.3&keyword=swtpm%20swtpm,2026-08-07,,,swtpm,,
Syft,,,,,not_found,,,,,anchore-syft,,
Synopsys Agile PQC Public Key Accelerator (PKA),,,,,not_found,,,,,synopsys-agile-pqc-public-key-accelerator-pka,,
Tailscale PQC,,,,,not_found,,,,,tailscale-pqc,,
TASS Crypto Engine (LMS),,,,,not_found,,,,,TASS-Crypto-Engine-LMS,,
TASS Crypto Engine (PQC),,,,,not_found,,,,,TASS-Crypto-Engine-PQC,,
Taurus SA,,,,,not_found,,,,,taurus-sa,,
tcpdump,,,,,not_found,,,,,tcpdump,,
Tectia SSH (SSH.COM),,,,,not_found,,,,,ssh-com-tectia,,
Telegram,cpe:2.3:a:telegram_desktop:telegram_desktop:0.10.19:*:*:*:*:*:*:*,telegram_desktop,telegram_desktop,exact,matched,https://nvd.nist.gov/products/cpe/search#results?namingFormat=2.3&keyword=telegram%20telegram,2026-08-07,,,telegram,,
Teleport Access Platform,,,,,not_found,,,,,teleport-access-platform,,
Tellabs Panorama PON Manager Cryptographic Module,,,,,not_found,,,,,tellabs-panorama-pon-manager-cryptographic-module,,
Tenable Nessus Professional,,,,,not_found,,,,,tenable-nessus-professional,,
testssl.sh,,,,,not_found,,,,,testssl-sh,,
Thales 5G Quantum-Safe SIM,,,,,not_found,,,,,thales-5g-quantum-safe-sim,,
Thales CipherTrust Cloud Key Manager,,,,,not_found,,,,,thales-ciphertrust-cloud-key-manager,,
Thales CipherTrust Data Security Platform,,,,,not_found,,,,,thales-ciphertrust-data-security-platform,,
Thales CipherTrust Manager,,,,,not_found,,,,,thales-ciphertrust-manager,,
Thales High Speed Encryptor (HSE),,,,,not_found,,,,,thales-high-speed-encryptor-hse,,
Thales Luna Cloud HSM (DPoD),,,,,not_found,,,,,thales-luna-cloud-hsm-dpod,,
Thales Luna HSM,,,,,not_found,,,,,thales-luna-hsm,,
Thales Luna T-Series HSM,,,,,not_found,,,,,thales-luna-t-series-hsm,,
Thales MISTRAL Encryptor,,,,,not_found,,,,,thales-mistral-encryptor,,
Thales MultiApp 5.2 Premium PQC,,,,,not_found,,,,,thales-multiapp-5-2-premium-pqc,,
Thales payShield 10K,,,,,not_found,,,,,thales-payshield-10k,,
The OpenSSL Corporation OpenSSL FIPS Provider,,,,,not_found,,,,,The-OpenSSL-Corporation-OpenSSL-FIPS-Pro,,
Threema PQC,,,,,not_found,,,,,threema-pqc,,
Thunderbird PQC (OpenPGP),,,,,not_found,,,,,thunderbird-pqc-openpgp,,
TianoCore EDK2 (UEFI Firmware),,,,,not_found,,,,,tianocore-edk2-uefi-firmware,,
TII PQC Library (UAE),,,,,not_found,,,,,tii-pqc-library-uae,,
TikTok PQC Data Protection,,,,,not_found,,,,,tiktok-pqc-data-protection,,
Toppan PQC CARD,,,,,not_found,,,,,toppan-pqc-card,,
TOPPAN SecureBridge HPKI PQC,,,,,not_found,,,,,toppan-securebridge-hpki-pqc,,
Tor Browser,cpe:2.3:a:tor_browser_the_short_guide_project:tor_browser_the_short_guide:0.1:*:*:*:*:android:*:*,tor_browser_the_short_guide_project,tor_browser_the_short_guide,exact,matched,https://nvd.nist.gov/products/cpe/search#results?namingFormat=2.3&keyword=tor%20browser,2026-08-07,,,tor-browser,,
Toshiba Hardware Security Module PQC cryptographic library,,,,,not_found,,,,,Toshiba-Hardware-Security-Module-PQC-cry,,
Toshiba Integrated PQC-QKD Platform,,,,,not_found,,,,,toshiba-integrated-pqc-qkd-platform,,
Toshiba QKD System,,,,,not_found,,,,,toshiba-qkd-system,,
TQ42 Cryptography,,,,,not_found,,,,,tq42-cryptography,,
Traefik,,,,,not_found,,,,,traefik,,
Traefik Proxy v3.5 Post-Quantum TLS,,,,,not_found,,,,,traefik-proxy-pqc,,
Trail of Bits ml-dsa,,,,,not_found,,,,,trailofbits-ml-dsa,,
Trend Micro Java Crypto Module,,,,,not_found,,,,,trend-micro-java-crypto-module,,
Trezor Safe 7 PQC,,,,,not_found,,,,,trezor-safe-7-pqc,,
TrustCloud Quantum Vault,,,,,not_found,,,,,trustcloud-quantum-vault,,
Trusty TEE,,,,,not_found,,,,,trusty-tee,,
tshark / Wireshark,,,,,not_found,,,,,wireshark-tshark,,
TUBITAK BILGEM PQC (Turkey),,,,,not_found,,,,,tubitak-bilgem-pqc-turkey,,
Turkcell Nokia Quantum-Safe IPsec,,,,,not_found,,,,,turkcell-nokia-quantum-safe-ipsec,,
Tuta Mail,,,,,not_found,,,,,tuta-mail,,
Tutus Farist IEG,,,,,not_found,,,,,tutus-farist-ieg,,
U-Boot,,,,,not_found,,,,,u-boot,,
Ubuntu 24.04 LTS,,,,,not_found,,,,,ubuntu-24-04-lts,,
Ubuntu 26.04 LTS,,,,,not_found,,,,,ubuntu-26-04-lts,,
Uni-sentry SecIP-PQCHSM Secure Hardware,,,,,not_found,,,,,Uni-sentry-SecIP-PQCHSM-Secure-Hardware,,
UniSentry SecIC-HSM PQC Crypto Module,,,,,not_found,,,,,unisentry-secic-hsm-pqc-crypto-module,,
Unisys ClearPath Forward,,,,,not_found,,,,,unisys-clearpath-forward,,
Utimaco ESKM,,,,,not_found,,,,,utimaco-eskm,,
Utimaco Quantum Protect (Stateful Hash-Based Signature Module),,,,,not_found,,,2026-09-24,"catalogue product ""Utimaco Quantum Protect (Stateful Hash-Based Signature Module)"" is deprecated",,,
Utimaco Quantum Protect Suite,,,,,not_found,,,2026-09-24,"catalogue product ""Utimaco Quantum Protect Suite"" is deprecated",,,
Utimaco SecurityServer,cpe:2.3:h:utimaco:securityserver_cse:-:*:*:*:*:*:*:*,utimaco,securityserver_cse,exact,matched,https://nvd.nist.gov/products/cpe/search#results?namingFormat=2.3&keyword=utimaco%20securityserver,2026-08-07,2026-09-24,"catalogue product ""Utimaco SecurityServer"" is deprecated",,,
Utimaco uTrust HSM,,,,,not_found,,,,,utimaco-utrust-hsm,,
VanDyke SecureCRT 10.x,,,,,not_found,,,,,vandyke-securecrt-10-x,,
Vector Informatik vSecPrim,,,,,not_found,,,,,Vector-Informatik-vSecPrim,,
Veeam Data Platform v13,,,,,not_found,,,,,veeam-data-platform-v13,,
Venafi CodeSign Protect,,,,,not_found,,,,,venafi-codesign-protect,,
Venafi TLS PQC Continuity,,,,,not_found,,,2026-09-24,"catalogue product ""Venafi TLS PQC Continuity"" is deprecated",,,
Venafi TLS Protect,,,,,not_found,,,,,venafi-tls-protect,,
Venafi Trust Protection Platform,,,,,not_found,,,,,venafi-trust-protection-platform,,
Veracode Platform,,,,,not_found,,,,,veracode-platform,,
VeraCrypt,cpe:2.3:a:veracrypt:veracrypt:1.14:*:*:*:*:*:*:*,veracrypt,veracrypt,exact,matched,https://nvd.nist.gov/products/cpe/search#results?namingFormat=2.3&keyword=veracrypt%20veracrypt,2026-08-07,,,veracrypt,,
Veritas NetBackup 10.5,,,,,not_found,,2026-04-01,2026-07-11,not in regen,veritas-netbackup-10-5,cpe_not_found_pending_nvd,'Veritas NetBackup 10.5' not yet indexed in NVD CPE dictionary. PQC-specific products are emerging; re-verify when NVD CPE 2.3 coverage expands. Consider submitting CPE request via https://nvd.nist.gov/products/cpe/request-cpe
Veritas NetBackup 11 PQC,,,,,not_found,,,,,veritas-netbackup-11-pqc,,
Versa Networks SASE PQC,,,,,not_found,,,,,versa-networks-sase-pqc,,
VIAVI Observer Analyzer,,,,,not_found,,,,,viavi-observer-analyzer,,
VIAVI TeraVM Security Test,,,,,not_found,,,,,viavi-teravm-security-test,,
Virtru Data Protection,,,,,not_found,,,,,virtru-data-protection,,
VMware Avi Load Balancer PQC,,,,,not_found,,,,,vmware-avi-load-balancer-pqc,,
VMware ESXi 9.0,,,,,not_found,,,,,vmware-esxi-9-0,,
VMware Horizon,cpe:2.3:a:vmware:horizon_view:6.2:*:*:*:*:*:*:*,vmware,horizon_view,exact,matched,https://nvd.nist.gov/products/cpe/search#results?namingFormat=2.3&keyword=vmware%20horizon,2026-08-07,,,vmware-horizon,,
VMware Workspace ONE,cpe:2.3:a:vmware:workspace_one:2.5.1:*:*:*:*:iphone_os:*:*,vmware,workspace_one,exact,matched,https://nvd.nist.gov/products/cpe/search#results?namingFormat=2.3&keyword=vmware%20workspace%20one,2026-08-07,,,vmware-workspace-one,,
Vodafone Quantum-Safe Network,,,,,not_found,,,,,vodafone-quantum-safe-network,,
Vox Messenger PQC,,,,,not_found,,,,,vox-messenger-pqc,,
Vultr Cloud GPU,,,,,not_found,,,,,vultr-cloud-gpu,,
walt.id,,,,,not_found,,,,,walt-id,,
WhatsApp,cpe:2.3:a:whatsapp:whatsapp:2.2.5:*:*:*:*:iphone_os:*:*,whatsapp,whatsapp,exact,matched,https://nvd.nist.gov/products/cpe/search#results?namingFormat=2.3&keyword=whatsapp%20whatsapp,2026-08-07,,,whatsapp,,
WildFly (JBoss),,,,,not_found,,,,,wildfly-jboss,,
Wind River VxWorks,cpe:2.3:o:windriver:vxworks:6.4:*:*:*:*:*:*:*,windriver,vxworks,exact,matched,https://nvd.nist.gov/products/cpe/search#results?namingFormat=2.3&keyword=wind%20river%20vxworks,2026-08-07,,,wind-river-vxworks,,
Windows 11,,,,,not_found,,,,,windows-11,,
Windows Server 2025,,,,,not_found,,,,,windows-server-2025,,
Windscribe,cpe:2.3:a:windscribe:windscribe:1.81:*:*:*:*:*:*:*,windscribe,windscribe,exact,matched,https://nvd.nist.gov/products/cpe/search#results?namingFormat=2.3&keyword=windscribe%20windscribe,2026-08-07,,,windscribe,,
WinSCP PQC File Transfer,,,,,not_found,,,,,winscp-pqc-file-transfer,,
Wire,,,,,not_found,,,,,wire,,
WireGuard,cpe:2.3:a:wireguard:wireguard:0.5.3:*:*:*:*:*:*:*,wireguard,wireguard,exact,matched,https://nvd.nist.gov/products/cpe/search#results?namingFormat=2.3&keyword=wireguard%20wireguard,2026-08-07,,,wireguard,,
wireguard-go,,,,,not_found,,,,,wireguard-go,,
WiSECURE CRYSTAL Library (ML-KEM and ML-DSA),,,,,not_found,,,,,wisecure-crystal-library-ml-kem-and-ml-dsa,,
WISeSat PQC Constellation,,,,,not_found,,,,,wisesat-pqc-constellation,,
Wiz Cloud Security PQC,,,,,not_found,,,,,wiz-cloud-security-pqc,,
wolfBoot,,,,,not_found,,,,,wolfboot,,
wolfCrypt Post Quantum,,,,,not_found,,,,,wolfcrypt-post-quantum,,
wolfSSH,cpe:2.3:a:wolfssh:wolfssh:1.4.7:*:*:*:*:*:*:*,wolfssh,wolfssh,exact,matched,https://nvd.nist.gov/products/cpe/search#results?namingFormat=2.3&keyword=wolfssh%20wolfssh,2026-08-07,,,wolfssh,,
wolfSSL,cpe:2.3:a:wolfssl:wolfssl:3.6.6:*:*:*:*:*:*:*,wolfssl,wolfssl,exact,matched,https://nvd.nist.gov/products/cpe/search#results?namingFormat=2.3&keyword=wolfssl%20wolfssl,2026-08-07,,,wolfssl,,
wolfTPM PQC,,,,,not_found,,,,,wolftpm-pqc,,
X-CUBE-PQC (STM32 Post-Quantum Cryptographic Library),,,,,not_found,,,,,x-cube-pqc-stm32-post-quantum-cryptographic-library,,
Xiphera PQC IP Cores,,,,,not_found,,,,,xiphera-pqc-ip-cores,,
Xiphera XIP6110B,,,,,not_found,,,,,xiphera-xip6110b,,
Xiphera XIP6220B,,,,,not_found,,,,,Xiphera-XIP6220B,,
Xiphera xQlave,,,,,not_found,,,,,xiphera-xqlave,,
XiPKI,,,,,not_found,,,,,xipki,,
xmss-reference,,,,,not_found,,,,,xmss-reference,,
Yubico YubiHSM 2,cpe:2.3:a:yubico:yubihsm-shell:2.0.0:*:*:*:*:*:*:*,yubico,yubihsm-shell,partial,partial,https://nvd.nist.gov/products/cpe/search#results?namingFormat=2.3&keyword=yubico%20yubihsm%202,2026-08-07,,,yubico-yubihsm-2,,
Zeek Network Analysis Framework,,,,,not_found,,,,,zeek-network-analysis-framework,,
ZeroTier Quantum,,,,,not_found,,,,,zerotier-quantum,,
Zerto 11.0,,,,,not_found,,,,,zerto-11-0,,
Zodia Custody,,,,,not_found,,,,,zodia-custody,,
Zoom Compliance 2026,,,,,not_found,,,,,,,
Zscaler Internet Access (ZIA) Post-Quantum TLS,,,,,not_found,,,,,zscaler-zia-pqc,,
Zscaler Zero Trust Exchange,,,,,not_found,,,,,zscaler-zero-trust-exchange,,
Zscaler ZTE,,,,,not_found,,,,,zscaler-zte,,
