role_id,variant_id,slot,slot_index,content,status,deprecated_at,deprecated_reason,last_reviewed,notes
ops,capacity,hero_eyebrow,,IT Ops · 12k certs · 4 HSM partitions · next renewal window in 90 days,active,,,2026-08-02,
ops,capacity,hero_badge_text,,"Americas · Energy & Utilities, Telecommunications",active,,,2026-08-02,
ops,capacity,hero_badge_tone,,sourced,active,,,2026-08-02,
ops,capacity,headline,,Size your fleet before renewal day.,active,,,2026-08-02,Was 'Will your HSMs survive the cutover?' until 2026-08-02 — an over-promise the tool cannot back up. See personaConfig.ts git history for the full rationale.
ops,capacity,sub,,"{Hsm_use_cases_count} enterprise workflows, sized side by side: RSA-3072 and ECDSA P-256 today against ML-DSA-44/65/87. Storage, bandwidth, and CPU cores per workflow, with a totals row.",active,,,2026-08-02,
ops,capacity,cta_primary_label,,Size my fleet,active,,,2026-08-02,
ops,capacity,cta_primary_href,,/playground/hsm-capacity,active,,,2026-08-02,"Was /playground/hsm (PKCS#11 workbench, sizes nothing) until 2026-08-02."
ops,capacity,cta_secondary_label,,Check your HSM vendor's roadmap,active,,,2026-08-02,
ops,capacity,cta_secondary_href,,/migrate?tab=roadmaps,active,,,2026-08-02,"Was 'Import my cert inventory', a capability that does not exist, until 2026-08-02."
ops,capacity,proof_chip,0,Sizing from real FIPS 203/204 key sizes,active,,,2026-08-02,
ops,capacity,proof_chip,1,Benchmarked through a real PKCS#11 engine,active,,,2026-08-02,
ops,capacity,proof_chip,2,CNSA 2.0 mandate dates built in,active,,,2026-08-02,
ops,capacity,side_card_title,,What changes on renewal day,active,,,2026-08-02,
ops,capacity,side_card_tone,,warn,active,,,2026-08-02,
ops,capacity,side_card_provenance,,sourced,active,,,2026-08-02,
ops,capacity,side_card_row_label,0,ML-DSA-65 signature,active,,,2026-08-02,
ops,capacity,side_card_row_value,0,{ml_dsa_65_signature_only},active,,,2026-08-02,
ops,capacity,side_card_row_label,1,ML-DSA-65 sign rate on today's HSM,active,,,2026-08-02,
ops,capacity,side_card_row_value,1,{ops_sidecard_throughput_row},active,,,2026-08-02,
ops,capacity,side_card_row_label,2,Per OCSP / CRL response,active,,,2026-08-02,
ops,capacity,side_card_row_value,2,{ops_sidecard_ocsp_row},active,,,2026-08-02,
ops,capacity,side_card_punchline,,Your next renewal window is your migration window.,active,,,2026-08-02,
ops,capacity,side_card_footnote,,"Real figures, not illustrative — the same defaults behind the HSM Capacity Calculator this page links to.",active,,,2026-08-02,
ops,capacity,grid_title,,What you walk out with,active,,,2026-08-02,
ops,capacity,grid_sub,,Real zones and artifacts for your fleet,active,,,2026-08-02,
ops,capacity,grid_card_title,0,A sizing verdict,active,,,2026-08-02,
ops,capacity,grid_card_body,0,"Per workflow: storage MB, aggregate network MB/s, CPU cores, and whether your fleet clears it — across the calculator's {hsm_use_cases_count} enterprise use cases.",active,,,2026-08-02,
ops,capacity,grid_card_title,1,Command Center · Run View,active,,,2026-08-02,
ops,capacity,grid_card_body,1,Opens on Migration with {artifacts:ops:mitigation+risk-management+migration+governance}. Mitigation gateways carry mandatory sunset dates per CSWP.39 §4.6.,active,,,2026-08-02,
ops,capacity,grid_card_title,2,A report built for the cutover,active,,,2026-08-02,
ops,capacity,grid_card_body,2,"Your report opens {report_sections:ops:open}, and hides {report_sections:ops:hidden} — the emphasis a cutover needs.",active,,,2026-08-02,
ops,capacity,track_title,,"Then, the background: {essentials_vs_full:ops}.",active,,,2026-08-02,
ops,capacity,track_chip,0,PQC 101,active,,,2026-08-02,
ops,capacity,track_chip,1,Ops quantum impact,active,,,2026-08-02,
ops,capacity,track_chip,2,TLS basics,active,,,2026-08-02,
ops,capacity,track_chip,3,VPN/SSH,active,,,2026-08-02,
ops,capacity,track_chip,4,PKI workshop,active,,,2026-08-02,
ops,capacity,track_chip,5,Crypto agility,active,,,2026-08-02,
ops,capacity,track_chip,6,Migration program,active,,,2026-08-02,
ops,capacity,track_chip,7,KMS,active,,,2026-08-02,
ops,capacity,track_chip,8,HSM,active,,,2026-08-02,
ops,capacity,capstone_chip_label,,capstone,active,,,2026-08-02,
executive,mandate,hero_eyebrow,,Illustrative — this user's inputs,active,,,2026-08-02,
executive,mandate,hero_badge_text,,Default: Americas · Finance & Banking — scenario shown: EU,active,,,2026-08-02,
executive,mandate,hero_badge_tone,,illustrative,active,,,2026-08-02,
executive,mandate,headline,,Answer the board in eleven minutes.,active,,,2026-08-02,
executive,mandate,sub,,"Eight questions about your estate. You get a defensible risk position, the regulatory dates that already bind you under NIS2 and DORA, and a board pack you can present on Thursday.",active,,,2026-08-02,
executive,mandate,cta_primary_label,,"Start — 8 questions, about 6 minutes",active,,,2026-08-02,
executive,mandate,cta_primary_href,,/assess,active,,,2026-08-02,
executive,mandate,cta_secondary_label,,See a finished example,active,,,2026-08-02,
executive,mandate,cta_secondary_href,,/report?example=1,active,,,2026-08-02,"Was bare /report until 2026-08-02 — empty state only offered the example to curious, so an executive following this CTA landed on ""No Report Yet""."
executive,mandate,proof_chip,0,Verified in your browser against NIST ACVP vectors,active,,,2026-08-02,
executive,mandate,proof_chip,1,"{library_active_count} sources, trust-tiered",active,,,2026-08-02,
executive,mandate,proof_chip,2,{regulatory_verified_phrase},active,,,2026-08-02,
executive,mandate,proof_chip,3,How we verify,active,,,2026-08-02,
executive,mandate,side_card_title,,Your exposure window,active,,,2026-08-02,
executive,mandate,side_card_tone,,bad,active,,,2026-08-02,
executive,mandate,side_card_provenance,,illustrative,active,,,2026-08-02,
executive,mandate,side_card_row_label,0,Data must stay secret,active,,,2026-08-02,
executive,mandate,side_card_row_value,0,{exec_secrecy_row},active,,,2026-08-02,"Derived from EXEC_EXPOSURE.secrecyYears — was a literal until 2026-08-02, sitting above a punchline that had drifted out of agreement with it."
executive,mandate,side_card_row_label,1,Your migration takes,active,,,2026-08-02,
executive,mandate,side_card_row_value,1,{exec_migration_row},active,,,2026-08-02,Derived from EXEC_EXPOSURE.migrationYears.
executive,mandate,side_card_row_label,2,Cryptanalytic quantum computer,active,,,2026-08-02,
executive,mandate,side_card_row_value,2,{exec_crqc_estimate_row},active,,,2026-08-02,"Derived from getCrqcConsensus() — the same single source every Q-Day figure on the Threats page uses. The old literal 2032 ±4 disagreed with it (consensus is 2033, window 2030-2036)."
executive,mandate,side_card_punchline,,{exec_mosca_punchline},active,,,2026-08-02,"Was ""You are four years short."" until 2026-08-02 — Mosca on this card's own three rows gives 11, not 4. Now computed from the rows so the conclusion cannot drift from its premises again."
executive,mandate,side_card_footnote,,{exec_mosca_footnote},active,,,2026-08-02,Derived — the old literal claimed a median across 4 expert surveys with an interquartile band; the real derivation is 6 tracked sources reduced by getCrqcConsensus().
executive,mandate,grid_title,,What you walk out with,active,,,2026-08-02,
executive,mandate,grid_sub,,Generated from your 8 answers,active,,,2026-08-02,
executive,mandate,grid_card_title,0,Risk position,active,,,2026-08-02,
executive,mandate,grid_card_body,0,"From {report_sections_named:riskScore+keyFindings+riskBreakdown} — three of the {report_section_total} report sections, all open by default for your role.",active,,,2026-08-02,
executive,mandate,grid_card_title,1,Two already bind you,active,,,2026-08-02,
executive,mandate,grid_card_body,1,NIS2 (since Oct 2024) · DORA (since Jan 2025) · National PQC roadmap due (Dec 2026) · High-risk systems migrated (Dec 2030),active,,,2026-08-02,"NIS2/DORA/roadmap dates intentionally NOT wired live — 3 of 4 dates aren't in a structured CSV field on their own record today. Separate task, decoupled from this migration."
executive,mandate,grid_card_title,2,Your board pack,active,,,2026-08-02,
executive,mandate,grid_card_body,2,The {artifacts_count:executive:governance} artifacts already featured in your Governance zone: {artifacts_commas:executive:governance}.,active,,,2026-08-02,
executive,mandate,track_title,,"Then, if you want the background: {essentials_vs_full:executive}.",active,,,2026-08-02,
executive,mandate,track_note,,"{Essentials_count:executive} essentials against the full {recommended_path_no_quiz_count:executive}-module, {estimated_minutes:executive}-minute path. The path already inserts real actions like {milestones_checkpoints:executive} right where they're relevant.",active,,,2026-08-02,
executive,mandate,track_chip,0,PQC 101,active,,,2026-08-02,
executive,mandate,track_chip,1,Quantum impact,active,,,2026-08-02,
executive,mandate,track_chip,2,Quantum threats,active,,,2026-08-02,
executive,mandate,track_chip,3,Risk management,active,,,2026-08-02,
executive,mandate,track_chip,4,Business case,active,,,2026-08-02,
executive,mandate,track_chip,5,Governance,active,,,2026-08-02,
executive,mandate,track_chip,6,Compliance strategy,active,,,2026-08-02,
executive,mandate,capstone_chip_label,,Board-Ready,active,,,2026-08-02,
developer,pilot,hero_eyebrow,,Developer · Node + Go services · TLS termination at the edge,active,,,2026-08-02,
developer,pilot,hero_badge_text,,Americas · Technology,active,,,2026-08-02,
developer,pilot,hero_badge_tone,,sourced,active,,,2026-08-02,
developer,pilot,headline,,Five minutes to a real ML-KEM handshake.,active,,,2026-08-02,
developer,pilot,sub,,"Not a diagram. Real WASM crypto in this tab, with the PKCS#11 call log open and a plain-English column beside it. Then we tell you what to change in your stack.",active,,,2026-08-02,
developer,pilot,cta_primary_label,,Run X25519MLKEM768 now,active,,,2026-08-02,
developer,pilot,cta_primary_href,,/playground/tls-simulator,active,,,2026-08-02,
developer,pilot,cta_secondary_label,,Compare against my stack,active,,,2026-08-02,
developer,pilot,cta_secondary_href,,/migrate,active,,,2026-08-02,
developer,pilot,proof_chip,0,Real liboqs + SoftHSMv3 in your browser,active,,,2026-08-02,
developer,pilot,proof_chip,1,Verified against NIST ACVP vectors,active,,,2026-08-02,
developer,pilot,proof_chip,2,"No signup, no key required",active,,,2026-08-02,
developer,pilot,side_card_title,,What this breaks in your code,active,,,2026-08-02,
developer,pilot,side_card_tone,,warn,active,,,2026-08-02,
developer,pilot,side_card_provenance,,sourced,active,,,2026-08-02,
developer,pilot,side_card_row_label,0,ML-DSA-65 public key,active,,,2026-08-02,
developer,pilot,side_card_row_value,0,{ml_dsa_65_public_key_row},active,,,2026-08-02,
developer,pilot,side_card_row_label,1,ML-DSA-65 signature,active,,,2026-08-02,
developer,pilot,side_card_row_value,1,{ml_dsa_65_signature_row},active,,,2026-08-02,
developer,pilot,side_card_row_label,2,Your VARCHAR(256) key column,active,,,2026-08-02,
developer,pilot,side_card_row_value,2,overflows,active,,,2026-08-02,
developer,pilot,side_card_punchline,,Your schema breaks before your crypto does.,active,,,2026-08-02,
developer,pilot,side_card_footnote,,"Real sizes, not illustrative — the second of the four anti-patterns the Crypto Agility module already teaches.",active,,,2026-08-02,
developer,pilot,grid_title,,What you walk out with,active,,,2026-08-02,
developer,pilot,grid_sub,,Real surfaces mapped to what you actually own,active,,,2026-08-02,
developer,pilot,grid_card_title,0,"Migrate, scoped to your layers",active,,,2026-08-02,
developer,pilot,grid_card_body,0,Your persona gives you {migrate_layers:developer} — the catalogue opens pre-filtered to the {migrate_layers_count:developer} you actually own.,active,,,2026-08-02,
developer,pilot,grid_card_title,1,Command Center · Implementation View,active,,,2026-08-02,
developer,pilot,grid_card_body,1,Opens on the Migration zone with {artifacts:developer:migration+mitigation+governance} featured.,active,,,2026-08-02,
developer,pilot,grid_card_title,2,A report that is finally yours,active,,,2026-08-02,
developer,pilot,grid_card_body,2,{developer_report_card_body},active,,,2026-08-02,
developer,pilot,track_title,,"Then, the background: {essentials_vs_full:developer}.",active,,,2026-08-02,
developer,pilot,track_chip,0,PQC 101,active,,,2026-08-02,
developer,pilot,track_chip,1,Dev quantum impact,active,,,2026-08-02,
developer,pilot,track_chip,2,PQC candidates,active,,,2026-08-02,
developer,pilot,track_chip,3,TLS basics,active,,,2026-08-02,
developer,pilot,track_chip,4,Hybrid crypto,active,,,2026-08-02,
developer,pilot,track_chip,5,Crypto agility,active,,,2026-08-02,
developer,pilot,track_chip,6,PKI workshop,active,,,2026-08-02,
developer,pilot,track_chip,7,Crypto dev APIs,active,,,2026-08-02,
developer,pilot,capstone_chip_label,,capstone,active,,,2026-08-02,
architect,controlplane,hero_eyebrow,,Security architect · Multi-region PKI · 40k certificates,active,,,2026-08-02,
architect,controlplane,hero_badge_text,,"Global · Technology, Telecommunications",active,,,2026-08-02,
architect,controlplane,hero_badge_tone,,sourced,active,,,2026-08-02,
architect,controlplane,headline,,Change one policy line. Watch the estate rekey.,active,,,2026-08-02,
architect,controlplane,sub,,"A KMIP 3.0 control plane and a real PKCS#11 HSM, both in this tab. Create keys by business label, flip Classical → Hybrid → Full PQC, and watch the same request get allowed, denied, or auto-rekeyed.",active,,,2026-08-02,
architect,controlplane,cta_primary_label,,Open the control plane,active,,,2026-08-02,
architect,controlplane,cta_primary_href,,/playground/cacp,active,,,2026-08-02,
architect,controlplane,cta_secondary_label,,See the {migration_estate_key_count}-key estate,active,,,2026-08-02,
architect,controlplane,cta_secondary_href,,/playground/cacp?plane=migration,active,,,2026-08-02,
architect,controlplane,proof_chip,0,"Real ML-KEM / ML-DSA / SLH-DSA, no server",active,,,2026-08-02,
architect,controlplane,proof_chip,1,KMIP 3.0 conformance corpus replays live,active,,,2026-08-02,
architect,controlplane,proof_chip,2,All 66 KMIP operations documented,active,,,2026-08-02,
architect,controlplane,side_card_title,,"Why agility, not just algorithms",active,,,2026-08-02,
architect,controlplane,side_card_tone,,info,active,,,2026-08-02,
architect,controlplane,side_card_provenance,,illustrative,active,,,2026-08-02,
architect,controlplane,side_card_row_label,0,Algorithms you will migrate to,active,,,2026-08-02,
architect,controlplane,side_card_row_value,0,3,active,,,2026-08-02,
architect,controlplane,side_card_row_label,1,Times you will migrate again,active,,,2026-08-02,
architect,controlplane,side_card_row_value,1,≥ 2,active,,,2026-08-02,
architect,controlplane,side_card_row_label,2,Cost of the second migration,active,,,2026-08-02,
architect,controlplane,side_card_row_value,2,near zero,active,,,2026-08-02,
architect,controlplane,side_card_punchline,,Agility is the deliverable. PQC is the first test of it.,active,,,2026-08-02,
architect,controlplane,grid_title,,What you walk out with,active,,,2026-08-02,
architect,controlplane,grid_sub,,Real artifacts from your zone configuration,active,,,2026-08-02,
architect,controlplane,grid_card_title,0,A rekey lineage,active,,,2026-08-02,
architect,controlplane,grid_card_body,0,"Old to new across the {migration_estate_key_count}-key business estate, per mode, with the KMIP log per key — from the CACP migration tab.",active,,,2026-08-02,
architect,controlplane,grid_card_title,1,Command Center · System View,active,,,2026-08-02,
architect,controlplane,grid_card_body,1,Governance zone featuring {artifacts:architect:governance}.,active,,,2026-08-02,
architect,controlplane,grid_card_title,2,Migration artifacts,active,,,2026-08-02,
architect,controlplane,grid_card_body,2,{artifacts:architect:migration} — the full migration set.,active,,,2026-08-02,
architect,controlplane,track_title,,"Then, the background: {essentials_vs_full:architect}.",active,,,2026-08-02,
architect,controlplane,track_chip,0,PQC 101,active,,,2026-08-02,
architect,controlplane,track_chip,1,Arch quantum impact,active,,,2026-08-02,
architect,controlplane,track_chip,2,PQC candidates,active,,,2026-08-02,
architect,controlplane,track_chip,3,Crypto agility,active,,,2026-08-02,
architect,controlplane,track_chip,4,Crypto mgmt modernization,active,,,2026-08-02,
architect,controlplane,track_chip,5,Hybrid crypto,active,,,2026-08-02,
architect,controlplane,track_chip,6,KMS,active,,,2026-08-02,
architect,controlplane,track_chip,7,HSM,active,,,2026-08-02,
architect,controlplane,track_chip,8,PKI workshop,active,,,2026-08-02,
architect,controlplane,capstone_chip_label,,capstone,active,,,2026-08-02,
researcher,provenance,hero_eyebrow,,Researcher · unfiltered corpus · strict chronological · no gating,active,,,2026-08-02,
researcher,provenance,hero_badge_text,,All regions · unfiltered,active,,,2026-08-02,
researcher,provenance,hero_badge_tone,,illustrative,active,,,2026-08-02,
researcher,provenance,headline,,Check our work.,active,,,2026-08-02,
researcher,provenance,sub,,"Every claim on this site carries a source tier, a verification date, and where one exists, the strongest published argument against it. Run the known-answer tests yourself in this tab.",active,,,2026-08-02,
researcher,provenance,cta_primary_label,,Open the evidence workspace,active,,,2026-08-02,
researcher,provenance,cta_primary_href,,/library,active,,,2026-08-02,
researcher,provenance,cta_secondary_label,,Run the ACVP vectors,active,,,2026-08-02,
researcher,provenance,cta_secondary_href,,/playground/hsm,active,,,2026-08-02,
researcher,provenance,proof_chip,0,"ACVP + KAT run locally, not asserted",active,,,2026-08-02,
researcher,provenance,proof_chip,1,Authoritative / High / Moderate / Low source tiers,active,,,2026-08-02,
researcher,provenance,proof_chip,2,Counter-claims dataset · CVE snapshots,active,,,2026-08-02,
researcher,provenance,proof_chip,3,Drift guards fail the build on silent data change,active,,,2026-08-02,
researcher,provenance,side_card_title,,Changed in your fields,active,,,2026-08-02,"ResearcherFieldWatchCard renders the ROWS live from the library corpus, but takes this title and the punchline/footnote/empty-state below from here. Was 'Changed in your fields since your last visit' until 2026-08-02: the card compared document publication dates against browsing time, so every field read 0 forever."
researcher,provenance,side_card_tone,,info,active,,,2026-08-02,
researcher,provenance,side_card_provenance,,illustrative,active,,,2026-08-02,
researcher,provenance,side_card_punchline,,Nothing in the fields you follow was retracted.,active,,,2026-08-02,"Shown when the retracted count is zero. Was 'Nothing you cited has been retracted.' until 2026-08-02 — the app has no per-user citation list, a gap the card's own footnote admitted in fine print while the headline asserted it anyway."
researcher,provenance,side_card_footnote,,Counts documents in the fields you follow that were updated or retracted in the 90 days before this release of the library.,active,,,2026-08-02,"Was developer methodology prose hardcoded in the component ('...not a per-user citation list (this app doesn't have one)') — invisible to CSV review, same defect class as the researcher track_note reworded below."
researcher,provenance,side_card_empty_state,,Pick a few fields to see what has moved in them lately.,active,,,2026-08-02,Shown before any field is followed.
researcher,provenance,grid_title,,What the workspace gives you,active,,,2026-08-02,
researcher,provenance,grid_sub,,"Instruments and evidence, every claim traceable to its source",active,,,2026-08-02,
researcher,provenance,grid_card_title,0,Provenance on every claim,active,,,2026-08-02,
researcher,provenance,grid_card_body,0,"Source tier, verification date, and the counter-claim where one is on file. Nothing in the Library or the Migrate catalogue is filtered out for this role — the corpus arrives whole, by design.",active,,,2026-08-02,
researcher,provenance,grid_card_title,1,Reproducible verification,active,,,2026-08-02,
researcher,provenance,grid_card_body,1,"ACVP vectors, KATs and the 25-check TCG V1.85 runner, all in your browser, log exportable.",active,,,2026-08-02,
researcher,provenance,grid_card_title,2,Command Center · Risk Analysis,active,,,2026-08-02,
researcher,provenance,grid_card_body,2,The one persona that opens on the risk-management zone: {artifacts:researcher:risk-management+governance} as citable evidence.,active,,,2026-08-02,
researcher,provenance,track_title,,"Learning path: available, never pushed.",active,,,2026-08-02,
researcher,provenance,track_note,,"This is a reference shelf, not a curriculum — browse at your own pace, nothing here is sequenced for you.",active,,,2026-08-02,"Reworded 2026-08-02: was 'For this persona it is a reference shelf, not a curriculum, and the UI should say so' — instruction TO A DEVELOPER about what the UI should do, shipped as visitor-facing copy."
researcher,provenance,track_chip,0,PQC 101,active,,,2026-08-02,
researcher,provenance,track_chip,1,Research quantum impact,active,,,2026-08-02,
researcher,provenance,track_chip,2,PQC candidates,active,,,2026-08-02,
researcher,provenance,track_chip,3,Entropy & randomness,active,,,2026-08-02,
researcher,provenance,track_chip,4,Hybrid crypto,active,,,2026-08-02,
researcher,provenance,track_chip,5,Crypto agility,active,,,2026-08-02,
researcher,provenance,track_chip,6,Standards bodies,active,,,2026-08-02,
researcher,provenance,track_chip,7,TLS basics,active,,,2026-08-02,
researcher,provenance,track_chip,8,PKI workshop,active,,,2026-08-02,
curious,break,hero_eyebrow,,No background needed · about 6 minutes · nothing to install,active,,,2026-08-02,
curious,break,hero_badge_text,,Americas · unfiltered,active,,,2026-08-02,
curious,break,hero_badge_tone,,illustrative,active,,,2026-08-02,
curious,break,headline,,"What actually breaks, and when.",active,,,2026-08-02,
curious,break,sub,,"The padlock in your browser relies on maths a quantum computer would undo. Watch it happen to a real connection in this tab, then decide how much further you want to go.",active,,,2026-08-02,
curious,break,cta_primary_label,,Show me,active,,,2026-08-02,
curious,break,cta_primary_href,,/playground/tls-simulator,active,,,2026-08-02,
curious,break,cta_secondary_label,,I have 30 seconds — the short version,active,,,2026-08-02,
curious,break,cta_secondary_href,,/timeline,active,,,2026-08-02,
curious,break,proof_chip,0,"Real cryptography, running here",active,,,2026-08-02,
curious,break,proof_chip,1,Plain English by default,active,,,2026-08-02,
curious,break,proof_chip,2,Every term explained on hover,active,,,2026-08-02,
curious,break,side_card_title,,The bit that surprises people,active,,,2026-08-02,
curious,break,side_card_tone,,bad,active,,,2026-08-02,
curious,break,side_card_provenance,,illustrative,active,,,2026-08-02,
curious,break,side_card_row_label,0,Encrypted data captured today,active,,,2026-08-02,
curious,break,side_card_row_value,0,still readable later,active,,,2026-08-02,
curious,break,side_card_row_label,1,If it must stay secret for,active,,,2026-08-02,
curious,break,side_card_row_value,1,12 years,active,,,2026-08-02,
curious,break,side_card_row_label,2,And the machine arrives in,active,,,2026-08-02,
curious,break,side_card_row_value,2,~2032,active,,,2026-08-02,
curious,break,side_card_punchline,,The deadline already passed for some data.,active,,,2026-08-02,
curious,break,side_card_footnote,,"Harvest now, decrypt later. That is the whole argument, and it is the one idea worth leaving with even if you read nothing else.",active,,,2026-08-02,
curious,break,grid_title,,Where you can go next,active,,,2026-08-02,
curious,break,grid_sub,,"Optional, none of it locked — all of it real",active,,,2026-08-02,
curious,break,grid_card_title,0,The short version,active,,,2026-08-02,
curious,break,grid_card_body,0,"{Essentials_count:curious} modules, {essentials_minutes:curious} minutes, plain language throughout. Milestones already sit in the path: {milestones_list:curious}.",active,,,2026-08-02,
curious,break,grid_card_title,1,A library worth browsing,active,,,2026-08-02,
curious,break,grid_card_body,1,A shortlist rather than the whole corpus: {library_categories:curious}. Everything else is still one click away.,active,,,2026-08-02,
curious,break,grid_card_title,2,A read on your own risk,active,,,2026-08-02,
curious,break,grid_card_body,2,Today the report hides {report_sections:curious:hidden} and caps actions at {recommended_actions_max:curious}. Here it explains rather than withholds.,active,,,2026-08-02,
curious,break,track_title,,"{Essentials_count:curious} modules, {essentials_minutes:curious} minutes — and yes, that is still a lot.",active,,,2026-08-02,
curious,break,track_note,,"Worth saying plainly: at {essentials_minutes:curious} minutes this is longer than the executive track ({essentials_minutes:executive} min), which is not what you would expect. Take it in pieces — your progress is saved between visits.",active,,,2026-08-02,
curious,break,track_chip,0,PQC 101,active,,,2026-08-02,
curious,break,track_chip,1,PQC candidates,active,,,2026-08-02,
curious,break,track_chip,2,Quantum threats,active,,,2026-08-02,
curious,break,track_chip,3,Risk basics,active,,,2026-08-02,
curious,break,track_chip,4,Compliance timelines,active,,,2026-08-02,
curious,break,track_chip,5,TLS basics,active,,,2026-08-02,
curious,break,capstone_chip_label,,Quantum-Native,active,,,2026-08-02,
executive,risk,hero_eyebrow,,Executive / GRC · risk position · the dates that already bind you,active,,,2026-08-02,
executive,risk,hero_badge_text,,Default: Americas · Finance & Banking — scenario shown: EU,active,,,2026-08-02,"Region/industry context — same for every variant of this role, it describes the visitor not the option."
executive,risk,hero_badge_tone,,illustrative,active,,,2026-08-02,
executive,risk,headline,,Know what you are actually exposed to.,active,,,2026-08-02,
executive,risk,sub,,"The same eight questions, scored. You get a risk position you can defend line by line, with each regulatory deadline attached to the finding it threatens rather than filed in an appendix.",active,,,2026-08-02,
executive,risk,cta_primary_label,,Score my exposure,active,,,2026-08-02,
executive,risk,cta_primary_href,,/assess,active,,,2026-08-02,
executive,risk,cta_secondary_label,,See a scored example,active,,,2026-08-02,
executive,risk,cta_secondary_href,,/report?example=1,active,,,2026-08-02,
executive,risk,proof_chip,0,"{library_active_count} sources, trust-tiered",active,,,2026-08-02,
executive,risk,proof_chip,1,{regulatory_verified_phrase},active,,,2026-08-02,
executive,risk,proof_chip,2,Organised around the NIST CSWP.39 zones,active,,,2026-08-02,
executive,risk,proof_chip,3,How we verify,active,,,2026-08-02,
executive,risk,side_card_title,,What the score is built from,active,,,2026-08-02,
executive,risk,side_card_tone,,warn,active,,,2026-08-02,
executive,risk,side_card_provenance,,illustrative,active,,,2026-08-02,
executive,risk,side_card_row_label,0,Questions you answer,active,,,2026-08-02,
executive,risk,side_card_row_value,0,8,active,,,2026-08-02,
executive,risk,side_card_row_label,1,Report sections generated,active,,,2026-08-02,
executive,risk,side_card_row_value,1,{report_section_total},active,,,2026-08-02,
executive,risk,side_card_row_label,2,Governance artifacts attached,active,,,2026-08-02,
executive,risk,side_card_row_value,2,{artifacts_count:executive:governance},active,,,2026-08-02,
executive,risk,side_card_punchline,,A number you can put in front of an auditor.,active,,,2026-08-02,
executive,risk,side_card_footnote,,"Illustrative until you answer the eight questions — the score, the sections and the artifacts are generated from your own answers, not from a sample estate.",active,,,2026-08-02,
executive,risk,grid_title,,What the score gives you,active,,,2026-08-02,
executive,risk,grid_sub,,Generated from your 8 answers,active,,,2026-08-02,
executive,risk,grid_card_title,0,A defensible number,active,,,2026-08-02,
executive,risk,grid_card_body,0,"From {report_sections_named:riskScore+keyFindings+riskBreakdown} — the three sections that carry the arithmetic, all open by default for your role.",active,,,2026-08-02,
executive,risk,grid_card_title,1,Deadlines attached to findings,active,,,2026-08-02,
executive,risk,grid_card_body,1,NIS2 (since Oct 2024) · DORA (since Jan 2025) · National PQC roadmap due (Dec 2026) · High-risk systems migrated (Dec 2030),active,,,2026-08-02,
executive,risk,grid_card_title,2,Command Center · Risk zone,active,,,2026-08-02,
executive,risk,grid_card_body,2,{artifacts:executive:risk-management+governance} — the evidence a risk committee asks for.,active,,,2026-08-02,
executive,risk,track_title,,"Then, if you want the background: {essentials_vs_full:executive}.",active,,,2026-08-02,
executive,roadmap,hero_eyebrow,,Executive / GRC · sequenced plan · owners · KPIs,active,,,2026-08-02,
executive,roadmap,hero_badge_text,,Default: Americas · Finance & Banking — scenario shown: EU,active,,,2026-08-02,"Region/industry context — same for every variant of this role, it describes the visitor not the option."
executive,roadmap,hero_badge_tone,,illustrative,active,,,2026-08-02,
executive,roadmap,headline,,Show a plan your regulator will accept.,active,,,2026-08-02,
executive,roadmap,sub,,"A sequenced roadmap with named owners, measurable KPIs and a policy draft — built from the same eight answers, so your plan and your risk position cannot quietly disagree.",active,,,2026-08-02,
executive,roadmap,cta_primary_label,,See a finished plan,active,,,2026-08-02,
executive,roadmap,cta_primary_href,,/report?example=1,active,,,2026-08-02,
executive,roadmap,cta_secondary_label,,Check the deadlines,active,,,2026-08-02,
executive,roadmap,cta_secondary_href,,/timeline,active,,,2026-08-02,
executive,roadmap,proof_chip,0,Deadlines derived from the published timeline,active,,,2026-08-02,
executive,roadmap,proof_chip,1,{regulatory_verified_phrase},active,,,2026-08-02,
executive,roadmap,proof_chip,2,Organised around the NIST CSWP.39 zones,active,,,2026-08-02,
executive,roadmap,proof_chip,3,How we verify,active,,,2026-08-02,
executive,roadmap,side_card_title,,What the plan contains,active,,,2026-08-02,
executive,roadmap,side_card_tone,,info,active,,,2026-08-02,
executive,roadmap,side_card_provenance,,illustrative,active,,,2026-08-02,
executive,roadmap,side_card_row_label,0,Governance artifacts,active,,,2026-08-02,
executive,roadmap,side_card_row_value,0,{artifacts_count:executive:governance},active,,,2026-08-02,
executive,roadmap,side_card_row_label,1,Report sections,active,,,2026-08-02,
executive,roadmap,side_card_row_value,1,{report_section_total},active,,,2026-08-02,
executive,roadmap,side_card_row_label,2,Modules on your path,active,,,2026-08-02,
executive,roadmap,side_card_row_value,2,{recommended_path_no_quiz_count:executive},active,,,2026-08-02,
executive,roadmap,side_card_punchline,,"A plan, not a slide.",active,,,2026-08-02,
executive,roadmap,side_card_footnote,,Illustrative until you answer the eight questions. The artifact and section counts are real — they are what this role's report and Command Center actually generate.,active,,,2026-08-02,
executive,roadmap,grid_title,,What you walk out with,active,,,2026-08-02,
executive,roadmap,grid_sub,,A plan someone can be held to,active,,,2026-08-02,
executive,roadmap,grid_card_title,0,"Owners, not intentions",active,,,2026-08-02,
executive,roadmap,grid_card_body,0,{artifacts:executive:governance} — each with a named owner rather than a department.,active,,,2026-08-02,
executive,roadmap,grid_card_title,1,Dates you did not invent,active,,,2026-08-02,
executive,roadmap,grid_card_body,1,"The migration deadlines already published for your region, not a schedule of our choosing.",active,,,2026-08-02,
executive,roadmap,grid_card_title,2,KPIs that survive contact,active,,,2026-08-02,
executive,roadmap,grid_card_body,2,From {report_sections_named:riskScore+riskBreakdown} — the two sections a steering committee will actually re-read.,active,,,2026-08-02,
executive,roadmap,track_title,,"Then, if you want the background: {essentials_vs_full:executive}.",active,,,2026-08-02,
developer,inventory,hero_eyebrow,,Developer / Engineer · CBOM before code changes,active,,,2026-08-02,
developer,inventory,hero_badge_text,,Americas · Technology,active,,,2026-08-02,"Region/industry context — same for every variant of this role, it describes the visitor not the option."
developer,inventory,hero_badge_tone,,sourced,active,,,2026-08-02,
developer,inventory,headline,,Find the crypto before you change it.,active,,,2026-08-02,
developer,inventory,sub,,"Most of your cryptography was chosen by a library default, not by you. A CBOM names what your services actually negotiate — start from the catalogue rather than from a grep.",active,,,2026-08-02,
developer,inventory,cta_primary_label,,Open the catalogue,active,,,2026-08-02,
developer,inventory,cta_primary_href,,/migrate,active,,,2026-08-02,
developer,inventory,cta_secondary_label,,Watch a handshake negotiate,active,,,2026-08-02,
developer,inventory,cta_secondary_href,,/playground/tls-simulator,active,,,2026-08-02,
developer,inventory,proof_chip,0,Real liboqs + SoftHSMv3 in your browser,active,,,2026-08-02,
developer,inventory,proof_chip,1,Catalogue entries are proof-gated,active,,,2026-08-02,
developer,inventory,proof_chip,2,"No signup, no key required",active,,,2026-08-02,
developer,inventory,side_card_title,,What a CBOM has to name,active,,,2026-08-02,
developer,inventory,side_card_tone,,info,active,,,2026-08-02,
developer,inventory,side_card_provenance,,illustrative,active,,,2026-08-02,
developer,inventory,side_card_row_label,0,Algorithms in use,active,,,2026-08-02,
developer,inventory,side_card_row_value,0,every suite you negotiate,active,,,2026-08-02,
developer,inventory,side_card_row_label,1,Where they came from,active,,,2026-08-02,
developer,inventory,side_card_row_value,1,"library defaults, not just your code",active,,,2026-08-02,
developer,inventory,side_card_row_label,2,What breaks first,active,,,2026-08-02,
developer,inventory,side_card_row_value,2,your longest-lived key,active,,,2026-08-02,
developer,inventory,side_card_punchline,,You cannot migrate what you have not named.,active,,,2026-08-02,
developer,inventory,side_card_footnote,,Illustrative framing. The catalogue's PQC-readiness data is real and proof-gated; what your own estate contains is something only your scan can answer.,active,,,2026-08-02,
developer,inventory,grid_title,,What you walk out with,active,,,2026-08-02,
developer,inventory,grid_sub,,An inventory you can act on,active,,,2026-08-02,
developer,inventory,grid_card_title,0,"Catalogue, scoped to your layers",active,,,2026-08-02,
developer,inventory,grid_card_body,0,Your persona gives you {migrate_layers:developer} — the catalogue opens pre-filtered to the layers you actually own.,active,,,2026-08-02,
developer,inventory,grid_card_title,1,"SBOM, then CBOM",active,,,2026-08-02,
developer,inventory,grid_card_body,1,The two modules that separate what you ship from what it negotiates. Both already sit on your learning path.,active,,,2026-08-02,
developer,inventory,grid_card_title,2,Command Center · Migration zone,active,,,2026-08-02,
developer,inventory,grid_card_body,2,{artifacts:developer:migration+mitigation} — the working set for a real inventory pass.,active,,,2026-08-02,
developer,inventory,track_title,,"Then, the background: {essentials_vs_full:developer}.",active,,,2026-08-02,
developer,sizing,hero_eyebrow,,"Developer / Engineer · sizes, budgets, and what overflows",active,,,2026-08-02,
developer,sizing,hero_badge_text,,Americas · Technology,active,,,2026-08-02,"Region/industry context — same for every variant of this role, it describes the visitor not the option."
developer,sizing,hero_badge_tone,,sourced,active,,,2026-08-02,
developer,sizing,headline,,The new sizes break your schema first.,active,,,2026-08-02,
developer,sizing,sub,,"An ML-DSA-65 signature is roughly fifty times an ECDSA one. Your token budget, your database column and your MTU all notice long before your cryptography does.",active,,,2026-08-02,
developer,sizing,cta_primary_label,,Size the impact,active,,,2026-08-02,
developer,sizing,cta_primary_href,,/playground/hsm-capacity,active,,,2026-08-02,
developer,sizing,cta_secondary_label,,Compare against my stack,active,,,2026-08-02,
developer,sizing,cta_secondary_href,,/migrate,active,,,2026-08-02,
developer,sizing,proof_chip,0,"Sizes from FIPS 203/204, not estimates",active,,,2026-08-02,
developer,sizing,proof_chip,1,Benchmarked through a real PKCS#11 engine,active,,,2026-08-02,
developer,sizing,proof_chip,2,"No signup, no key required",active,,,2026-08-02,
developer,sizing,side_card_title,,What the calculator tells you,active,,,2026-08-02,
developer,sizing,side_card_tone,,warn,active,,,2026-08-02,
developer,sizing,side_card_provenance,,sourced,active,,,2026-08-02,
developer,sizing,side_card_row_label,0,Enterprise workflows sized,active,,,2026-08-02,
developer,sizing,side_card_row_value,0,{hsm_use_cases_count},active,,,2026-08-02,
developer,sizing,side_card_row_label,1,ML-DSA-65 signature,active,,,2026-08-02,
developer,sizing,side_card_row_value,1,{ml_dsa_65_signature_only},active,,,2026-08-02,
developer,sizing,side_card_row_label,2,Sign rate on today's HSM,active,,,2026-08-02,
developer,sizing,side_card_row_value,2,{ops_sidecard_throughput_row},active,,,2026-08-02,
developer,sizing,side_card_punchline,,Budget the cores before you budget the migration.,active,,,2026-08-02,
developer,sizing,side_card_footnote,,"Real figures, not illustrative — the HSM Capacity Calculator's own defaults, the same ones behind the IT Ops board.",active,,,2026-08-02,
developer,sizing,grid_title,,What you walk out with,active,,,2026-08-02,
developer,sizing,grid_sub,,Numbers you can put in a ticket,active,,,2026-08-02,
developer,sizing,grid_card_title,0,Where the bytes land,active,,,2026-08-02,
developer,sizing,grid_card_body,0,"Token payloads, certificate chains and TLS records — the three places the new sizes show up in your service first.",active,,,2026-08-02,
developer,sizing,grid_card_title,1,A test you can re-run,active,,,2026-08-02,
developer,sizing,grid_card_body,1,"pqc-testing-validation and crypto-dev-apis are both on your path, and both are about proving the change rather than describing it.",active,,,2026-08-02,
developer,sizing,grid_card_title,2,A report that is finally yours,active,,,2026-08-02,
developer,sizing,grid_card_body,2,{developer_report_card_body},active,,,2026-08-02,
developer,sizing,track_title,,"Then, the background: {essentials_vs_full:developer}.",active,,,2026-08-02,
architect,inventory,hero_eyebrow,,Security Architect · as-is before to-be,active,,,2026-08-02,
architect,inventory,hero_badge_text,,"Global · Technology, Telecommunications",active,,,2026-08-02,"Region/industry context — same for every variant of this role, it describes the visitor not the option."
architect,inventory,hero_badge_tone,,sourced,active,,,2026-08-02,
architect,inventory,headline,,You cannot draw the to-be without the as-is.,active,,,2026-08-02,
architect,inventory,sub,,"Every library, HSM, protocol and CA in the estate, inventoried before the target architecture exists. A CBOM is what makes the diagram arguable rather than aspirational.",active,,,2026-08-02,
architect,inventory,cta_primary_label,,Open the catalogue,active,,,2026-08-02,
architect,inventory,cta_primary_href,,/migrate,active,,,2026-08-02,
architect,inventory,cta_secondary_label,,Open the control plane,active,,,2026-08-02,
architect,inventory,cta_secondary_href,,/playground/cacp,active,,,2026-08-02,
architect,inventory,proof_chip,0,Catalogue entries are proof-gated,active,,,2026-08-02,
architect,inventory,proof_chip,1,KMIP 3.0 conformance corpus replays live,active,,,2026-08-02,
architect,inventory,proof_chip,2,"Real ML-KEM / ML-DSA / SLH-DSA, no server",active,,,2026-08-02,
architect,inventory,side_card_title,,What the as-is must name,active,,,2026-08-02,
architect,inventory,side_card_tone,,info,active,,,2026-08-02,
architect,inventory,side_card_provenance,,illustrative,active,,,2026-08-02,
architect,inventory,side_card_row_label,0,Layers in the catalogue,active,,,2026-08-02,
architect,inventory,side_card_row_value,0,{migrate_layers_count:architect},active,,,2026-08-02,
architect,inventory,side_card_row_label,1,Agility tracked per,active,,,2026-08-02,
architect,inventory,side_card_row_value,1,"asset, not per algorithm",active,,,2026-08-02,
architect,inventory,side_card_row_label,2,Ownership recorded via,active,,,2026-08-02,
architect,inventory,side_card_row_value,2,RACI,active,,,2026-08-02,
architect,inventory,side_card_punchline,,"An inventory nobody owns is a document, not a control.",active,,,2026-08-02,
architect,inventory,side_card_footnote,,Illustrative framing. The catalogue's layer taxonomy and PQC-readiness data are real; the ownership model is the one this role's Command Center zone already assumes.,active,,,2026-08-02,
architect,inventory,grid_title,,What you walk out with,active,,,2026-08-02,
architect,inventory,grid_sub,,The artifacts a review board will ask for,active,,,2026-08-02,
architect,inventory,grid_card_title,0,A diagram with evidence under it,active,,,2026-08-02,
architect,inventory,grid_card_body,0,{artifacts:architect:governance} — the crypto architecture and the RACI that says who owns each box.,active,,,2026-08-02,
architect,inventory,grid_card_title,1,"SBOM, CBOM, registry",active,,,2026-08-02,
architect,inventory,grid_card_body,1,"Three modules on your path that together answer what we ship, what it negotiates, and what we have promised elsewhere.",active,,,2026-08-02,
architect,inventory,grid_card_title,2,Command Center · Governance zone,active,,,2026-08-02,
architect,inventory,grid_card_body,2,"Opens where the as-is and to-be actually get argued, not where they get filed.",active,,,2026-08-02,
architect,inventory,track_title,,"Then, the background: {essentials_vs_full:architect}.",active,,,2026-08-02,
architect,keystores,hero_eyebrow,,Security Architect · where the keys live,active,,,2026-08-02,
architect,keystores,hero_badge_text,,"Global · Technology, Telecommunications",active,,,2026-08-02,"Region/industry context — same for every variant of this role, it describes the visitor not the option."
architect,keystores,hero_badge_tone,,sourced,active,,,2026-08-02,
architect,keystores,headline,,Decide where the keys live.,active,,,2026-08-02,
architect,keystores,sub,,"HSM partitions, KMS policy and TPM-backed device identity all behave differently under ML-DSA. Size them before you commit to a date in someone else's plan.",active,,,2026-08-02,
architect,keystores,cta_primary_label,,Size the estate,active,,,2026-08-02,
architect,keystores,cta_primary_href,,/playground/hsm-capacity,active,,,2026-08-02,
architect,keystores,cta_secondary_label,,Open the PKCS#11 workbench,active,,,2026-08-02,
architect,keystores,cta_secondary_href,,/playground/hsm,active,,,2026-08-02,
architect,keystores,proof_chip,0,"Real PKCS#11 engine, in your browser",active,,,2026-08-02,
architect,keystores,proof_chip,1,Sizing from real FIPS 203/204 key sizes,active,,,2026-08-02,
architect,keystores,proof_chip,2,TPM 2.0 conformance checks run locally,active,,,2026-08-02,
architect,keystores,side_card_title,,What changes in the key store,active,,,2026-08-02,
architect,keystores,side_card_tone,,warn,active,,,2026-08-02,
architect,keystores,side_card_provenance,,sourced,active,,,2026-08-02,
architect,keystores,side_card_row_label,0,ML-DSA-65 signature,active,,,2026-08-02,
architect,keystores,side_card_row_value,0,{ml_dsa_65_signature_only},active,,,2026-08-02,
architect,keystores,side_card_row_label,1,Sign rate on today's HSM,active,,,2026-08-02,
architect,keystores,side_card_row_value,1,{ops_sidecard_throughput_row},active,,,2026-08-02,
architect,keystores,side_card_row_label,2,Keys in the sample estate,active,,,2026-08-02,
architect,keystores,side_card_row_value,2,{migration_estate_key_count},active,,,2026-08-02,
architect,keystores,side_card_punchline,,"Capacity is an architecture decision, not an ops surprise.",active,,,2026-08-02,
architect,keystores,side_card_footnote,,Real figures — the capacity calculator's own defaults and the migration estate this playground actually ships with.,active,,,2026-08-02,
architect,keystores,grid_title,,What you walk out with,active,,,2026-08-02,
architect,keystores,grid_sub,,Decisions with numbers attached,active,,,2026-08-02,
architect,keystores,grid_card_title,0,A partition plan,active,,,2026-08-02,
architect,keystores,grid_card_body,0,"{Hsm_use_cases_count} enterprise workflows sized side by side, so partition counts stop being a guess.",active,,,2026-08-02,
architect,keystores,grid_card_title,1,Policy that survives re-keying,active,,,2026-08-02,
architect,keystores,grid_card_body,1,hsm-pqc and kms-pqc are both on your path — the two modules about governing keys rather than generating them.,active,,,2026-08-02,
architect,keystores,grid_card_title,2,Command Center · Migration zone,active,,,2026-08-02,
architect,keystores,grid_card_body,2,{artifacts:architect:migration+risk-management} — where the estate plan and its risks sit together.,active,,,2026-08-02,
architect,keystores,track_title,,"Then, the background: {essentials_vs_full:architect}.",active,,,2026-08-02,
ops,cutover,hero_eyebrow,,IT Ops · rehearse before the change window,active,,,2026-08-02,
ops,cutover,hero_badge_text,,"Americas · Energy & Utilities, Telecommunications",active,,,2026-08-02,"Region/industry context — same for every variant of this role, it describes the visitor not the option."
ops,cutover,hero_badge_tone,,sourced,active,,,2026-08-02,
ops,cutover,headline,,Rehearse the cutover before renewal day.,active,,,2026-08-02,
ops,cutover,sub,,"Hybrid tunnels and hybrid certificates, end to end in this tab, so the first time you meet a fragmentation bug is not at 2am inside a change window.",active,,,2026-08-02,
ops,cutover,cta_primary_label,,Run a hybrid handshake,active,,,2026-08-02,
ops,cutover,cta_primary_href,,/playground/tls-simulator,active,,,2026-08-02,
ops,cutover,cta_secondary_label,,Size the fleet,active,,,2026-08-02,
ops,cutover,cta_secondary_href,,/playground/hsm-capacity,active,,,2026-08-02,
ops,cutover,proof_chip,0,"Real TLS 1.3 handshake, in your browser",active,,,2026-08-02,
ops,cutover,proof_chip,1,Hybrid groups X25519MLKEM768 and friends,active,,,2026-08-02,
ops,cutover,proof_chip,2,Log exportable,active,,,2026-08-02,
ops,cutover,side_card_title,,What the rehearsal covers,active,,,2026-08-02,
ops,cutover,side_card_tone,,info,active,,,2026-08-02,
ops,cutover,side_card_provenance,,illustrative,active,,,2026-08-02,
ops,cutover,side_card_row_label,0,Protocols exercised,active,,,2026-08-02,
ops,cutover,side_card_row_value,0,"TLS 1.3, IPsec, SSH",active,,,2026-08-02,
ops,cutover,side_card_row_label,1,What fails first,active,,,2026-08-02,
ops,cutover,side_card_row_value,1,MTU and fragmentation,active,,,2026-08-02,
ops,cutover,side_card_row_label,2,Rollback,active,,,2026-08-02,
ops,cutover,side_card_row_value,2,classical suites stay negotiable,active,,,2026-08-02,
ops,cutover,side_card_punchline,,"Find the fragmentation bug in a tab, not in a change window.",active,,,2026-08-02,
ops,cutover,side_card_footnote,,The handshakes are real; which of them your estate breaks on is not something we can know for you. Treat the failure order as a starting hypothesis.,active,,,2026-08-02,
ops,cutover,grid_title,,What you walk out with,active,,,2026-08-02,
ops,cutover,grid_sub,,A rehearsal you can repeat,active,,,2026-08-02,
ops,cutover,grid_card_title,0,A tested negotiation path,active,,,2026-08-02,
ops,cutover,grid_card_body,0,Hybrid key exchange proven end to end before it meets your load balancers.,active,,,2026-08-02,
ops,cutover,grid_card_title,1,"Two protocols, not one",active,,,2026-08-02,
ops,cutover,grid_card_body,1,vpn-ssh-pqc and tls-basics both sit on your path — the cutover rarely fails in the protocol you rehearsed.,active,,,2026-08-02,
ops,cutover,grid_card_title,2,Command Center · Run view,active,,,2026-08-02,
ops,cutover,grid_card_body,2,"{artifacts:ops:migration+mitigation} — the deployment playbook and the roadmap, together.",active,,,2026-08-02,
ops,cutover,track_title,,"Then, the background: {essentials_vs_full:ops}.",active,,,2026-08-02,
ops,suppliers,hero_eyebrow,,IT Ops · your renewals depend on their roadmaps,active,,,2026-08-02,
ops,suppliers,hero_badge_text,,"Americas · Energy & Utilities, Telecommunications",active,,,2026-08-02,"Region/industry context — same for every variant of this role, it describes the visitor not the option."
ops,suppliers,hero_badge_tone,,sourced,active,,,2026-08-02,
ops,suppliers,headline,,Your renewals commit you to someone else's timeline.,active,,,2026-08-02,
ops,suppliers,sub,,"Every certificate you renew this year ties you to a vendor's PQC schedule for its whole lifetime. Check theirs against yours before you sign, not after.",active,,,2026-08-02,
ops,suppliers,cta_primary_label,,Check vendor roadmaps,active,,,2026-08-02,
ops,suppliers,cta_primary_href,,/migrate?tab=roadmaps,active,,,2026-08-02,
ops,suppliers,cta_secondary_label,,Open the catalogue,active,,,2026-08-02,
ops,suppliers,cta_secondary_href,,/migrate,active,,,2026-08-02,
ops,suppliers,proof_chip,0,Vendor claims are proof-gated,active,,,2026-08-02,
ops,suppliers,proof_chip,1,CNSA 2.0 mandate dates built in,active,,,2026-08-02,
ops,suppliers,proof_chip,2,Every roadmap links to the vendor's own source,active,,,2026-08-02,
ops,suppliers,side_card_title,,What to ask a supplier,active,,,2026-08-02,
ops,suppliers,side_card_tone,,info,active,,,2026-08-02,
ops,suppliers,side_card_provenance,,illustrative,active,,,2026-08-02,
ops,suppliers,side_card_row_label,0,Named algorithms,active,,,2026-08-02,
ops,suppliers,side_card_row_value,0,not the words quantum-safe,active,,,2026-08-02,
ops,suppliers,side_card_row_label,1,A dated commitment,active,,,2026-08-02,
ops,suppliers,side_card_row_value,1,not on our roadmap,active,,,2026-08-02,
ops,suppliers,side_card_row_label,2,Evidence,active,,,2026-08-02,
ops,suppliers,side_card_row_value,2,a certificate or a published spec,active,,,2026-08-02,
ops,suppliers,side_card_punchline,,A roadmap without a date is a press release.,active,,,2026-08-02,
ops,suppliers,side_card_footnote,,"Illustrative checklist. The vendor data behind the catalogue is proof-gated — every claim there carries a link to the vendor's own published source, or it is not shown.",active,,,2026-08-02,
ops,suppliers,grid_title,,What you walk out with,active,,,2026-08-02,
ops,suppliers,grid_sub,,Questions with evidence behind them,active,,,2026-08-02,
ops,suppliers,grid_card_title,0,A supplier list with dates,active,,,2026-08-02,
ops,suppliers,grid_card_body,0,"Vendor roadmaps as published, not as summarised, so you can quote them back.",active,,,2026-08-02,
ops,suppliers,grid_card_title,1,"SBOM and registry, together",active,,,2026-08-02,
ops,suppliers,grid_card_body,1,"Both on your path — what you run, and what you have already told an auditor you run.",active,,,2026-08-02,
ops,suppliers,grid_card_title,2,Command Center · Governance zone,active,,,2026-08-02,
ops,suppliers,grid_card_body,2,{artifacts:ops:governance} — the supply-chain matrix and the audit checklist.,active,,,2026-08-02,
ops,suppliers,track_title,,"Then, the background: {essentials_vs_full:ops}.",active,,,2026-08-02,
researcher,reproduce,hero_eyebrow,,Researcher / Academic · run it yourself · export the log,active,,,2026-08-02,
researcher,reproduce,hero_badge_text,,All regions · unfiltered,active,,,2026-08-02,"Region/industry context — same for every variant of this role, it describes the visitor not the option."
researcher,reproduce,hero_badge_tone,,illustrative,active,,,2026-08-02,
researcher,reproduce,headline,,Run the tests yourself.,active,,,2026-08-02,
researcher,reproduce,sub,,"ACVP vectors, known-answer tests and the 25-check TCG V1.85 runner all execute locally in this tab. Export the log. Do not take our word for any of it.",active,,,2026-08-02,
researcher,reproduce,cta_primary_label,,Run the ACVP vectors,active,,,2026-08-02,
researcher,reproduce,cta_primary_href,,/playground/hsm,active,,,2026-08-02,
researcher,reproduce,cta_secondary_label,,Open the evidence workspace,active,,,2026-08-02,
researcher,reproduce,cta_secondary_href,,/library,active,,,2026-08-02,
researcher,reproduce,proof_chip,0,"ACVP + KAT run locally, not asserted",active,,,2026-08-02,
researcher,reproduce,proof_chip,1,Real liboqs + SoftHSMv3 compiled to WASM,active,,,2026-08-02,
researcher,reproduce,proof_chip,2,Log exportable,active,,,2026-08-02,
researcher,reproduce,proof_chip,3,Drift guards fail the build on silent data change,active,,,2026-08-02,
researcher,reproduce,side_card_title,,What you can reproduce here,active,,,2026-08-02,
researcher,reproduce,side_card_tone,,accent,active,,,2026-08-02,
researcher,reproduce,side_card_provenance,,sourced,active,,,2026-08-02,
researcher,reproduce,side_card_row_label,0,Hash-based signatures,active,,,2026-08-02,
researcher,reproduce,side_card_row_value,0,"SLH-DSA, XMSS, LMS",active,,,2026-08-02,
researcher,reproduce,side_card_row_label,1,Randomness,active,,,2026-08-02,
researcher,reproduce,side_card_row_value,1,entropy and DRBG tests,active,,,2026-08-02,
researcher,reproduce,side_card_row_label,2,Certificate structure,active,,,2026-08-02,
researcher,reproduce,side_card_row_value,2,Merkle inclusion proofs,active,,,2026-08-02,
researcher,reproduce,side_card_punchline,,Nothing here asks you to trust it.,active,,,2026-08-02,
researcher,reproduce,side_card_footnote,,The named workshops run real implementations locally — liboqs and SoftHSMv3 compiled to WebAssembly — not recorded output replayed back at you.,active,,,2026-08-02,
researcher,reproduce,grid_title,,What the workspace gives you,active,,,2026-08-02,
researcher,reproduce,grid_sub,,"Instruments, not assertions",active,,,2026-08-02,
researcher,reproduce,grid_card_title,0,"Vectors, not screenshots",active,,,2026-08-02,
researcher,reproduce,grid_card_body,0,"Known-answer tests against the published NIST vectors, executed in your browser and exportable as a log.",active,,,2026-08-02,
researcher,reproduce,grid_card_title,1,"The primitives, separately",active,,,2026-08-02,
researcher,reproduce,grid_card_body,1,slh-dsa and pqc-testing-validation are both on your path — the scheme and the discipline of proving it.,active,,,2026-08-02,
researcher,reproduce,grid_card_title,2,Command Center · Risk Analysis,active,,,2026-08-02,
researcher,reproduce,grid_card_body,2,{artifacts:researcher:risk-management+governance} as citable evidence.,active,,,2026-08-02,
researcher,reproduce,track_title,,"Learning path: available, never pushed.",active,,,2026-08-02,
researcher,reproduce,track_note,,"This is a reference shelf, not a curriculum — browse at your own pace, nothing here is sequenced for you.",active,,,2026-08-02,
researcher,threatmodel,hero_eyebrow,,"Researcher / Academic · the estimate, its sources, and its objections",active,,,2026-08-02,
researcher,threatmodel,hero_badge_text,,All regions · unfiltered,active,,,2026-08-02,"Region/industry context — same for every variant of this role, it describes the visitor not the option."
researcher,threatmodel,hero_badge_tone,,illustrative,active,,,2026-08-02,
researcher,threatmodel,headline,,Argue with the threat model.,active,,,2026-08-02,
researcher,threatmodel,sub,,"CRQC arrival is a distribution, not a date. The consensus window, every source behind it, and the strongest published objections are all on file and all dated.",active,,,2026-08-02,
researcher,threatmodel,cta_primary_label,,Open the evidence workspace,active,,,2026-08-02,
researcher,threatmodel,cta_primary_href,,/library,active,,,2026-08-02,
researcher,threatmodel,cta_secondary_label,,Check the deadlines,active,,,2026-08-02,
researcher,threatmodel,cta_secondary_href,,/timeline,active,,,2026-08-02,
researcher,threatmodel,proof_chip,0,Counter-claims dataset · CVE snapshots,active,,,2026-08-02,
researcher,threatmodel,proof_chip,1,Authoritative / High / Moderate / Low source tiers,active,,,2026-08-02,
researcher,threatmodel,proof_chip,2,"{library_active_count} sources, trust-tiered",active,,,2026-08-02,
researcher,threatmodel,proof_chip,3,Drift guards fail the build on silent data change,active,,,2026-08-02,
researcher,threatmodel,side_card_title,,The CRQC consensus,active,,,2026-08-02,
researcher,threatmodel,side_card_tone,,bad,active,,,2026-08-02,
researcher,threatmodel,side_card_provenance,,sourced,active,,,2026-08-02,
researcher,threatmodel,side_card_row_label,0,Consensus estimate,active,,,2026-08-02,
researcher,threatmodel,side_card_row_value,0,{exec_crqc_estimate_row},active,,,2026-08-02,
researcher,threatmodel,side_card_row_label,1,Data must stay secret,active,,,2026-08-02,
researcher,threatmodel,side_card_row_value,1,{exec_secrecy_row},active,,,2026-08-02,
researcher,threatmodel,side_card_row_label,2,A migration takes,active,,,2026-08-02,
researcher,threatmodel,side_card_row_value,2,{exec_migration_row},active,,,2026-08-02,
researcher,threatmodel,side_card_punchline,,{exec_mosca_punchline},active,,,2026-08-02,
researcher,threatmodel,side_card_footnote,,{exec_mosca_footnote},active,,,2026-08-02,
researcher,threatmodel,grid_title,,What the workspace gives you,active,,,2026-08-02,
researcher,threatmodel,grid_sub,,"The estimate and its dissent, side by side",active,,,2026-08-02,
researcher,threatmodel,grid_card_title,0,"Every source, tiered",active,,,2026-08-02,
researcher,threatmodel,grid_card_body,0,"The estimate is a median across tracked sources, each with its own date, tier and link — not a single headline number.",active,,,2026-08-02,
researcher,threatmodel,grid_card_title,1,The objections too,active,,,2026-08-02,
researcher,threatmodel,grid_card_body,1,"Where a published counter-claim exists it is on file against the claim it disputes, not omitted.",active,,,2026-08-02,
researcher,threatmodel,grid_card_title,2,Command Center · Risk Analysis,active,,,2026-08-02,
researcher,threatmodel,grid_card_body,2,{artifacts:researcher:risk-management+governance} as citable evidence.,active,,,2026-08-02,
researcher,threatmodel,track_title,,"Learning path: available, never pushed.",active,,,2026-08-02,
researcher,threatmodel,track_note,,"This is a reference shelf, not a curriculum — browse at your own pace, nothing here is sequenced for you.",active,,,2026-08-02,
curious,short,hero_eyebrow,,No background needed · about 30 seconds · nothing to install,active,,,2026-08-02,
curious,short,hero_badge_text,,Americas · unfiltered,active,,,2026-08-02,"Region/industry context — same for every variant of this role, it describes the visitor not the option."
curious,short,hero_badge_tone,,illustrative,active,,,2026-08-02,
curious,short,headline,,"Thirty seconds, then decide.",active,,,2026-08-02,
curious,short,sub,,"Someone can record encrypted traffic today and open it years later, once the right computer exists. That is the whole argument. Everything else is detail.",active,,,2026-08-02,
curious,short,cta_primary_label,,Show me the dates,active,,,2026-08-02,
curious,short,cta_primary_href,,/timeline,active,,,2026-08-02,
curious,short,cta_secondary_label,,Watch it break,active,,,2026-08-02,
curious,short,cta_secondary_href,,/playground/tls-simulator,active,,,2026-08-02,
curious,short,proof_chip,0,Plain English by default,active,,,2026-08-02,
curious,short,proof_chip,1,Every term explained on hover,active,,,2026-08-02,
curious,short,proof_chip,2,Nothing to install,active,,,2026-08-02,
curious,short,side_card_title,,The one idea,active,,,2026-08-02,
curious,short,side_card_tone,,bad,active,,,2026-08-02,
curious,short,side_card_provenance,,illustrative,active,,,2026-08-02,
curious,short,side_card_row_label,0,Recorded today,active,,,2026-08-02,
curious,short,side_card_row_value,0,opened later,active,,,2026-08-02,
curious,short,side_card_row_label,1,Nothing you do now,active,,,2026-08-02,
curious,short,side_card_row_value,1,un-records it,active,,,2026-08-02,
curious,short,side_card_row_label,2,So the fix,active,,,2026-08-02,
curious,short,side_card_row_value,2,change the lock before then,active,,,2026-08-02,
curious,short,side_card_punchline,,"Harvest now, decrypt later.",active,,,2026-08-02,
curious,short,side_card_footnote,,"An illustrative framing of the harvest-now-decrypt-later argument. The dates it depends on are on the timeline, with sources.",active,,,2026-08-02,
curious,short,grid_title,,Where you can go next,active,,,2026-08-02,
curious,short,grid_sub,,"Optional, none of it locked",active,,,2026-08-02,
curious,short,grid_card_title,0,The 6-minute version,active,,,2026-08-02,
curious,short,grid_card_body,0,"If thirty seconds landed, the short path is six modules of plain language and no jargon.",active,,,2026-08-02,
curious,short,grid_card_title,1,The dates,active,,,2026-08-02,
curious,short,grid_card_body,1,"When governments say the old locks stop being acceptable — published, not predicted.",active,,,2026-08-02,
curious,short,grid_card_title,2,The demo,active,,,2026-08-02,
curious,short,grid_card_body,2,"A real connection, broken in front of you, whenever you want it.",active,,,2026-08-02,
curious,short,track_title,,Start anywhere. Nothing is locked.,active,,,2026-08-02,
curious,short,track_note,,"Optional, none of it sequenced — pick what looks interesting and stop when you have had enough.",active,,,2026-08-02,
curious,mylife,hero_eyebrow,,No background needed · about 6 minutes · nothing to install,active,,,2026-08-02,
curious,mylife,hero_badge_text,,Americas · unfiltered,active,,,2026-08-02,"Region/industry context — same for every variant of this role, it describes the visitor not the option."
curious,mylife,hero_badge_tone,,illustrative,active,,,2026-08-02,
curious,mylife,headline,,Where this actually touches you.,active,,,2026-08-02,
curious,mylife,sub,,"Your card payments, the ID in your phone and your medical records all lean on the same maths. Here is what changes for each, and which one cannot wait.",active,,,2026-08-02,
curious,mylife,cta_primary_label,,Watch it break,active,,,2026-08-02,
curious,mylife,cta_primary_href,,/playground/tls-simulator,active,,,2026-08-02,
curious,mylife,cta_secondary_label,,Browse the library,active,,,2026-08-02,
curious,mylife,cta_secondary_href,,/library,active,,,2026-08-02,
curious,mylife,proof_chip,0,"Real cryptography, running here",active,,,2026-08-02,
curious,mylife,proof_chip,1,Plain English by default,active,,,2026-08-02,
curious,mylife,proof_chip,2,Every term explained on hover,active,,,2026-08-02,
curious,mylife,side_card_title,,Three things it touches,active,,,2026-08-02,
curious,mylife,side_card_tone,,info,active,,,2026-08-02,
curious,mylife,side_card_provenance,,illustrative,active,,,2026-08-02,
curious,mylife,side_card_row_label,0,Payments,active,,,2026-08-02,
curious,mylife,side_card_row_value,0,the card in your pocket,active,,,2026-08-02,
curious,mylife,side_card_row_label,1,Identity,active,,,2026-08-02,
curious,mylife,side_card_row_value,1,the ID in your phone,active,,,2026-08-02,
curious,mylife,side_card_row_label,2,Health records,active,,,2026-08-02,
curious,mylife,side_card_row_value,2,kept for decades,active,,,2026-08-02,
curious,mylife,side_card_punchline,,Long-lived data is the part that cannot wait.,active,,,2026-08-02,
curious,mylife,side_card_footnote,,Illustrative examples chosen because their data outlives the lock protecting it. The underlying standards for each are in the library.,active,,,2026-08-02,
curious,mylife,grid_title,,Where you can go next,active,,,2026-08-02,
curious,mylife,grid_sub,,"Three doors, all optional",active,,,2026-08-02,
curious,mylife,grid_card_title,0,Money,active,,,2026-08-02,
curious,mylife,grid_card_body,0,"How card payments and digital assets are protected, and what changes for them.",active,,,2026-08-02,
curious,mylife,grid_card_title,1,Identity,active,,,2026-08-02,
curious,mylife,grid_card_body,1,Digital ID is designed to last years — which is exactly what makes it interesting here.,active,,,2026-08-02,
curious,mylife,grid_card_title,2,Records,active,,,2026-08-02,
curious,mylife,grid_card_body,2,"Health data is kept for decades, so it is the clearest case of harvest now, decrypt later.",active,,,2026-08-02,
curious,mylife,track_title,,Start anywhere. Nothing is locked.,active,,,2026-08-02,
curious,mylife,track_note,,"Optional, none of it sequenced — pick what looks interesting and stop when you have had enough.",active,,,2026-08-02,
